ISO-10303-21;
HEADER;
FILE_DESCRIPTION(('Open CASCADE Model'),'2;1');
FILE_NAME('Open CASCADE Shape Model','2026-08-20T18:45:32',('Author'),(
    'Open CASCADE'),'Open CASCADE STEP processor 7.9','build123d',
  'Unknown');
FILE_SCHEMA(('AUTOMOTIVE_DESIGN { 1 0 10303 214 1 1 1 1 }'));
ENDSEC;
DATA;
#1 = APPLICATION_PROTOCOL_DEFINITION('international standard',
  'automotive_design',2000,#2);
#2 = APPLICATION_CONTEXT(
  'core data for automotive mechanical design processes');
#3 = SHAPE_DEFINITION_REPRESENTATION(#4,#10);
#4 = PRODUCT_DEFINITION_SHAPE('','',#5);
#5 = PRODUCT_DEFINITION('design','',#6,#9);
#6 = PRODUCT_DEFINITION_FORMATION('','',#7);
#7 = PRODUCT('COMPOUND','COMPOUND','',(#8));
#8 = PRODUCT_CONTEXT('',#2,'mechanical');
#9 = PRODUCT_DEFINITION_CONTEXT('part definition',#2,'design');
#10 = SHAPE_REPRESENTATION('',(#11,#15,#3679,#4121,#4563,#9578),#13412);
#11 = AXIS2_PLACEMENT_3D('',#12,#13,#14);
#12 = CARTESIAN_POINT('',(0.,0.,0.));
#13 = DIRECTION('',(0.,0.,1.));
#14 = DIRECTION('',(1.,0.,-0.));
#15 = MANIFOLD_SOLID_BREP('',#16);
#16 = CLOSED_SHELL('',(#17,#139,#402,#573,#679,#884,#1276,#1328,#1470,
    #1857,#1938,#2112,#2144,#2168,#2324,#2401,#2467,#2472,#2498,#2557,
    #2633,#2680,#2734,#2759,#2791,#2823,#2962,#3127,#3133,#3139,#3186,
    #3240,#3287,#3341,#3367,#3497,#3525,#3532,#3559,#3588,#3618,#3645,
    #3672));
#17 = ADVANCED_FACE('',(#18),#33,.T.);
#18 = FACE_BOUND('',#19,.T.);
#19 = EDGE_LOOP('',(#20,#56,#82,#115));
#20 = ORIENTED_EDGE('',*,*,#21,.T.);
#21 = EDGE_CURVE('',#22,#24,#26,.T.);
#22 = VERTEX_POINT('',#23);
#23 = CARTESIAN_POINT('',(-36.9506098468,-46.8,2.2));
#24 = VERTEX_POINT('',#25);
#25 = CARTESIAN_POINT('',(-41.07135955154,-46.74126217239,2.2));
#26 = SURFACE_CURVE('',#27,(#32,#44),.PCURVE_S1.);
#27 = CIRCLE('',#28,2.2);
#28 = AXIS2_PLACEMENT_3D('',#29,#30,#31);
#29 = CARTESIAN_POINT('',(-39.,-46.,2.2));
#30 = DIRECTION('',(-0.,0.,1.));
#31 = DIRECTION('',(0.931540978724,-0.363636363636,0.));
#32 = PCURVE('',#33,#38);
#33 = CYLINDRICAL_SURFACE('',#34,2.2);
#34 = AXIS2_PLACEMENT_3D('',#35,#36,#37);
#35 = CARTESIAN_POINT('',(-39.,-46.,2.2));
#36 = DIRECTION('',(0.,0.,1.));
#37 = DIRECTION('',(1.,0.,0.));
#38 = DEFINITIONAL_REPRESENTATION('',(#39),#43);
#39 = LINE('',#40,#41);
#40 = CARTESIAN_POINT('',(5.911016773219,0.));
#41 = VECTOR('',#42,1.);
#42 = DIRECTION('',(1.,0.));
#43 = ( GEOMETRIC_REPRESENTATION_CONTEXT(2) 
PARAMETRIC_REPRESENTATION_CONTEXT() REPRESENTATION_CONTEXT('2D SPACE',''
  ) );
#44 = PCURVE('',#45,#50);
#45 = PLANE('',#46);
#46 = AXIS2_PLACEMENT_3D('',#47,#48,#49);
#47 = CARTESIAN_POINT('',(-30.00000000738,-2.112720166888E-15,2.2));
#48 = DIRECTION('',(0.,0.,1.));
#49 = DIRECTION('',(1.,0.,0.));
#50 = DEFINITIONAL_REPRESENTATION('',(#51),#55);
#51 = CIRCLE('',#52,2.2);
#52 = AXIS2_PLACEMENT_2D('',#53,#54);
#53 = CARTESIAN_POINT('',(-8.999999992619,-46.));
#54 = DIRECTION('',(0.931540978724,-0.363636363636));
#55 = ( GEOMETRIC_REPRESENTATION_CONTEXT(2) 
PARAMETRIC_REPRESENTATION_CONTEXT() REPRESENTATION_CONTEXT('2D SPACE',''
  ) );
#56 = ORIENTED_EDGE('',*,*,#57,.F.);
#57 = EDGE_CURVE('',#58,#24,#60,.T.);
#58 = VERTEX_POINT('',#59);
#59 = CARTESIAN_POINT('',(-41.07135955154,-46.74126217239,5.2));
#60 = SURFACE_CURVE('',#61,(#65,#71),.PCURVE_S1.);
#61 = LINE('',#62,#63);
#62 = CARTESIAN_POINT('',(-41.07135955154,-46.74126217239,2.2));
#63 = VECTOR('',#64,1.);
#64 = DIRECTION('',(0.,0.,-1.));
#65 = PCURVE('',#33,#66);
#66 = DEFINITIONAL_REPRESENTATION('',(#67),#70);
#67 = B_SPLINE_CURVE_WITH_KNOTS('',1,(#68,#69),.UNSPECIFIED.,.F.,.F.,(2,
    2),(-3.,0.),.PIECEWISE_BEZIER_KNOTS.);
#68 = CARTESIAN_POINT('',(9.76844010431,3.));
#69 = CARTESIAN_POINT('',(9.76844010431,0.));
#70 = ( GEOMETRIC_REPRESENTATION_CONTEXT(2) 
PARAMETRIC_REPRESENTATION_CONTEXT() REPRESENTATION_CONTEXT('2D SPACE',''
  ) );
#71 = PCURVE('',#72,#77);
#72 = CYLINDRICAL_SURFACE('',#73,9.8);
#73 = AXIS2_PLACEMENT_3D('',#74,#75,#76);
#74 = CARTESIAN_POINT('',(-40.,-37.,2.2));
#75 = DIRECTION('',(0.,0.,-1.));
#76 = DIRECTION('',(-1.,0.,0.));
#77 = DEFINITIONAL_REPRESENTATION('',(#78),#81);
#78 = B_SPLINE_CURVE_WITH_KNOTS('',1,(#79,#80),.UNSPECIFIED.,.F.,.F.,(2,
    2),(-3.0000006,5.999999999062E-07),.PIECEWISE_BEZIER_KNOTS.);
#79 = CARTESIAN_POINT('',(4.821930322212,-3.0000006));
#80 = CARTESIAN_POINT('',(4.821930322212,5.999999999062E-07));
#81 = ( GEOMETRIC_REPRESENTATION_CONTEXT(2) 
PARAMETRIC_REPRESENTATION_CONTEXT() REPRESENTATION_CONTEXT('2D SPACE',''
  ) );
#82 = ORIENTED_EDGE('',*,*,#83,.T.);
#83 = EDGE_CURVE('',#58,#84,#86,.T.);
#84 = VERTEX_POINT('',#85);
#85 = CARTESIAN_POINT('',(-36.9506098468,-46.8,5.2));
#86 = SURFACE_CURVE('',#87,(#92,#99),.PCURVE_S1.);
#87 = CIRCLE('',#88,2.2);
#88 = AXIS2_PLACEMENT_3D('',#89,#90,#91);
#89 = CARTESIAN_POINT('',(-39.,-46.,5.2));
#90 = DIRECTION('',(-0.,0.,-1.));
#91 = DIRECTION('',(-0.941527068884,-0.336937351088,0.));
#92 = PCURVE('',#33,#93);
#93 = DEFINITIONAL_REPRESENTATION('',(#94),#98);
#94 = LINE('',#95,#96);
#95 = CARTESIAN_POINT('',(9.76844010431,3.));
#96 = VECTOR('',#97,1.);
#97 = DIRECTION('',(-1.,-0.));
#98 = ( GEOMETRIC_REPRESENTATION_CONTEXT(2) 
PARAMETRIC_REPRESENTATION_CONTEXT() REPRESENTATION_CONTEXT('2D SPACE',''
  ) );
#99 = PCURVE('',#100,#105);
#100 = PLANE('',#101);
#101 = AXIS2_PLACEMENT_3D('',#102,#103,#104);
#102 = CARTESIAN_POINT('',(-39.,-46.,5.2));
#103 = DIRECTION('',(0.,0.,1.));
#104 = DIRECTION('',(1.,0.,0.));
#105 = DEFINITIONAL_REPRESENTATION('',(#106),#114);
#106 = ( BOUNDED_CURVE() B_SPLINE_CURVE(2,(#107,#108,#109,#110,#111,#112
,#113),.UNSPECIFIED.,.T.,.F.) B_SPLINE_CURVE_WITH_KNOTS((1,2,2,2,2,1),(
    -2.094395102393,0.,2.094395102393,4.188790204786,6.28318530718,
8.377580409573),.UNSPECIFIED.) CURVE() GEOMETRIC_REPRESENTATION_ITEM() 
RATIONAL_B_SPLINE_CURVE((1.,0.5,1.,0.5,1.,0.5,1.)) REPRESENTATION_ITEM(
  '') );
#107 = CARTESIAN_POINT('',(-2.071359551545,-0.741262172394));
#108 = CARTESIAN_POINT('',(-3.35526329586,2.846437811626));
#109 = CARTESIAN_POINT('',(0.393727903615,2.164481078207));
#110 = CARTESIAN_POINT('',(4.142719103091,1.482524344788));
#111 = CARTESIAN_POINT('',(1.67763164793,-1.423218905813));
#112 = CARTESIAN_POINT('',(-0.78745580723,-4.328962156413));
#113 = CARTESIAN_POINT('',(-2.071359551545,-0.741262172394));
#114 = ( GEOMETRIC_REPRESENTATION_CONTEXT(2) 
PARAMETRIC_REPRESENTATION_CONTEXT() REPRESENTATION_CONTEXT('2D SPACE',''
  ) );
#115 = ORIENTED_EDGE('',*,*,#116,.F.);
#116 = EDGE_CURVE('',#22,#84,#117,.T.);
#117 = SURFACE_CURVE('',#118,(#122,#128),.PCURVE_S1.);
#118 = LINE('',#119,#120);
#119 = CARTESIAN_POINT('',(-36.9506098468,-46.8,2.2));
#120 = VECTOR('',#121,1.);
#121 = DIRECTION('',(0.,0.,1.));
#122 = PCURVE('',#33,#123);
#123 = DEFINITIONAL_REPRESENTATION('',(#124),#127);
#124 = B_SPLINE_CURVE_WITH_KNOTS('',1,(#125,#126),.UNSPECIFIED.,.F.,.F.,
  (2,2),(0.,3.),.PIECEWISE_BEZIER_KNOTS.);
#125 = CARTESIAN_POINT('',(5.911016773219,0.));
#126 = CARTESIAN_POINT('',(5.911016773219,3.));
#127 = ( GEOMETRIC_REPRESENTATION_CONTEXT(2) 
PARAMETRIC_REPRESENTATION_CONTEXT() REPRESENTATION_CONTEXT('2D SPACE',''
  ) );
#128 = PCURVE('',#129,#134);
#129 = PLANE('',#130);
#130 = AXIS2_PLACEMENT_3D('',#131,#132,#133);
#131 = CARTESIAN_POINT('',(-40.,-46.8,2.2));
#132 = DIRECTION('',(0.,1.,0.));
#133 = DIRECTION('',(1.,0.,0.));
#134 = DEFINITIONAL_REPRESENTATION('',(#135),#138);
#135 = B_SPLINE_CURVE_WITH_KNOTS('',1,(#136,#137),.UNSPECIFIED.,.F.,.F.,
  (2,2),(-5.999999999062E-07,3.0000006),.PIECEWISE_BEZIER_KNOTS.);
#136 = CARTESIAN_POINT('',(3.049390153192,5.999999999062E-07));
#137 = CARTESIAN_POINT('',(3.049390153192,-3.0000006));
#138 = ( GEOMETRIC_REPRESENTATION_CONTEXT(2) 
PARAMETRIC_REPRESENTATION_CONTEXT() REPRESENTATION_CONTEXT('2D SPACE',''
  ) );
#139 = ADVANCED_FACE('',(#140),#45,.T.);
#140 = FACE_BOUND('',#141,.T.);
#141 = EDGE_LOOP('',(#142,#170,#196,#197,#220,#253,#286,#312,#345,#371)
  );
#142 = ORIENTED_EDGE('',*,*,#143,.F.);
#143 = EDGE_CURVE('',#144,#146,#148,.T.);
#144 = VERTEX_POINT('',#145);
#145 = CARTESIAN_POINT('',(-49.39775380766,-39.77888887337,2.2));
#146 = VERTEX_POINT('',#147);
#147 = CARTESIAN_POINT('',(-47.18274579535,-39.77888887337,2.2));
#148 = SURFACE_CURVE('',#149,(#153,#159),.PCURVE_S1.);
#149 = LINE('',#150,#151);
#150 = CARTESIAN_POINT('',(-30.,-39.77888887337,2.2));
#151 = VECTOR('',#152,1.);
#152 = DIRECTION('',(1.,0.,0.));
#153 = PCURVE('',#45,#154);
#154 = DEFINITIONAL_REPRESENTATION('',(#155),#158);
#155 = B_SPLINE_CURVE_WITH_KNOTS('',1,(#156,#157),.UNSPECIFIED.,.F.,.F.,
  (2,2),(-23.76,23.76),.PIECEWISE_BEZIER_KNOTS.);
#156 = CARTESIAN_POINT('',(-23.75999999261,-39.77888887337));
#157 = CARTESIAN_POINT('',(23.760000007381,-39.77888887337));
#158 = ( GEOMETRIC_REPRESENTATION_CONTEXT(2) 
PARAMETRIC_REPRESENTATION_CONTEXT() REPRESENTATION_CONTEXT('2D SPACE',''
  ) );
#159 = PCURVE('',#160,#165);
#160 = CYLINDRICAL_SURFACE('',#161,40.);
#161 = AXIS2_PLACEMENT_3D('',#162,#163,#164);
#162 = CARTESIAN_POINT('',(-30.,0.,-2.));
#163 = DIRECTION('',(1.,0.,0.));
#164 = DIRECTION('',(0.,1.,0.));
#165 = DEFINITIONAL_REPRESENTATION('',(#166),#169);
#166 = B_SPLINE_CURVE_WITH_KNOTS('',1,(#167,#168),.UNSPECIFIED.,.F.,.F.,
  (2,2),(-23.76,23.76),.PIECEWISE_BEZIER_KNOTS.);
#167 = CARTESIAN_POINT('',(3.036398752549,-23.76));
#168 = CARTESIAN_POINT('',(3.036398752549,23.76));
#169 = ( GEOMETRIC_REPRESENTATION_CONTEXT(2) 
PARAMETRIC_REPRESENTATION_CONTEXT() REPRESENTATION_CONTEXT('2D SPACE',''
  ) );
#170 = ORIENTED_EDGE('',*,*,#171,.F.);
#171 = EDGE_CURVE('',#24,#144,#172,.T.);
#172 = SURFACE_CURVE('',#173,(#178,#189),.PCURVE_S1.);
#173 = CIRCLE('',#174,9.8);
#174 = AXIS2_PLACEMENT_3D('',#175,#176,#177);
#175 = CARTESIAN_POINT('',(-40.,-37.,2.2));
#176 = DIRECTION('',(0.,0.,-1.));
#177 = DIRECTION('',(-1.,0.,0.));
#178 = PCURVE('',#45,#179);
#179 = DEFINITIONAL_REPRESENTATION('',(#180),#188);
#180 = ( BOUNDED_CURVE() B_SPLINE_CURVE(2,(#181,#182,#183,#184,#185,#186
,#187),.UNSPECIFIED.,.T.,.F.) B_SPLINE_CURVE_WITH_KNOTS((1,2,2,2,2,1),(
    -2.094395102393,0.,2.094395102393,4.188790204786,6.28318530718,
8.377580409573),.UNSPECIFIED.) CURVE() GEOMETRIC_REPRESENTATION_ITEM() 
RATIONAL_B_SPLINE_CURVE((1.,0.5,1.,0.5,1.,0.5,1.)) REPRESENTATION_ITEM(
  '') );
#181 = CARTESIAN_POINT('',(-19.79999999261,-37.));
#182 = CARTESIAN_POINT('',(-19.79999999261,-20.02590208582));
#183 = CARTESIAN_POINT('',(-5.099999992619,-28.51295104291));
#184 = CARTESIAN_POINT('',(9.600000007381,-37.));
#185 = CARTESIAN_POINT('',(-5.099999992619,-45.48704895708));
#186 = CARTESIAN_POINT('',(-19.79999999261,-53.97409791417));
#187 = CARTESIAN_POINT('',(-19.79999999261,-37.));
#188 = ( GEOMETRIC_REPRESENTATION_CONTEXT(2) 
PARAMETRIC_REPRESENTATION_CONTEXT() REPRESENTATION_CONTEXT('2D SPACE',''
  ) );
#189 = PCURVE('',#72,#190);
#190 = DEFINITIONAL_REPRESENTATION('',(#191),#195);
#191 = LINE('',#192,#193);
#192 = CARTESIAN_POINT('',(0.,0.));
#193 = VECTOR('',#194,1.);
#194 = DIRECTION('',(1.,0.));
#195 = ( GEOMETRIC_REPRESENTATION_CONTEXT(2) 
PARAMETRIC_REPRESENTATION_CONTEXT() REPRESENTATION_CONTEXT('2D SPACE',''
  ) );
#196 = ORIENTED_EDGE('',*,*,#21,.F.);
#197 = ORIENTED_EDGE('',*,*,#198,.T.);
#198 = EDGE_CURVE('',#22,#199,#201,.T.);
#199 = VERTEX_POINT('',#200);
#200 = CARTESIAN_POINT('',(-23.04939015319,-46.8,2.2));
#201 = SURFACE_CURVE('',#202,(#206,#213),.PCURVE_S1.);
#202 = LINE('',#203,#204);
#203 = CARTESIAN_POINT('',(-30.,-46.8,2.2));
#204 = VECTOR('',#205,1.);
#205 = DIRECTION('',(1.,0.,0.));
#206 = PCURVE('',#45,#207);
#207 = DEFINITIONAL_REPRESENTATION('',(#208),#212);
#208 = LINE('',#209,#210);
#209 = CARTESIAN_POINT('',(7.381152447177E-09,-46.8));
#210 = VECTOR('',#211,1.);
#211 = DIRECTION('',(1.,0.));
#212 = ( GEOMETRIC_REPRESENTATION_CONTEXT(2) 
PARAMETRIC_REPRESENTATION_CONTEXT() REPRESENTATION_CONTEXT('2D SPACE',''
  ) );
#213 = PCURVE('',#129,#214);
#214 = DEFINITIONAL_REPRESENTATION('',(#215),#219);
#215 = LINE('',#216,#217);
#216 = CARTESIAN_POINT('',(10.,0.));
#217 = VECTOR('',#218,1.);
#218 = DIRECTION('',(1.,0.));
#219 = ( GEOMETRIC_REPRESENTATION_CONTEXT(2) 
PARAMETRIC_REPRESENTATION_CONTEXT() REPRESENTATION_CONTEXT('2D SPACE',''
  ) );
#220 = ORIENTED_EDGE('',*,*,#221,.T.);
#221 = EDGE_CURVE('',#199,#222,#224,.T.);
#222 = VERTEX_POINT('',#223);
#223 = CARTESIAN_POINT('',(-18.92864044696,-46.74126216822,2.2));
#224 = SURFACE_CURVE('',#225,(#230,#241),.PCURVE_S1.);
#225 = CIRCLE('',#226,2.2);
#226 = AXIS2_PLACEMENT_3D('',#227,#228,#229);
#227 = CARTESIAN_POINT('',(-21.,-46.,2.2));
#228 = DIRECTION('',(-0.,0.,-1.));
#229 = DIRECTION('',(-0.931540978724,-0.363636363636,0.));
#230 = PCURVE('',#45,#231);
#231 = DEFINITIONAL_REPRESENTATION('',(#232),#240);
#232 = ( BOUNDED_CURVE() B_SPLINE_CURVE(2,(#233,#234,#235,#236,#237,#238
,#239),.UNSPECIFIED.,.T.,.F.) B_SPLINE_CURVE_WITH_KNOTS((1,2,2,2,2,1),(
    -2.094395102393,0.,2.094395102393,4.188790204786,6.28318530718,
8.377580409573),.UNSPECIFIED.) CURVE() GEOMETRIC_REPRESENTATION_ITEM() 
RATIONAL_B_SPLINE_CURVE((1.,0.5,1.,0.5,1.,0.5,1.)) REPRESENTATION_ITEM(
  '') );
#233 = CARTESIAN_POINT('',(6.950609854189,-46.8));
#234 = CARTESIAN_POINT('',(5.564969208134,-43.25035213014));
#235 = CARTESIAN_POINT('',(9.33187476095,-43.82517606507));
#236 = CARTESIAN_POINT('',(13.098780313765,-44.4));
#237 = CARTESIAN_POINT('',(10.717515407005,-47.37482393493));
#238 = CARTESIAN_POINT('',(8.336250500244,-50.34964786986));
#239 = CARTESIAN_POINT('',(6.950609854189,-46.8));
#240 = ( GEOMETRIC_REPRESENTATION_CONTEXT(2) 
PARAMETRIC_REPRESENTATION_CONTEXT() REPRESENTATION_CONTEXT('2D SPACE',''
  ) );
#241 = PCURVE('',#242,#247);
#242 = CYLINDRICAL_SURFACE('',#243,2.2);
#243 = AXIS2_PLACEMENT_3D('',#244,#245,#246);
#244 = CARTESIAN_POINT('',(-21.,-46.,2.2));
#245 = DIRECTION('',(0.,0.,1.));
#246 = DIRECTION('',(1.,0.,0.));
#247 = DEFINITIONAL_REPRESENTATION('',(#248),#252);
#248 = LINE('',#249,#250);
#249 = CARTESIAN_POINT('',(9.79694649473,0.));
#250 = VECTOR('',#251,1.);
#251 = DIRECTION('',(-1.,-0.));
#252 = ( GEOMETRIC_REPRESENTATION_CONTEXT(2) 
PARAMETRIC_REPRESENTATION_CONTEXT() REPRESENTATION_CONTEXT('2D SPACE',''
  ) );
#253 = ORIENTED_EDGE('',*,*,#254,.F.);
#254 = EDGE_CURVE('',#255,#222,#257,.T.);
#255 = VERTEX_POINT('',#256);
#256 = CARTESIAN_POINT('',(-10.60224622875,-39.77888887337,2.2));
#257 = SURFACE_CURVE('',#258,(#263,#274),.PCURVE_S1.);
#258 = CIRCLE('',#259,9.8);
#259 = AXIS2_PLACEMENT_3D('',#260,#261,#262);
#260 = CARTESIAN_POINT('',(-20.00000003642,-37.,2.2));
#261 = DIRECTION('',(0.,0.,-1.));
#262 = DIRECTION('',(-1.,0.,0.));
#263 = PCURVE('',#45,#264);
#264 = DEFINITIONAL_REPRESENTATION('',(#265),#273);
#265 = ( BOUNDED_CURVE() B_SPLINE_CURVE(2,(#266,#267,#268,#269,#270,#271
,#272),.UNSPECIFIED.,.T.,.F.) B_SPLINE_CURVE_WITH_KNOTS((1,2,2,2,2,1),(
    -2.094395102393,0.,2.094395102393,4.188790204786,6.28318530718,
8.377580409573),.UNSPECIFIED.) CURVE() GEOMETRIC_REPRESENTATION_ITEM() 
RATIONAL_B_SPLINE_CURVE((1.,0.5,1.,0.5,1.,0.5,1.)) REPRESENTATION_ITEM(
  '') );
#266 = CARTESIAN_POINT('',(0.19999997096,-37.));
#267 = CARTESIAN_POINT('',(0.19999997096,-20.02590208582));
#268 = CARTESIAN_POINT('',(14.89999997096,-28.51295104291));
#269 = CARTESIAN_POINT('',(29.59999997096,-37.));
#270 = CARTESIAN_POINT('',(14.89999997096,-45.48704895708));
#271 = CARTESIAN_POINT('',(0.19999997096,-53.97409791417));
#272 = CARTESIAN_POINT('',(0.19999997096,-37.));
#273 = ( GEOMETRIC_REPRESENTATION_CONTEXT(2) 
PARAMETRIC_REPRESENTATION_CONTEXT() REPRESENTATION_CONTEXT('2D SPACE',''
  ) );
#274 = PCURVE('',#275,#280);
#275 = CYLINDRICAL_SURFACE('',#276,9.8);
#276 = AXIS2_PLACEMENT_3D('',#277,#278,#279);
#277 = CARTESIAN_POINT('',(-20.00000003642,-37.,2.2));
#278 = DIRECTION('',(0.,0.,-1.));
#279 = DIRECTION('',(-1.,0.,0.));
#280 = DEFINITIONAL_REPRESENTATION('',(#281),#285);
#281 = LINE('',#282,#283);
#282 = CARTESIAN_POINT('',(0.,0.));
#283 = VECTOR('',#284,1.);
#284 = DIRECTION('',(1.,0.));
#285 = ( GEOMETRIC_REPRESENTATION_CONTEXT(2) 
PARAMETRIC_REPRESENTATION_CONTEXT() REPRESENTATION_CONTEXT('2D SPACE',''
  ) );
#286 = ORIENTED_EDGE('',*,*,#287,.F.);
#287 = EDGE_CURVE('',#288,#255,#290,.T.);
#288 = VERTEX_POINT('',#289);
#289 = CARTESIAN_POINT('',(-12.81725420464,-39.77888887337,2.2));
#290 = SURFACE_CURVE('',#291,(#295,#301),.PCURVE_S1.);
#291 = LINE('',#292,#293);
#292 = CARTESIAN_POINT('',(-30.,-39.77888887337,2.2));
#293 = VECTOR('',#294,1.);
#294 = DIRECTION('',(1.,0.,0.));
#295 = PCURVE('',#45,#296);
#296 = DEFINITIONAL_REPRESENTATION('',(#297),#300);
#297 = B_SPLINE_CURVE_WITH_KNOTS('',1,(#298,#299),.UNSPECIFIED.,.F.,.F.,
  (2,2),(-23.76,23.76),.PIECEWISE_BEZIER_KNOTS.);
#298 = CARTESIAN_POINT('',(-23.75999999261,-39.77888887337));
#299 = CARTESIAN_POINT('',(23.760000007381,-39.77888887337));
#300 = ( GEOMETRIC_REPRESENTATION_CONTEXT(2) 
PARAMETRIC_REPRESENTATION_CONTEXT() REPRESENTATION_CONTEXT('2D SPACE',''
  ) );
#301 = PCURVE('',#302,#307);
#302 = CYLINDRICAL_SURFACE('',#303,40.);
#303 = AXIS2_PLACEMENT_3D('',#304,#305,#306);
#304 = CARTESIAN_POINT('',(-30.,0.,-2.));
#305 = DIRECTION('',(1.,0.,0.));
#306 = DIRECTION('',(0.,1.,0.));
#307 = DEFINITIONAL_REPRESENTATION('',(#308),#311);
#308 = B_SPLINE_CURVE_WITH_KNOTS('',1,(#309,#310),.UNSPECIFIED.,.F.,.F.,
  (2,2),(-23.76,23.76),.PIECEWISE_BEZIER_KNOTS.);
#309 = CARTESIAN_POINT('',(3.036398752549,-23.76));
#310 = CARTESIAN_POINT('',(3.036398752549,23.76));
#311 = ( GEOMETRIC_REPRESENTATION_CONTEXT(2) 
PARAMETRIC_REPRESENTATION_CONTEXT() REPRESENTATION_CONTEXT('2D SPACE',''
  ) );
#312 = ORIENTED_EDGE('',*,*,#313,.T.);
#313 = EDGE_CURVE('',#288,#314,#316,.T.);
#314 = VERTEX_POINT('',#315);
#315 = CARTESIAN_POINT('',(-15.18274579535,-39.77888887337,2.2));
#316 = SURFACE_CURVE('',#317,(#322,#333),.PCURVE_S1.);
#317 = CIRCLE('',#318,1.7);
#318 = AXIS2_PLACEMENT_3D('',#319,#320,#321);
#319 = CARTESIAN_POINT('',(-14.,-41.,2.2));
#320 = DIRECTION('',(0.,0.,-1.));
#321 = DIRECTION('',(0.695732820795,0.718300662723,0.));
#322 = PCURVE('',#45,#323);
#323 = DEFINITIONAL_REPRESENTATION('',(#324),#332);
#324 = ( BOUNDED_CURVE() B_SPLINE_CURVE(2,(#325,#326,#327,#328,#329,#330
,#331),.UNSPECIFIED.,.T.,.F.) B_SPLINE_CURVE_WITH_KNOTS((1,2,2,2,2,1),(
    -2.094395102393,0.,2.094395102393,4.188790204786,6.28318530718,
8.377580409573),.UNSPECIFIED.) CURVE() GEOMETRIC_REPRESENTATION_ITEM() 
RATIONAL_B_SPLINE_CURVE((1.,0.5,1.,0.5,1.,0.5,1.)) REPRESENTATION_ITEM(
  '') );
#325 = CARTESIAN_POINT('',(17.182745802733,-39.77888887337));
#326 = CARTESIAN_POINT('',(19.297772315742,-41.82746468335));
#327 = CARTESIAN_POINT('',(16.46614036621,-42.6348434683));
#328 = CARTESIAN_POINT('',(13.634508416677,-43.44222225325));
#329 = CARTESIAN_POINT('',(14.351113853201,-40.58626765832));
#330 = CARTESIAN_POINT('',(15.067719289724,-37.73031306338));
#331 = CARTESIAN_POINT('',(17.182745802733,-39.77888887337));
#332 = ( GEOMETRIC_REPRESENTATION_CONTEXT(2) 
PARAMETRIC_REPRESENTATION_CONTEXT() REPRESENTATION_CONTEXT('2D SPACE',''
  ) );
#333 = PCURVE('',#334,#339);
#334 = CYLINDRICAL_SURFACE('',#335,1.7);
#335 = AXIS2_PLACEMENT_3D('',#336,#337,#338);
#336 = CARTESIAN_POINT('',(-14.,-41.,4.2));
#337 = DIRECTION('',(0.,0.,-1.));
#338 = DIRECTION('',(-1.,0.,0.));
#339 = DEFINITIONAL_REPRESENTATION('',(#340),#344);
#340 = LINE('',#341,#342);
#341 = CARTESIAN_POINT('',(2.340235938762,2.));
#342 = VECTOR('',#343,1.);
#343 = DIRECTION('',(1.,0.));
#344 = ( GEOMETRIC_REPRESENTATION_CONTEXT(2) 
PARAMETRIC_REPRESENTATION_CONTEXT() REPRESENTATION_CONTEXT('2D SPACE',''
  ) );
#345 = ORIENTED_EDGE('',*,*,#346,.F.);
#346 = EDGE_CURVE('',#347,#314,#349,.T.);
#347 = VERTEX_POINT('',#348);
#348 = CARTESIAN_POINT('',(-44.81725420464,-39.77888887337,2.2));
#349 = SURFACE_CURVE('',#350,(#354,#360),.PCURVE_S1.);
#350 = LINE('',#351,#352);
#351 = CARTESIAN_POINT('',(-30.,-39.77888887337,2.2));
#352 = VECTOR('',#353,1.);
#353 = DIRECTION('',(1.,0.,0.));
#354 = PCURVE('',#45,#355);
#355 = DEFINITIONAL_REPRESENTATION('',(#356),#359);
#356 = B_SPLINE_CURVE_WITH_KNOTS('',1,(#357,#358),.UNSPECIFIED.,.F.,.F.,
  (2,2),(-23.76,23.76),.PIECEWISE_BEZIER_KNOTS.);
#357 = CARTESIAN_POINT('',(-23.75999999261,-39.77888887337));
#358 = CARTESIAN_POINT('',(23.760000007381,-39.77888887337));
#359 = ( GEOMETRIC_REPRESENTATION_CONTEXT(2) 
PARAMETRIC_REPRESENTATION_CONTEXT() REPRESENTATION_CONTEXT('2D SPACE',''
  ) );
#360 = PCURVE('',#361,#366);
#361 = CYLINDRICAL_SURFACE('',#362,40.);
#362 = AXIS2_PLACEMENT_3D('',#363,#364,#365);
#363 = CARTESIAN_POINT('',(-30.,0.,-2.));
#364 = DIRECTION('',(1.,0.,0.));
#365 = DIRECTION('',(0.,1.,0.));
#366 = DEFINITIONAL_REPRESENTATION('',(#367),#370);
#367 = B_SPLINE_CURVE_WITH_KNOTS('',1,(#368,#369),.UNSPECIFIED.,.F.,.F.,
  (2,2),(-23.76,23.76),.PIECEWISE_BEZIER_KNOTS.);
#368 = CARTESIAN_POINT('',(3.036398752549,-23.76));
#369 = CARTESIAN_POINT('',(3.036398752549,23.76));
#370 = ( GEOMETRIC_REPRESENTATION_CONTEXT(2) 
PARAMETRIC_REPRESENTATION_CONTEXT() REPRESENTATION_CONTEXT('2D SPACE',''
  ) );
#371 = ORIENTED_EDGE('',*,*,#372,.T.);
#372 = EDGE_CURVE('',#347,#146,#373,.T.);
#373 = SURFACE_CURVE('',#374,(#379,#390),.PCURVE_S1.);
#374 = CIRCLE('',#375,1.7);
#375 = AXIS2_PLACEMENT_3D('',#376,#377,#378);
#376 = CARTESIAN_POINT('',(-46.,-41.,2.2));
#377 = DIRECTION('',(0.,0.,-1.));
#378 = DIRECTION('',(0.695732820795,0.718300662723,0.));
#379 = PCURVE('',#45,#380);
#380 = DEFINITIONAL_REPRESENTATION('',(#381),#389);
#381 = ( BOUNDED_CURVE() B_SPLINE_CURVE(2,(#382,#383,#384,#385,#386,#387
,#388),.UNSPECIFIED.,.T.,.F.) B_SPLINE_CURVE_WITH_KNOTS((1,2,2,2,2,1),(
    -2.094395102393,0.,2.094395102393,4.188790204786,6.28318530718,
8.377580409573),.UNSPECIFIED.) CURVE() GEOMETRIC_REPRESENTATION_ITEM() 
RATIONAL_B_SPLINE_CURVE((1.,0.5,1.,0.5,1.,0.5,1.)) REPRESENTATION_ITEM(
  '') );
#382 = CARTESIAN_POINT('',(-14.81725419726,-39.77888887337));
#383 = CARTESIAN_POINT('',(-12.70222768425,-41.82746468335));
#384 = CARTESIAN_POINT('',(-15.53385963379,-42.6348434683));
#385 = CARTESIAN_POINT('',(-18.36549158332,-43.44222225325));
#386 = CARTESIAN_POINT('',(-17.64888614679,-40.58626765832));
#387 = CARTESIAN_POINT('',(-16.93228071027,-37.73031306338));
#388 = CARTESIAN_POINT('',(-14.81725419726,-39.77888887337));
#389 = ( GEOMETRIC_REPRESENTATION_CONTEXT(2) 
PARAMETRIC_REPRESENTATION_CONTEXT() REPRESENTATION_CONTEXT('2D SPACE',''
  ) );
#390 = PCURVE('',#391,#396);
#391 = CYLINDRICAL_SURFACE('',#392,1.7);
#392 = AXIS2_PLACEMENT_3D('',#393,#394,#395);
#393 = CARTESIAN_POINT('',(-46.,-41.,4.2));
#394 = DIRECTION('',(0.,0.,-1.));
#395 = DIRECTION('',(-1.,0.,0.));
#396 = DEFINITIONAL_REPRESENTATION('',(#397),#401);
#397 = LINE('',#398,#399);
#398 = CARTESIAN_POINT('',(2.340235938762,2.));
#399 = VECTOR('',#400,1.);
#400 = DIRECTION('',(1.,0.));
#401 = ( GEOMETRIC_REPRESENTATION_CONTEXT(2) 
PARAMETRIC_REPRESENTATION_CONTEXT() REPRESENTATION_CONTEXT('2D SPACE',''
  ) );
#402 = ADVANCED_FACE('',(#403),#72,.F.);
#403 = FACE_BOUND('',#404,.F.);
#404 = EDGE_LOOP('',(#405,#406,#407,#435,#458,#491,#519));
#405 = ORIENTED_EDGE('',*,*,#171,.F.);
#406 = ORIENTED_EDGE('',*,*,#57,.F.);
#407 = ORIENTED_EDGE('',*,*,#408,.F.);
#408 = EDGE_CURVE('',#409,#58,#411,.T.);
#409 = VERTEX_POINT('',#410);
#410 = CARTESIAN_POINT('',(-40.,-46.8,5.2));
#411 = SURFACE_CURVE('',#412,(#417,#424),.PCURVE_S1.);
#412 = CIRCLE('',#413,9.8);
#413 = AXIS2_PLACEMENT_3D('',#414,#415,#416);
#414 = CARTESIAN_POINT('',(-40.,-37.,5.2));
#415 = DIRECTION('',(0.,0.,-1.));
#416 = DIRECTION('',(-1.,0.,0.));
#417 = PCURVE('',#72,#418);
#418 = DEFINITIONAL_REPRESENTATION('',(#419),#423);
#419 = LINE('',#420,#421);
#420 = CARTESIAN_POINT('',(0.,-3.));
#421 = VECTOR('',#422,1.);
#422 = DIRECTION('',(1.,0.));
#423 = ( GEOMETRIC_REPRESENTATION_CONTEXT(2) 
PARAMETRIC_REPRESENTATION_CONTEXT() REPRESENTATION_CONTEXT('2D SPACE',''
  ) );
#424 = PCURVE('',#100,#425);
#425 = DEFINITIONAL_REPRESENTATION('',(#426),#434);
#426 = ( BOUNDED_CURVE() B_SPLINE_CURVE(2,(#427,#428,#429,#430,#431,#432
,#433),.UNSPECIFIED.,.T.,.F.) B_SPLINE_CURVE_WITH_KNOTS((1,2,2,2,2,1),(
    -2.094395102393,0.,2.094395102393,4.188790204786,6.28318530718,
8.377580409573),.UNSPECIFIED.) CURVE() GEOMETRIC_REPRESENTATION_ITEM() 
RATIONAL_B_SPLINE_CURVE((1.,0.5,1.,0.5,1.,0.5,1.)) REPRESENTATION_ITEM(
  '') );
#427 = CARTESIAN_POINT('',(-10.8,9.));
#428 = CARTESIAN_POINT('',(-10.8,25.974097914175));
#429 = CARTESIAN_POINT('',(3.9,17.487048957088));
#430 = CARTESIAN_POINT('',(18.6,9.));
#431 = CARTESIAN_POINT('',(3.9,0.512951042913));
#432 = CARTESIAN_POINT('',(-10.8,-7.974097914175));
#433 = CARTESIAN_POINT('',(-10.8,9.));
#434 = ( GEOMETRIC_REPRESENTATION_CONTEXT(2) 
PARAMETRIC_REPRESENTATION_CONTEXT() REPRESENTATION_CONTEXT('2D SPACE',''
  ) );
#435 = ORIENTED_EDGE('',*,*,#436,.T.);
#436 = EDGE_CURVE('',#409,#437,#439,.T.);
#437 = VERTEX_POINT('',#438);
#438 = CARTESIAN_POINT('',(-40.,-46.8,21.));
#439 = SURFACE_CURVE('',#440,(#444,#451),.PCURVE_S1.);
#440 = LINE('',#441,#442);
#441 = CARTESIAN_POINT('',(-40.,-46.8,2.2));
#442 = VECTOR('',#443,1.);
#443 = DIRECTION('',(0.,0.,1.));
#444 = PCURVE('',#72,#445);
#445 = DEFINITIONAL_REPRESENTATION('',(#446),#450);
#446 = LINE('',#447,#448);
#447 = CARTESIAN_POINT('',(4.712388980385,0.));
#448 = VECTOR('',#449,1.);
#449 = DIRECTION('',(0.,-1.));
#450 = ( GEOMETRIC_REPRESENTATION_CONTEXT(2) 
PARAMETRIC_REPRESENTATION_CONTEXT() REPRESENTATION_CONTEXT('2D SPACE',''
  ) );
#451 = PCURVE('',#129,#452);
#452 = DEFINITIONAL_REPRESENTATION('',(#453),#457);
#453 = LINE('',#454,#455);
#454 = CARTESIAN_POINT('',(1.7763568394E-15,0.));
#455 = VECTOR('',#456,1.);
#456 = DIRECTION('',(0.,-1.));
#457 = ( GEOMETRIC_REPRESENTATION_CONTEXT(2) 
PARAMETRIC_REPRESENTATION_CONTEXT() REPRESENTATION_CONTEXT('2D SPACE',''
  ) );
#458 = ORIENTED_EDGE('',*,*,#459,.T.);
#459 = EDGE_CURVE('',#437,#460,#462,.T.);
#460 = VERTEX_POINT('',#461);
#461 = CARTESIAN_POINT('',(-49.8,-37.,21.));
#462 = SURFACE_CURVE('',#463,(#468,#475),.PCURVE_S1.);
#463 = CIRCLE('',#464,9.8);
#464 = AXIS2_PLACEMENT_3D('',#465,#466,#467);
#465 = CARTESIAN_POINT('',(-40.,-37.,21.));
#466 = DIRECTION('',(0.,0.,-1.));
#467 = DIRECTION('',(-1.,0.,0.));
#468 = PCURVE('',#72,#469);
#469 = DEFINITIONAL_REPRESENTATION('',(#470),#474);
#470 = LINE('',#471,#472);
#471 = CARTESIAN_POINT('',(0.,-18.8));
#472 = VECTOR('',#473,1.);
#473 = DIRECTION('',(1.,0.));
#474 = ( GEOMETRIC_REPRESENTATION_CONTEXT(2) 
PARAMETRIC_REPRESENTATION_CONTEXT() REPRESENTATION_CONTEXT('2D SPACE',''
  ) );
#475 = PCURVE('',#476,#481);
#476 = PLANE('',#477);
#477 = AXIS2_PLACEMENT_3D('',#478,#479,#480);
#478 = CARTESIAN_POINT('',(-30.00000000547,-1.73210767953E-15,21.));
#479 = DIRECTION('',(0.,0.,1.));
#480 = DIRECTION('',(1.,0.,0.));
#481 = DEFINITIONAL_REPRESENTATION('',(#482),#490);
#482 = ( BOUNDED_CURVE() B_SPLINE_CURVE(2,(#483,#484,#485,#486,#487,#488
,#489),.UNSPECIFIED.,.T.,.F.) B_SPLINE_CURVE_WITH_KNOTS((1,2,2,2,2,1),(
    -2.094395102393,0.,2.094395102393,4.188790204786,6.28318530718,
8.377580409573),.UNSPECIFIED.) CURVE() GEOMETRIC_REPRESENTATION_ITEM() 
RATIONAL_B_SPLINE_CURVE((1.,0.5,1.,0.5,1.,0.5,1.)) REPRESENTATION_ITEM(
  '') );
#483 = CARTESIAN_POINT('',(-19.79999999452,-37.));
#484 = CARTESIAN_POINT('',(-19.79999999452,-20.02590208582));
#485 = CARTESIAN_POINT('',(-5.099999994525,-28.51295104291));
#486 = CARTESIAN_POINT('',(9.600000005475,-37.));
#487 = CARTESIAN_POINT('',(-5.099999994525,-45.48704895708));
#488 = CARTESIAN_POINT('',(-19.79999999452,-53.97409791417));
#489 = CARTESIAN_POINT('',(-19.79999999452,-37.));
#490 = ( GEOMETRIC_REPRESENTATION_CONTEXT(2) 
PARAMETRIC_REPRESENTATION_CONTEXT() REPRESENTATION_CONTEXT('2D SPACE',''
  ) );
#491 = ORIENTED_EDGE('',*,*,#492,.F.);
#492 = EDGE_CURVE('',#493,#460,#495,.T.);
#493 = VERTEX_POINT('',#494);
#494 = CARTESIAN_POINT('',(-49.8,-37.,13.198684153571));
#495 = SURFACE_CURVE('',#496,(#500,#507),.PCURVE_S1.);
#496 = LINE('',#497,#498);
#497 = CARTESIAN_POINT('',(-49.8,-37.,2.2));
#498 = VECTOR('',#499,1.);
#499 = DIRECTION('',(0.,0.,1.));
#500 = PCURVE('',#72,#501);
#501 = DEFINITIONAL_REPRESENTATION('',(#502),#506);
#502 = LINE('',#503,#504);
#503 = CARTESIAN_POINT('',(6.28318530718,0.));
#504 = VECTOR('',#505,1.);
#505 = DIRECTION('',(0.,-1.));
#506 = ( GEOMETRIC_REPRESENTATION_CONTEXT(2) 
PARAMETRIC_REPRESENTATION_CONTEXT() REPRESENTATION_CONTEXT('2D SPACE',''
  ) );
#507 = PCURVE('',#508,#513);
#508 = PLANE('',#509);
#509 = AXIS2_PLACEMENT_3D('',#510,#511,#512);
#510 = CARTESIAN_POINT('',(-49.8,-37.,2.2));
#511 = DIRECTION('',(-1.,0.,0.));
#512 = DIRECTION('',(0.,1.,0.));
#513 = DEFINITIONAL_REPRESENTATION('',(#514),#518);
#514 = LINE('',#515,#516);
#515 = CARTESIAN_POINT('',(0.,0.));
#516 = VECTOR('',#517,1.);
#517 = DIRECTION('',(0.,-1.));
#518 = ( GEOMETRIC_REPRESENTATION_CONTEXT(2) 
PARAMETRIC_REPRESENTATION_CONTEXT() REPRESENTATION_CONTEXT('2D SPACE',''
  ) );
#519 = ORIENTED_EDGE('',*,*,#520,.T.);
#520 = EDGE_CURVE('',#493,#144,#521,.T.);
#521 = SURFACE_CURVE('',#522,(#537,#555),.PCURVE_S1.);
#522 = B_SPLINE_CURVE_WITH_KNOTS('',5,(#523,#524,#525,#526,#527,#528,
    #529,#530,#531,#532,#533,#534,#535,#536),.UNSPECIFIED.,.F.,.F.,(6,4,
    4,6),(0.,0.336652935706,0.667342764607,1.),.UNSPECIFIED.);
#523 = CARTESIAN_POINT('',(-49.8,-37.,13.198684153571));
#524 = CARTESIAN_POINT('',(-49.8,-37.29740971798,12.474663609791));
#525 = CARTESIAN_POINT('',(-49.78871832871,-37.57577084021,
    11.746627801973));
#526 = CARTESIAN_POINT('',(-49.76904183251,-37.83517180639,
    11.015269617474));
#527 = CARTESIAN_POINT('',(-49.74334725786,-38.07583250535,
    10.281021406173));
#528 = CARTESIAN_POINT('',(-49.68450402961,-38.51619567956,
    8.820091216785));
#529 = CARTESIAN_POINT('',(-49.65149838422,-38.71652608804,
    8.093578946641));
#530 = CARTESIAN_POINT('',(-49.61657009315,-38.89915255729,
    7.364778477243));
#531 = CARTESIAN_POINT('',(-49.58133268388,-39.06422639115,
    6.633935291824));
#532 = CARTESIAN_POINT('',(-49.51272062173,-39.36037858273,
    5.164208727717));
#533 = CARTESIAN_POINT('',(-49.47935712924,-39.49125270823,
    4.425284150666));
#534 = CARTESIAN_POINT('',(-49.44840559487,-39.60458312223,
    3.684774151027));
#535 = CARTESIAN_POINT('',(-49.42094891588,-39.70044676174,
    2.942938212421));
#536 = CARTESIAN_POINT('',(-49.39775378893,-39.77888893672,2.1999994));
#537 = PCURVE('',#72,#538);
#538 = DEFINITIONAL_REPRESENTATION('',(#539),#554);
#539 = B_SPLINE_CURVE_WITH_KNOTS('',5,(#540,#541,#542,#543,#544,#545,
    #546,#547,#548,#549,#550,#551,#552,#553),.UNSPECIFIED.,.F.,.F.,(6,4,
    4,6),(0.,0.336652935706,0.667342764607,1.),.UNSPECIFIED.);
#540 = CARTESIAN_POINT('',(6.28318530718,-10.99868415357));
#541 = CARTESIAN_POINT('',(6.252837376772,-10.27466360979));
#542 = CARTESIAN_POINT('',(6.224433114723,-9.546627801974));
#543 = CARTESIAN_POINT('',(6.19790570016,-8.815269617474));
#544 = CARTESIAN_POINT('',(6.173217635403,-8.081021406173));
#545 = CARTESIAN_POINT('',(6.127883224911,-6.620091216785));
#546 = CARTESIAN_POINT('',(6.107175341122,-5.893578946641));
#547 = CARTESIAN_POINT('',(6.088208603199,-5.164778477243));
#548 = CARTESIAN_POINT('',(6.070987456548,-4.433935291824));
#549 = CARTESIAN_POINT('',(6.039967428414,-2.964208727717));
#550 = CARTESIAN_POINT('',(6.026189114608,-2.225284150666));
#551 = CARTESIAN_POINT('',(6.014202584634,-1.484774151027));
#552 = CARTESIAN_POINT('',(6.004027655606,-0.742938212421));
#553 = CARTESIAN_POINT('',(5.995680748809,5.999999999062E-07));
#554 = ( GEOMETRIC_REPRESENTATION_CONTEXT(2) 
PARAMETRIC_REPRESENTATION_CONTEXT() REPRESENTATION_CONTEXT('2D SPACE',''
  ) );
#555 = PCURVE('',#160,#556);
#556 = DEFINITIONAL_REPRESENTATION('',(#557),#572);
#557 = B_SPLINE_CURVE_WITH_KNOTS('',5,(#558,#559,#560,#561,#562,#563,
    #564,#565,#566,#567,#568,#569,#570,#571),.UNSPECIFIED.,.F.,.F.,(6,4,
    4,6),(0.,0.336652935706,0.667342764607,1.),.UNSPECIFIED.);
#558 = CARTESIAN_POINT('',(2.751831920792,-19.8));
#559 = CARTESIAN_POINT('',(2.771400043597,-19.8));
#560 = CARTESIAN_POINT('',(2.790880070114,-19.78871832871));
#561 = CARTESIAN_POINT('',(2.810272448586,-19.76904183251));
#562 = CARTESIAN_POINT('',(2.829583963505,-19.74334725786));
#563 = CARTESIAN_POINT('',(2.867730365232,-19.68450402961));
#564 = CARTESIAN_POINT('',(2.886565723607,-19.65149838422));
#565 = CARTESIAN_POINT('',(2.905342190562,-19.61657009315));
#566 = CARTESIAN_POINT('',(2.924068448766,-19.58133268388));
#567 = CARTESIAN_POINT('',(2.961550130074,-19.51272062173));
#568 = CARTESIAN_POINT('',(2.980305554134,-19.47935712924));
#569 = CARTESIAN_POINT('',(2.999027033497,-19.44840559487));
#570 = CARTESIAN_POINT('',(3.017722056637,-19.42094891588));
#571 = CARTESIAN_POINT('',(3.036398767633,-19.39775378893));
#572 = ( GEOMETRIC_REPRESENTATION_CONTEXT(2) 
PARAMETRIC_REPRESENTATION_CONTEXT() REPRESENTATION_CONTEXT('2D SPACE',''
  ) );
#573 = ADVANCED_FACE('',(#574),#100,.T.);
#574 = FACE_BOUND('',#575,.T.);
#575 = EDGE_LOOP('',(#576,#577,#598,#631,#659,#678));
#576 = ORIENTED_EDGE('',*,*,#408,.F.);
#577 = ORIENTED_EDGE('',*,*,#578,.T.);
#578 = EDGE_CURVE('',#409,#579,#581,.T.);
#579 = VERTEX_POINT('',#580);
#580 = CARTESIAN_POINT('',(-39.6,-46.8,5.2));
#581 = SURFACE_CURVE('',#582,(#586,#592),.PCURVE_S1.);
#582 = LINE('',#583,#584);
#583 = CARTESIAN_POINT('',(-39.5,-46.8,5.2));
#584 = VECTOR('',#585,1.);
#585 = DIRECTION('',(1.,0.,0.));
#586 = PCURVE('',#100,#587);
#587 = DEFINITIONAL_REPRESENTATION('',(#588),#591);
#588 = B_SPLINE_CURVE_WITH_KNOTS('',1,(#589,#590),.UNSPECIFIED.,.F.,.F.,
  (2,2),(-0.5,2.7),.PIECEWISE_BEZIER_KNOTS.);
#589 = CARTESIAN_POINT('',(-1.,-0.8));
#590 = CARTESIAN_POINT('',(2.2,-0.8));
#591 = ( GEOMETRIC_REPRESENTATION_CONTEXT(2) 
PARAMETRIC_REPRESENTATION_CONTEXT() REPRESENTATION_CONTEXT('2D SPACE',''
  ) );
#592 = PCURVE('',#129,#593);
#593 = DEFINITIONAL_REPRESENTATION('',(#594),#597);
#594 = B_SPLINE_CURVE_WITH_KNOTS('',1,(#595,#596),.UNSPECIFIED.,.F.,.F.,
  (2,2),(-0.5,2.7),.PIECEWISE_BEZIER_KNOTS.);
#595 = CARTESIAN_POINT('',(0.,-3.));
#596 = CARTESIAN_POINT('',(3.2,-3.));
#597 = ( GEOMETRIC_REPRESENTATION_CONTEXT(2) 
PARAMETRIC_REPRESENTATION_CONTEXT() REPRESENTATION_CONTEXT('2D SPACE',''
  ) );
#598 = ORIENTED_EDGE('',*,*,#599,.T.);
#599 = EDGE_CURVE('',#579,#600,#602,.T.);
#600 = VERTEX_POINT('',#601);
#601 = CARTESIAN_POINT('',(-40.,-46.,5.2));
#602 = SURFACE_CURVE('',#603,(#608,#619),.PCURVE_S1.);
#603 = CIRCLE('',#604,1.);
#604 = AXIS2_PLACEMENT_3D('',#605,#606,#607);
#605 = CARTESIAN_POINT('',(-39.,-46.,5.2));
#606 = DIRECTION('',(0.,0.,-1.));
#607 = DIRECTION('',(-1.,0.,0.));
#608 = PCURVE('',#100,#609);
#609 = DEFINITIONAL_REPRESENTATION('',(#610),#618);
#610 = ( BOUNDED_CURVE() B_SPLINE_CURVE(2,(#611,#612,#613,#614,#615,#616
,#617),.UNSPECIFIED.,.T.,.F.) B_SPLINE_CURVE_WITH_KNOTS((1,2,2,2,2,1),(
    -2.094395102393,0.,2.094395102393,4.188790204786,6.28318530718,
8.377580409573),.UNSPECIFIED.) CURVE() GEOMETRIC_REPRESENTATION_ITEM() 
RATIONAL_B_SPLINE_CURVE((1.,0.5,1.,0.5,1.,0.5,1.)) REPRESENTATION_ITEM(
  '') );
#611 = CARTESIAN_POINT('',(-1.,0.));
#612 = CARTESIAN_POINT('',(-1.,1.732050807569));
#613 = CARTESIAN_POINT('',(0.5,0.866025403784));
#614 = CARTESIAN_POINT('',(2.,2.449293598295E-16));
#615 = CARTESIAN_POINT('',(0.5,-0.866025403784));
#616 = CARTESIAN_POINT('',(-1.,-1.732050807569));
#617 = CARTESIAN_POINT('',(-1.,0.));
#618 = ( GEOMETRIC_REPRESENTATION_CONTEXT(2) 
PARAMETRIC_REPRESENTATION_CONTEXT() REPRESENTATION_CONTEXT('2D SPACE',''
  ) );
#619 = PCURVE('',#620,#625);
#620 = CYLINDRICAL_SURFACE('',#621,1.);
#621 = AXIS2_PLACEMENT_3D('',#622,#623,#624);
#622 = CARTESIAN_POINT('',(-39.,-46.,5.2));
#623 = DIRECTION('',(0.,0.,-1.));
#624 = DIRECTION('',(-1.,0.,0.));
#625 = DEFINITIONAL_REPRESENTATION('',(#626),#630);
#626 = LINE('',#627,#628);
#627 = CARTESIAN_POINT('',(0.,0.));
#628 = VECTOR('',#629,1.);
#629 = DIRECTION('',(1.,0.));
#630 = ( GEOMETRIC_REPRESENTATION_CONTEXT(2) 
PARAMETRIC_REPRESENTATION_CONTEXT() REPRESENTATION_CONTEXT('2D SPACE',''
  ) );
#631 = ORIENTED_EDGE('',*,*,#632,.T.);
#632 = EDGE_CURVE('',#600,#633,#635,.T.);
#633 = VERTEX_POINT('',#634);
#634 = CARTESIAN_POINT('',(-38.4,-46.8,5.2));
#635 = SURFACE_CURVE('',#636,(#641,#652),.PCURVE_S1.);
#636 = CIRCLE('',#637,1.);
#637 = AXIS2_PLACEMENT_3D('',#638,#639,#640);
#638 = CARTESIAN_POINT('',(-39.,-46.,5.2));
#639 = DIRECTION('',(0.,0.,-1.));
#640 = DIRECTION('',(-1.,0.,0.));
#641 = PCURVE('',#100,#642);
#642 = DEFINITIONAL_REPRESENTATION('',(#643),#651);
#643 = ( BOUNDED_CURVE() B_SPLINE_CURVE(2,(#644,#645,#646,#647,#648,#649
,#650),.UNSPECIFIED.,.T.,.F.) B_SPLINE_CURVE_WITH_KNOTS((1,2,2,2,2,1),(
    -2.094395102393,0.,2.094395102393,4.188790204786,6.28318530718,
8.377580409573),.UNSPECIFIED.) CURVE() GEOMETRIC_REPRESENTATION_ITEM() 
RATIONAL_B_SPLINE_CURVE((1.,0.5,1.,0.5,1.,0.5,1.)) REPRESENTATION_ITEM(
  '') );
#644 = CARTESIAN_POINT('',(-1.,0.));
#645 = CARTESIAN_POINT('',(-1.,1.732050807569));
#646 = CARTESIAN_POINT('',(0.5,0.866025403784));
#647 = CARTESIAN_POINT('',(2.,2.449293598295E-16));
#648 = CARTESIAN_POINT('',(0.5,-0.866025403784));
#649 = CARTESIAN_POINT('',(-1.,-1.732050807569));
#650 = CARTESIAN_POINT('',(-1.,0.));
#651 = ( GEOMETRIC_REPRESENTATION_CONTEXT(2) 
PARAMETRIC_REPRESENTATION_CONTEXT() REPRESENTATION_CONTEXT('2D SPACE',''
  ) );
#652 = PCURVE('',#620,#653);
#653 = DEFINITIONAL_REPRESENTATION('',(#654),#658);
#654 = LINE('',#655,#656);
#655 = CARTESIAN_POINT('',(0.,0.));
#656 = VECTOR('',#657,1.);
#657 = DIRECTION('',(1.,0.));
#658 = ( GEOMETRIC_REPRESENTATION_CONTEXT(2) 
PARAMETRIC_REPRESENTATION_CONTEXT() REPRESENTATION_CONTEXT('2D SPACE',''
  ) );
#659 = ORIENTED_EDGE('',*,*,#660,.T.);
#660 = EDGE_CURVE('',#633,#84,#661,.T.);
#661 = SURFACE_CURVE('',#662,(#666,#672),.PCURVE_S1.);
#662 = LINE('',#663,#664);
#663 = CARTESIAN_POINT('',(-39.5,-46.8,5.2));
#664 = VECTOR('',#665,1.);
#665 = DIRECTION('',(1.,0.,0.));
#666 = PCURVE('',#100,#667);
#667 = DEFINITIONAL_REPRESENTATION('',(#668),#671);
#668 = B_SPLINE_CURVE_WITH_KNOTS('',1,(#669,#670),.UNSPECIFIED.,.F.,.F.,
  (2,2),(-0.5,2.7),.PIECEWISE_BEZIER_KNOTS.);
#669 = CARTESIAN_POINT('',(-1.,-0.8));
#670 = CARTESIAN_POINT('',(2.2,-0.8));
#671 = ( GEOMETRIC_REPRESENTATION_CONTEXT(2) 
PARAMETRIC_REPRESENTATION_CONTEXT() REPRESENTATION_CONTEXT('2D SPACE',''
  ) );
#672 = PCURVE('',#129,#673);
#673 = DEFINITIONAL_REPRESENTATION('',(#674),#677);
#674 = B_SPLINE_CURVE_WITH_KNOTS('',1,(#675,#676),.UNSPECIFIED.,.F.,.F.,
  (2,2),(-0.5,2.7),.PIECEWISE_BEZIER_KNOTS.);
#675 = CARTESIAN_POINT('',(0.,-3.));
#676 = CARTESIAN_POINT('',(3.2,-3.));
#677 = ( GEOMETRIC_REPRESENTATION_CONTEXT(2) 
PARAMETRIC_REPRESENTATION_CONTEXT() REPRESENTATION_CONTEXT('2D SPACE',''
  ) );
#678 = ORIENTED_EDGE('',*,*,#83,.F.);
#679 = ADVANCED_FACE('',(#680,#849),#129,.T.);
#680 = FACE_BOUND('',#681,.T.);
#681 = EDGE_LOOP('',(#682,#683,#684,#685,#710,#711,#712,#733,#756,#782,
    #809,#830));
#682 = ORIENTED_EDGE('',*,*,#198,.F.);
#683 = ORIENTED_EDGE('',*,*,#116,.T.);
#684 = ORIENTED_EDGE('',*,*,#660,.F.);
#685 = ORIENTED_EDGE('',*,*,#686,.F.);
#686 = EDGE_CURVE('',#579,#633,#687,.T.);
#687 = SURFACE_CURVE('',#688,(#692,#698),.PCURVE_S1.);
#688 = LINE('',#689,#690);
#689 = CARTESIAN_POINT('',(-39.5,-46.8,5.2));
#690 = VECTOR('',#691,1.);
#691 = DIRECTION('',(1.,0.,0.));
#692 = PCURVE('',#129,#693);
#693 = DEFINITIONAL_REPRESENTATION('',(#694),#697);
#694 = B_SPLINE_CURVE_WITH_KNOTS('',1,(#695,#696),.UNSPECIFIED.,.F.,.F.,
  (2,2),(-0.5,2.7),.PIECEWISE_BEZIER_KNOTS.);
#695 = CARTESIAN_POINT('',(0.,-3.));
#696 = CARTESIAN_POINT('',(3.2,-3.));
#697 = ( GEOMETRIC_REPRESENTATION_CONTEXT(2) 
PARAMETRIC_REPRESENTATION_CONTEXT() REPRESENTATION_CONTEXT('2D SPACE',''
  ) );
#698 = PCURVE('',#699,#704);
#699 = PLANE('',#700);
#700 = AXIS2_PLACEMENT_3D('',#701,#702,#703);
#701 = CARTESIAN_POINT('',(-39.,-46.,5.2));
#702 = DIRECTION('',(0.,0.,-1.));
#703 = DIRECTION('',(-1.,0.,0.));
#704 = DEFINITIONAL_REPRESENTATION('',(#705),#709);
#705 = LINE('',#706,#707);
#706 = CARTESIAN_POINT('',(0.5,-0.8));
#707 = VECTOR('',#708,1.);
#708 = DIRECTION('',(-1.,0.));
#709 = ( GEOMETRIC_REPRESENTATION_CONTEXT(2) 
PARAMETRIC_REPRESENTATION_CONTEXT() REPRESENTATION_CONTEXT('2D SPACE',''
  ) );
#710 = ORIENTED_EDGE('',*,*,#578,.F.);
#711 = ORIENTED_EDGE('',*,*,#436,.T.);
#712 = ORIENTED_EDGE('',*,*,#713,.F.);
#713 = EDGE_CURVE('',#714,#437,#716,.T.);
#714 = VERTEX_POINT('',#715);
#715 = CARTESIAN_POINT('',(-20.00000003642,-46.8,21.));
#716 = SURFACE_CURVE('',#717,(#721,#727),.PCURVE_S1.);
#717 = LINE('',#718,#719);
#718 = CARTESIAN_POINT('',(-35.00000000273,-46.8,21.));
#719 = VECTOR('',#720,1.);
#720 = DIRECTION('',(-1.,0.,0.));
#721 = PCURVE('',#129,#722);
#722 = DEFINITIONAL_REPRESENTATION('',(#723),#726);
#723 = B_SPLINE_CURVE_WITH_KNOTS('',1,(#724,#725),.UNSPECIFIED.,.F.,.F.,
  (2,2),(-14.99999996631,4.999999997263),.PIECEWISE_BEZIER_KNOTS.);
#724 = CARTESIAN_POINT('',(19.999999963579,-18.8));
#725 = CARTESIAN_POINT('',(0.,-18.8));
#726 = ( GEOMETRIC_REPRESENTATION_CONTEXT(2) 
PARAMETRIC_REPRESENTATION_CONTEXT() REPRESENTATION_CONTEXT('2D SPACE',''
  ) );
#727 = PCURVE('',#476,#728);
#728 = DEFINITIONAL_REPRESENTATION('',(#729),#732);
#729 = B_SPLINE_CURVE_WITH_KNOTS('',1,(#730,#731),.UNSPECIFIED.,.F.,.F.,
  (2,2),(-14.99999996631,4.999999997263),.PIECEWISE_BEZIER_KNOTS.);
#730 = CARTESIAN_POINT('',(9.999999969054,-46.8));
#731 = CARTESIAN_POINT('',(-9.999999994525,-46.8));
#732 = ( GEOMETRIC_REPRESENTATION_CONTEXT(2) 
PARAMETRIC_REPRESENTATION_CONTEXT() REPRESENTATION_CONTEXT('2D SPACE',''
  ) );
#733 = ORIENTED_EDGE('',*,*,#734,.F.);
#734 = EDGE_CURVE('',#735,#714,#737,.T.);
#735 = VERTEX_POINT('',#736);
#736 = CARTESIAN_POINT('',(-20.00000003642,-46.8,5.2));
#737 = SURFACE_CURVE('',#738,(#742,#749),.PCURVE_S1.);
#738 = LINE('',#739,#740);
#739 = CARTESIAN_POINT('',(-20.00000003642,-46.8,2.2));
#740 = VECTOR('',#741,1.);
#741 = DIRECTION('',(0.,0.,1.));
#742 = PCURVE('',#129,#743);
#743 = DEFINITIONAL_REPRESENTATION('',(#744),#748);
#744 = LINE('',#745,#746);
#745 = CARTESIAN_POINT('',(19.999999963579,0.));
#746 = VECTOR('',#747,1.);
#747 = DIRECTION('',(0.,-1.));
#748 = ( GEOMETRIC_REPRESENTATION_CONTEXT(2) 
PARAMETRIC_REPRESENTATION_CONTEXT() REPRESENTATION_CONTEXT('2D SPACE',''
  ) );
#749 = PCURVE('',#275,#750);
#750 = DEFINITIONAL_REPRESENTATION('',(#751),#755);
#751 = LINE('',#752,#753);
#752 = CARTESIAN_POINT('',(4.712388980385,0.));
#753 = VECTOR('',#754,1.);
#754 = DIRECTION('',(0.,-1.));
#755 = ( GEOMETRIC_REPRESENTATION_CONTEXT(2) 
PARAMETRIC_REPRESENTATION_CONTEXT() REPRESENTATION_CONTEXT('2D SPACE',''
  ) );
#756 = ORIENTED_EDGE('',*,*,#757,.F.);
#757 = EDGE_CURVE('',#758,#735,#760,.T.);
#758 = VERTEX_POINT('',#759);
#759 = CARTESIAN_POINT('',(-20.4,-46.8,5.2));
#760 = SURFACE_CURVE('',#761,(#765,#771),.PCURVE_S1.);
#761 = LINE('',#762,#763);
#762 = CARTESIAN_POINT('',(-30.5,-46.8,5.2));
#763 = VECTOR('',#764,1.);
#764 = DIRECTION('',(1.,0.,0.));
#765 = PCURVE('',#129,#766);
#766 = DEFINITIONAL_REPRESENTATION('',(#767),#770);
#767 = B_SPLINE_CURVE_WITH_KNOTS('',1,(#768,#769),.UNSPECIFIED.,.F.,.F.,
  (2,2),(7.3,10.499999963579),.PIECEWISE_BEZIER_KNOTS.);
#768 = CARTESIAN_POINT('',(16.8,-3.));
#769 = CARTESIAN_POINT('',(19.999999963579,-3.));
#770 = ( GEOMETRIC_REPRESENTATION_CONTEXT(2) 
PARAMETRIC_REPRESENTATION_CONTEXT() REPRESENTATION_CONTEXT('2D SPACE',''
  ) );
#771 = PCURVE('',#772,#777);
#772 = PLANE('',#773);
#773 = AXIS2_PLACEMENT_3D('',#774,#775,#776);
#774 = CARTESIAN_POINT('',(-21.,-46.,5.2));
#775 = DIRECTION('',(0.,0.,1.));
#776 = DIRECTION('',(1.,0.,0.));
#777 = DEFINITIONAL_REPRESENTATION('',(#778),#781);
#778 = B_SPLINE_CURVE_WITH_KNOTS('',1,(#779,#780),.UNSPECIFIED.,.F.,.F.,
  (2,2),(7.3,10.499999963579),.PIECEWISE_BEZIER_KNOTS.);
#779 = CARTESIAN_POINT('',(-2.2,-0.8));
#780 = CARTESIAN_POINT('',(0.999999963579,-0.8));
#781 = ( GEOMETRIC_REPRESENTATION_CONTEXT(2) 
PARAMETRIC_REPRESENTATION_CONTEXT() REPRESENTATION_CONTEXT('2D SPACE',''
  ) );
#782 = ORIENTED_EDGE('',*,*,#783,.F.);
#783 = EDGE_CURVE('',#784,#758,#786,.T.);
#784 = VERTEX_POINT('',#785);
#785 = CARTESIAN_POINT('',(-21.6,-46.8,5.2));
#786 = SURFACE_CURVE('',#787,(#791,#797),.PCURVE_S1.);
#787 = LINE('',#788,#789);
#788 = CARTESIAN_POINT('',(-30.5,-46.8,5.2));
#789 = VECTOR('',#790,1.);
#790 = DIRECTION('',(1.,0.,0.));
#791 = PCURVE('',#129,#792);
#792 = DEFINITIONAL_REPRESENTATION('',(#793),#796);
#793 = B_SPLINE_CURVE_WITH_KNOTS('',1,(#794,#795),.UNSPECIFIED.,.F.,.F.,
  (2,2),(7.3,10.499999963579),.PIECEWISE_BEZIER_KNOTS.);
#794 = CARTESIAN_POINT('',(16.8,-3.));
#795 = CARTESIAN_POINT('',(19.999999963579,-3.));
#796 = ( GEOMETRIC_REPRESENTATION_CONTEXT(2) 
PARAMETRIC_REPRESENTATION_CONTEXT() REPRESENTATION_CONTEXT('2D SPACE',''
  ) );
#797 = PCURVE('',#798,#803);
#798 = PLANE('',#799);
#799 = AXIS2_PLACEMENT_3D('',#800,#801,#802);
#800 = CARTESIAN_POINT('',(-21.,-46.,5.2));
#801 = DIRECTION('',(0.,0.,-1.));
#802 = DIRECTION('',(-1.,0.,0.));
#803 = DEFINITIONAL_REPRESENTATION('',(#804),#808);
#804 = LINE('',#805,#806);
#805 = CARTESIAN_POINT('',(9.5,-0.8));
#806 = VECTOR('',#807,1.);
#807 = DIRECTION('',(-1.,0.));
#808 = ( GEOMETRIC_REPRESENTATION_CONTEXT(2) 
PARAMETRIC_REPRESENTATION_CONTEXT() REPRESENTATION_CONTEXT('2D SPACE',''
  ) );
#809 = ORIENTED_EDGE('',*,*,#810,.F.);
#810 = EDGE_CURVE('',#811,#784,#813,.T.);
#811 = VERTEX_POINT('',#812);
#812 = CARTESIAN_POINT('',(-23.04939015319,-46.8,5.2));
#813 = SURFACE_CURVE('',#814,(#818,#824),.PCURVE_S1.);
#814 = LINE('',#815,#816);
#815 = CARTESIAN_POINT('',(-30.5,-46.8,5.2));
#816 = VECTOR('',#817,1.);
#817 = DIRECTION('',(1.,0.,0.));
#818 = PCURVE('',#129,#819);
#819 = DEFINITIONAL_REPRESENTATION('',(#820),#823);
#820 = B_SPLINE_CURVE_WITH_KNOTS('',1,(#821,#822),.UNSPECIFIED.,.F.,.F.,
  (2,2),(7.3,10.499999963579),.PIECEWISE_BEZIER_KNOTS.);
#821 = CARTESIAN_POINT('',(16.8,-3.));
#822 = CARTESIAN_POINT('',(19.999999963579,-3.));
#823 = ( GEOMETRIC_REPRESENTATION_CONTEXT(2) 
PARAMETRIC_REPRESENTATION_CONTEXT() REPRESENTATION_CONTEXT('2D SPACE',''
  ) );
#824 = PCURVE('',#772,#825);
#825 = DEFINITIONAL_REPRESENTATION('',(#826),#829);
#826 = B_SPLINE_CURVE_WITH_KNOTS('',1,(#827,#828),.UNSPECIFIED.,.F.,.F.,
  (2,2),(7.3,10.499999963579),.PIECEWISE_BEZIER_KNOTS.);
#827 = CARTESIAN_POINT('',(-2.2,-0.8));
#828 = CARTESIAN_POINT('',(0.999999963579,-0.8));
#829 = ( GEOMETRIC_REPRESENTATION_CONTEXT(2) 
PARAMETRIC_REPRESENTATION_CONTEXT() REPRESENTATION_CONTEXT('2D SPACE',''
  ) );
#830 = ORIENTED_EDGE('',*,*,#831,.F.);
#831 = EDGE_CURVE('',#199,#811,#832,.T.);
#832 = SURFACE_CURVE('',#833,(#837,#843),.PCURVE_S1.);
#833 = LINE('',#834,#835);
#834 = CARTESIAN_POINT('',(-23.04939015319,-46.8,2.2));
#835 = VECTOR('',#836,1.);
#836 = DIRECTION('',(0.,0.,1.));
#837 = PCURVE('',#129,#838);
#838 = DEFINITIONAL_REPRESENTATION('',(#839),#842);
#839 = B_SPLINE_CURVE_WITH_KNOTS('',1,(#840,#841),.UNSPECIFIED.,.F.,.F.,
  (2,2),(-5.999999999062E-07,3.0000006),.PIECEWISE_BEZIER_KNOTS.);
#840 = CARTESIAN_POINT('',(16.950609846808,5.999999999062E-07));
#841 = CARTESIAN_POINT('',(16.950609846808,-3.0000006));
#842 = ( GEOMETRIC_REPRESENTATION_CONTEXT(2) 
PARAMETRIC_REPRESENTATION_CONTEXT() REPRESENTATION_CONTEXT('2D SPACE',''
  ) );
#843 = PCURVE('',#242,#844);
#844 = DEFINITIONAL_REPRESENTATION('',(#845),#848);
#845 = B_SPLINE_CURVE_WITH_KNOTS('',1,(#846,#847),.UNSPECIFIED.,.F.,.F.,
  (2,2),(0.,3.),.PIECEWISE_BEZIER_KNOTS.);
#846 = CARTESIAN_POINT('',(9.79694649473,0.));
#847 = CARTESIAN_POINT('',(9.79694649473,3.));
#848 = ( GEOMETRIC_REPRESENTATION_CONTEXT(2) 
PARAMETRIC_REPRESENTATION_CONTEXT() REPRESENTATION_CONTEXT('2D SPACE',''
  ) );
#849 = FACE_BOUND('',#850,.T.);
#850 = EDGE_LOOP('',(#851));
#851 = ORIENTED_EDGE('',*,*,#852,.T.);
#852 = EDGE_CURVE('',#853,#853,#855,.T.);
#853 = VERTEX_POINT('',#854);
#854 = CARTESIAN_POINT('',(-26.75,-46.8,9.2));
#855 = SURFACE_CURVE('',#856,(#861,#872),.PCURVE_S1.);
#856 = CIRCLE('',#857,3.25);
#857 = AXIS2_PLACEMENT_3D('',#858,#859,#860);
#858 = CARTESIAN_POINT('',(-30.,-46.8,9.2));
#859 = DIRECTION('',(0.,-1.,0.));
#860 = DIRECTION('',(1.,0.,0.));
#861 = PCURVE('',#129,#862);
#862 = DEFINITIONAL_REPRESENTATION('',(#863),#871);
#863 = ( BOUNDED_CURVE() B_SPLINE_CURVE(2,(#864,#865,#866,#867,#868,#869
,#870),.UNSPECIFIED.,.T.,.F.) B_SPLINE_CURVE_WITH_KNOTS((1,2,2,2,2,1),(
    -2.094395102393,0.,2.094395102393,4.188790204786,6.28318530718,
8.377580409573),.UNSPECIFIED.) CURVE() GEOMETRIC_REPRESENTATION_ITEM() 
RATIONAL_B_SPLINE_CURVE((1.,0.5,1.,0.5,1.,0.5,1.)) REPRESENTATION_ITEM(
  '') );
#864 = CARTESIAN_POINT('',(13.25,-7.));
#865 = CARTESIAN_POINT('',(13.25,-12.62916512459));
#866 = CARTESIAN_POINT('',(8.375,-9.814582562299));
#867 = CARTESIAN_POINT('',(3.5,-7.));
#868 = CARTESIAN_POINT('',(8.375,-4.185417437701));
#869 = CARTESIAN_POINT('',(13.25,-1.370834875401));
#870 = CARTESIAN_POINT('',(13.25,-7.));
#871 = ( GEOMETRIC_REPRESENTATION_CONTEXT(2) 
PARAMETRIC_REPRESENTATION_CONTEXT() REPRESENTATION_CONTEXT('2D SPACE',''
  ) );
#872 = PCURVE('',#873,#878);
#873 = CYLINDRICAL_SURFACE('',#874,3.25);
#874 = AXIS2_PLACEMENT_3D('',#875,#876,#877);
#875 = CARTESIAN_POINT('',(-30.,-49.,9.2));
#876 = DIRECTION('',(0.,-1.,0.));
#877 = DIRECTION('',(1.,0.,0.));
#878 = DEFINITIONAL_REPRESENTATION('',(#879),#883);
#879 = LINE('',#880,#881);
#880 = CARTESIAN_POINT('',(0.,-2.2));
#881 = VECTOR('',#882,1.);
#882 = DIRECTION('',(1.,0.));
#883 = ( GEOMETRIC_REPRESENTATION_CONTEXT(2) 
PARAMETRIC_REPRESENTATION_CONTEXT() REPRESENTATION_CONTEXT('2D SPACE',''
  ) );
#884 = ADVANCED_FACE('',(#885),#160,.F.);
#885 = FACE_BOUND('',#886,.F.);
#886 = EDGE_LOOP('',(#887,#915,#948,#1009,#1035,#1069,#1095,#1143,#1144,
    #1145,#1173,#1194,#1223,#1249));
#887 = ORIENTED_EDGE('',*,*,#888,.F.);
#888 = EDGE_CURVE('',#889,#891,#893,.T.);
#889 = VERTEX_POINT('',#890);
#890 = CARTESIAN_POINT('',(-52.,-32.7261363439,21.));
#891 = VERTEX_POINT('',#892);
#892 = CARTESIAN_POINT('',(-50.9,-32.7261363439,21.));
#893 = SURFACE_CURVE('',#894,(#898,#904),.PCURVE_S1.);
#894 = LINE('',#895,#896);
#895 = CARTESIAN_POINT('',(-30.,-32.7261363439,21.));
#896 = VECTOR('',#897,1.);
#897 = DIRECTION('',(1.,0.,0.));
#898 = PCURVE('',#160,#899);
#899 = DEFINITIONAL_REPRESENTATION('',(#900),#903);
#900 = B_SPLINE_CURVE_WITH_KNOTS('',1,(#901,#902),.UNSPECIFIED.,.F.,.F.,
  (2,2),(-26.4,26.4),.PIECEWISE_BEZIER_KNOTS.);
#901 = CARTESIAN_POINT('',(2.528988505541,-26.4));
#902 = CARTESIAN_POINT('',(2.528988505541,26.4));
#903 = ( GEOMETRIC_REPRESENTATION_CONTEXT(2) 
PARAMETRIC_REPRESENTATION_CONTEXT() REPRESENTATION_CONTEXT('2D SPACE',''
  ) );
#904 = PCURVE('',#905,#910);
#905 = PLANE('',#906);
#906 = AXIS2_PLACEMENT_3D('',#907,#908,#909);
#907 = CARTESIAN_POINT('',(-30.00000000547,-1.73210767953E-15,21.));
#908 = DIRECTION('',(0.,0.,1.));
#909 = DIRECTION('',(1.,0.,0.));
#910 = DEFINITIONAL_REPRESENTATION('',(#911),#914);
#911 = B_SPLINE_CURVE_WITH_KNOTS('',1,(#912,#913),.UNSPECIFIED.,.F.,.F.,
  (2,2),(-26.4,26.4),.PIECEWISE_BEZIER_KNOTS.);
#912 = CARTESIAN_POINT('',(-26.39999999452,-32.7261363439));
#913 = CARTESIAN_POINT('',(26.400000005475,-32.7261363439));
#914 = ( GEOMETRIC_REPRESENTATION_CONTEXT(2) 
PARAMETRIC_REPRESENTATION_CONTEXT() REPRESENTATION_CONTEXT('2D SPACE',''
  ) );
#915 = ORIENTED_EDGE('',*,*,#916,.T.);
#916 = EDGE_CURVE('',#889,#917,#919,.T.);
#917 = VERTEX_POINT('',#918);
#918 = CARTESIAN_POINT('',(-52.,-37.,13.198684153571));
#919 = SURFACE_CURVE('',#920,(#925,#932),.PCURVE_S1.);
#920 = CIRCLE('',#921,40.);
#921 = AXIS2_PLACEMENT_3D('',#922,#923,#924);
#922 = CARTESIAN_POINT('',(-52.,0.,-2.));
#923 = DIRECTION('',(1.,0.,0.));
#924 = DIRECTION('',(-0.,1.,0.));
#925 = PCURVE('',#160,#926);
#926 = DEFINITIONAL_REPRESENTATION('',(#927),#931);
#927 = LINE('',#928,#929);
#928 = CARTESIAN_POINT('',(0.,-22.));
#929 = VECTOR('',#930,1.);
#930 = DIRECTION('',(1.,0.));
#931 = ( GEOMETRIC_REPRESENTATION_CONTEXT(2) 
PARAMETRIC_REPRESENTATION_CONTEXT() REPRESENTATION_CONTEXT('2D SPACE',''
  ) );
#932 = PCURVE('',#933,#938);
#933 = PLANE('',#934);
#934 = AXIS2_PLACEMENT_3D('',#935,#936,#937);
#935 = CARTESIAN_POINT('',(-52.,-37.,0.));
#936 = DIRECTION('',(-1.,0.,0.));
#937 = DIRECTION('',(0.,1.,0.));
#938 = DEFINITIONAL_REPRESENTATION('',(#939),#947);
#939 = ( BOUNDED_CURVE() B_SPLINE_CURVE(2,(#940,#941,#942,#943,#944,#945
,#946),.UNSPECIFIED.,.T.,.F.) B_SPLINE_CURVE_WITH_KNOTS((1,2,2,2,2,1),(
    -2.094395102393,0.,2.094395102393,4.188790204786,6.28318530718,
8.377580409573),.UNSPECIFIED.) CURVE() GEOMETRIC_REPRESENTATION_ITEM() 
RATIONAL_B_SPLINE_CURVE((1.,0.5,1.,0.5,1.,0.5,1.)) REPRESENTATION_ITEM(
  '') );
#940 = CARTESIAN_POINT('',(77.,2.));
#941 = CARTESIAN_POINT('',(77.,-67.28203230275));
#942 = CARTESIAN_POINT('',(17.,-32.64101615137));
#943 = CARTESIAN_POINT('',(-43.,2.));
#944 = CARTESIAN_POINT('',(17.,36.641016151378));
#945 = CARTESIAN_POINT('',(77.,71.282032302755));
#946 = CARTESIAN_POINT('',(77.,2.));
#947 = ( GEOMETRIC_REPRESENTATION_CONTEXT(2) 
PARAMETRIC_REPRESENTATION_CONTEXT() REPRESENTATION_CONTEXT('2D SPACE',''
  ) );
#948 = ORIENTED_EDGE('',*,*,#949,.T.);
#949 = EDGE_CURVE('',#917,#950,#952,.T.);
#950 = VERTEX_POINT('',#951);
#951 = CARTESIAN_POINT('',(-51.63175329023,-39.94996871087,0.));
#952 = SURFACE_CURVE('',#953,(#968,#986),.PCURVE_S1.);
#953 = B_SPLINE_CURVE_WITH_KNOTS('',5,(#954,#955,#956,#957,#958,#959,
    #960,#961,#962,#963,#964,#965,#966,#967),.UNSPECIFIED.,.F.,.F.,(6,4,
    4,6),(0.,0.298935423096,0.592306560851,1.),.UNSPECIFIED.);
#954 = CARTESIAN_POINT('',(-52.,-37.,13.198684153571));
#955 = CARTESIAN_POINT('',(-52.,-37.3160093615,12.429384241985));
#956 = CARTESIAN_POINT('',(-51.98959824959,-37.61049117937,
    11.655604531801));
#957 = CARTESIAN_POINT('',(-51.97162578157,-37.88361943531,
    10.87802608785));
#958 = CARTESIAN_POINT('',(-51.9484078515,-38.13564322344,
    10.097135719458));
#959 = CARTESIAN_POINT('',(-51.89589872471,-38.59365387579,
    8.543871283104));
#960 = CARTESIAN_POINT('',(-51.86672987925,-38.80039826157,
    7.771650355447));
#961 = CARTESIAN_POINT('',(-51.83625367197,-38.98723435896,
    6.996896813872));
#962 = CARTESIAN_POINT('',(-51.80599242562,-39.15432618706,
    6.219926333159));
#963 = CARTESIAN_POINT('',(-51.73711549811,-39.50673570159,
    4.358577537423));
#964 = CARTESIAN_POINT('',(-51.69983645416,-39.67379572073,
    3.272321854982));
#965 = CARTESIAN_POINT('',(-51.66862056244,-39.803252232,2.183233658159)
  );
#966 = CARTESIAN_POINT('',(-51.64562042782,-39.89529046262,
    1.092197481927));
#967 = CARTESIAN_POINT('',(-51.63175328261,-39.94996874091,
    -6.000000029507E-07));
#968 = PCURVE('',#160,#969);
#969 = DEFINITIONAL_REPRESENTATION('',(#970),#985);
#970 = B_SPLINE_CURVE_WITH_KNOTS('',5,(#971,#972,#973,#974,#975,#976,
    #977,#978,#979,#980,#981,#982,#983,#984),.UNSPECIFIED.,.F.,.F.,(6,4,
    4,6),(0.,0.298935423096,0.592306560851,1.),.UNSPECIFIED.);
#971 = CARTESIAN_POINT('',(2.751831920792,-22.));
#972 = CARTESIAN_POINT('',(2.772623810295,-22.));
#973 = CARTESIAN_POINT('',(2.793314798801,-21.98959824959));
#974 = CARTESIAN_POINT('',(2.813909530433,-21.97162578157));
#975 = CARTESIAN_POINT('',(2.834416696533,-21.9484078515));
#976 = CARTESIAN_POINT('',(2.874901293657,-21.89589872471));
#977 = CARTESIAN_POINT('',(2.894880411137,-21.86672987925));
#978 = CARTESIAN_POINT('',(2.91479628943,-21.83625367197));
#979 = CARTESIAN_POINT('',(2.934658582778,-21.80599242562));
#980 = CARTESIAN_POINT('',(2.982018981619,-21.73711549811));
#981 = CARTESIAN_POINT('',(3.009478291083,-21.69983645416));
#982 = CARTESIAN_POINT('',(3.036875827485,-21.66862056244));
#983 = CARTESIAN_POINT('',(3.064232664456,-21.64562042782));
#984 = CARTESIAN_POINT('',(3.091571811803,-21.63175328261));
#985 = ( GEOMETRIC_REPRESENTATION_CONTEXT(2) 
PARAMETRIC_REPRESENTATION_CONTEXT() REPRESENTATION_CONTEXT('2D SPACE',''
  ) );
#986 = PCURVE('',#987,#992);
#987 = CYLINDRICAL_SURFACE('',#988,12.);
#988 = AXIS2_PLACEMENT_3D('',#989,#990,#991);
#989 = CARTESIAN_POINT('',(-40.,-37.,0.));
#990 = DIRECTION('',(0.,0.,-1.));
#991 = DIRECTION('',(-1.,0.,0.));
#992 = DEFINITIONAL_REPRESENTATION('',(#993),#1008);
#993 = B_SPLINE_CURVE_WITH_KNOTS('',5,(#994,#995,#996,#997,#998,#999,
    #1000,#1001,#1002,#1003,#1004,#1005,#1006,#1007),.UNSPECIFIED.,.F.,
  .F.,(6,4,4,6),(0.,0.298935423096,0.592306560851,1.),.UNSPECIFIED.);
#994 = CARTESIAN_POINT('',(6.28318530718,-13.19868415357));
#995 = CARTESIAN_POINT('',(6.256851193721,-12.42938424198));
#996 = CARTESIAN_POINT('',(6.232310997413,-11.6556045318));
#997 = CARTESIAN_POINT('',(6.20951246769,-10.87802608785));
#998 = CARTESIAN_POINT('',(6.188426829118,-10.09713571945));
#999 = CARTESIAN_POINT('',(6.150009261698,-8.543871283104));
#1000 = CARTESIAN_POINT('',(6.132615803205,-7.771650355447));
#1001 = CARTESIAN_POINT('',(6.116843916273,-6.996896813872));
#1002 = CARTESIAN_POINT('',(6.10269446312,-6.219926333159));
#1003 = CARTESIAN_POINT('',(6.072771355981,-4.358577537423));
#1004 = CARTESIAN_POINT('',(6.058512196784,-3.272321854982));
#1005 = CARTESIAN_POINT('',(6.047415008078,-2.183233658159));
#1006 = CARTESIAN_POINT('',(6.03950945643,-1.092197481927));
#1007 = CARTESIAN_POINT('',(6.034808679431,5.999999999062E-07));
#1008 = ( GEOMETRIC_REPRESENTATION_CONTEXT(2) 
PARAMETRIC_REPRESENTATION_CONTEXT() REPRESENTATION_CONTEXT('2D SPACE',''
  ) );
#1009 = ORIENTED_EDGE('',*,*,#1010,.T.);
#1010 = EDGE_CURVE('',#950,#1011,#1013,.T.);
#1011 = VERTEX_POINT('',#1012);
#1012 = CARTESIAN_POINT('',(-49.02281893137,-39.94996871087,0.));
#1013 = SURFACE_CURVE('',#1014,(#1018,#1024),.PCURVE_S1.);
#1014 = LINE('',#1015,#1016);
#1015 = CARTESIAN_POINT('',(-30.,-39.94996871087,0.));
#1016 = VECTOR('',#1017,1.);
#1017 = DIRECTION('',(1.,0.,0.));
#1018 = PCURVE('',#160,#1019);
#1019 = DEFINITIONAL_REPRESENTATION('',(#1020),#1023);
#1020 = B_SPLINE_CURVE_WITH_KNOTS('',1,(#1021,#1022),.UNSPECIFIED.,.F.,
  .F.,(2,2),(-26.4,26.4),.PIECEWISE_BEZIER_KNOTS.);
#1021 = CARTESIAN_POINT('',(3.091571796784,-26.4));
#1022 = CARTESIAN_POINT('',(3.091571796784,26.4));
#1023 = ( GEOMETRIC_REPRESENTATION_CONTEXT(2) 
PARAMETRIC_REPRESENTATION_CONTEXT() REPRESENTATION_CONTEXT('2D SPACE',''
  ) );
#1024 = PCURVE('',#1025,#1030);
#1025 = PLANE('',#1026);
#1026 = AXIS2_PLACEMENT_3D('',#1027,#1028,#1029);
#1027 = CARTESIAN_POINT('',(-30.00000000547,-1.73210767953E-15,0.));
#1028 = DIRECTION('',(0.,0.,1.));
#1029 = DIRECTION('',(1.,0.,0.));
#1030 = DEFINITIONAL_REPRESENTATION('',(#1031),#1034);
#1031 = B_SPLINE_CURVE_WITH_KNOTS('',1,(#1032,#1033),.UNSPECIFIED.,.F.,
  .F.,(2,2),(-26.4,26.4),.PIECEWISE_BEZIER_KNOTS.);
#1032 = CARTESIAN_POINT('',(-26.39999999452,-39.94996871087));
#1033 = CARTESIAN_POINT('',(26.400000005475,-39.94996871087));
#1034 = ( GEOMETRIC_REPRESENTATION_CONTEXT(2) 
PARAMETRIC_REPRESENTATION_CONTEXT() REPRESENTATION_CONTEXT('2D SPACE',''
  ) );
#1035 = ORIENTED_EDGE('',*,*,#1036,.F.);
#1036 = EDGE_CURVE('',#1037,#1011,#1039,.T.);
#1037 = VERTEX_POINT('',#1038);
#1038 = CARTESIAN_POINT('',(-48.99452040309,-39.871794542,1.2));
#1039 = SURFACE_CURVE('',#1040,(#1046,#1055),.PCURVE_S1.);
#1040 = B_SPLINE_CURVE_WITH_KNOTS('',4,(#1041,#1042,#1043,#1044,#1045),
  .UNSPECIFIED.,.F.,.F.,(5,5),(0.,1.),.PIECEWISE_BEZIER_KNOTS.);
#1041 = CARTESIAN_POINT('',(-48.99452038495,-39.87179449385,1.2000006));
#1042 = CARTESIAN_POINT('',(-49.00358473359,-39.89585338794,
    0.900228380939));
#1043 = CARTESIAN_POINT('',(-49.01122083617,-39.91690209896,
    0.600278372271));
#1044 = CARTESIAN_POINT('',(-49.01759855805,-39.93494035556,
    0.300191162231));
#1045 = CARTESIAN_POINT('',(-49.02281893137,-39.94996871087,
    -5.506706202141E-14));
#1046 = PCURVE('',#160,#1047);
#1047 = DEFINITIONAL_REPRESENTATION('',(#1048),#1054);
#1048 = B_SPLINE_CURVE_WITH_KNOTS('',4,(#1049,#1050,#1051,#1052,#1053),
  .UNSPECIFIED.,.F.,.F.,(5,5),(0.,1.),.PIECEWISE_BEZIER_KNOTS.);
#1049 = CARTESIAN_POINT('',(3.061507058508,-18.99452038495));
#1050 = CARTESIAN_POINT('',(3.069025461501,-19.00358473359));
#1051 = CARTESIAN_POINT('',(3.076542274639,-19.01122083617));
#1052 = CARTESIAN_POINT('',(3.084057619128,-19.01759855805));
#1053 = CARTESIAN_POINT('',(3.091571796784,-19.02281893137));
#1054 = ( GEOMETRIC_REPRESENTATION_CONTEXT(2) 
PARAMETRIC_REPRESENTATION_CONTEXT() REPRESENTATION_CONTEXT('2D SPACE',''
  ) );
#1055 = PCURVE('',#1056,#1061);
#1056 = CYLINDRICAL_SURFACE('',#1057,3.2);
#1057 = AXIS2_PLACEMENT_3D('',#1058,#1059,#1060);
#1058 = CARTESIAN_POINT('',(-46.,-41.,0.));
#1059 = DIRECTION('',(0.,0.,1.));
#1060 = DIRECTION('',(1.,0.,0.));
#1061 = DEFINITIONAL_REPRESENTATION('',(#1062),#1068);
#1062 = B_SPLINE_CURVE_WITH_KNOTS('',4,(#1063,#1064,#1065,#1066,#1067),
  .UNSPECIFIED.,.F.,.F.,(5,5),(5.003799507418E-07,1.),
  .PIECEWISE_BEZIER_KNOTS.);
#1063 = CARTESIAN_POINT('',(2.781282801846,1.2));
#1064 = CARTESIAN_POINT('',(2.7893171026,0.900227930672));
#1065 = CARTESIAN_POINT('',(2.796313809265,0.600278071956));
#1066 = CARTESIAN_POINT('',(2.802292675121,0.300191012021));
#1067 = CARTESIAN_POINT('',(2.807264308597,-5.506706202141E-14));
#1068 = ( GEOMETRIC_REPRESENTATION_CONTEXT(2) 
PARAMETRIC_REPRESENTATION_CONTEXT() REPRESENTATION_CONTEXT('2D SPACE',''
  ) );
#1069 = ORIENTED_EDGE('',*,*,#1070,.T.);
#1070 = EDGE_CURVE('',#1037,#1071,#1073,.T.);
#1071 = VERTEX_POINT('',#1072);
#1072 = CARTESIAN_POINT('',(-47.27167309709,-39.87179454338,1.2));
#1073 = SURFACE_CURVE('',#1074,(#1078,#1084),.PCURVE_S1.);
#1074 = LINE('',#1075,#1076);
#1075 = CARTESIAN_POINT('',(-30.,-39.871794542,1.2));
#1076 = VECTOR('',#1077,1.);
#1077 = DIRECTION('',(1.,0.,0.));
#1078 = PCURVE('',#160,#1079);
#1079 = DEFINITIONAL_REPRESENTATION('',(#1080),#1083);
#1080 = B_SPLINE_CURVE_WITH_KNOTS('',1,(#1081,#1082),.UNSPECIFIED.,.F.,
  .F.,(2,2),(-19.84,-17.18274519535),.PIECEWISE_BEZIER_KNOTS.);
#1081 = CARTESIAN_POINT('',(3.061507073556,-19.84));
#1082 = CARTESIAN_POINT('',(3.061507073556,-17.18274519535));
#1083 = ( GEOMETRIC_REPRESENTATION_CONTEXT(2) 
PARAMETRIC_REPRESENTATION_CONTEXT() REPRESENTATION_CONTEXT('2D SPACE',''
  ) );
#1084 = PCURVE('',#1085,#1090);
#1085 = PLANE('',#1086);
#1086 = AXIS2_PLACEMENT_3D('',#1087,#1088,#1089);
#1087 = CARTESIAN_POINT('',(-46.,-41.,1.2));
#1088 = DIRECTION('',(0.,0.,1.));
#1089 = DIRECTION('',(1.,0.,0.));
#1090 = DEFINITIONAL_REPRESENTATION('',(#1091),#1094);
#1091 = B_SPLINE_CURVE_WITH_KNOTS('',1,(#1092,#1093),.UNSPECIFIED.,.F.,
  .F.,(2,2),(-19.84,-17.18274519535),.PIECEWISE_BEZIER_KNOTS.);
#1092 = CARTESIAN_POINT('',(-3.84,1.128205457993));
#1093 = CARTESIAN_POINT('',(-1.182745195352,1.128205457993));
#1094 = ( GEOMETRIC_REPRESENTATION_CONTEXT(2) 
PARAMETRIC_REPRESENTATION_CONTEXT() REPRESENTATION_CONTEXT('2D SPACE',''
  ) );
#1095 = ORIENTED_EDGE('',*,*,#1096,.T.);
#1096 = EDGE_CURVE('',#1071,#146,#1097,.T.);
#1097 = SURFACE_CURVE('',#1098,(#1113,#1131),.PCURVE_S1.);
#1098 = B_SPLINE_CURVE_WITH_KNOTS('',7,(#1099,#1100,#1101,#1102,#1103,
    #1104,#1105,#1106,#1107,#1108,#1109,#1110,#1111,#1112),
  .UNSPECIFIED.,.F.,.F.,(8,6,8),(0.,0.840135590019,1.),.UNSPECIFIED.);
#1099 = CARTESIAN_POINT('',(-47.33694962203,-39.94996871087,
    -5.506706202141E-14));
#1100 = CARTESIAN_POINT('',(-47.31653997878,-39.92398218541,
    0.519080439623));
#1101 = CARTESIAN_POINT('',(-47.28951788028,-39.89078983714,
    1.024521295018));
#1102 = CARTESIAN_POINT('',(-47.25499894164,-39.85055209964,
    1.527644397895));
#1103 = CARTESIAN_POINT('',(-47.21086749086,-39.80253790128,
    2.035978291064));
#1104 = CARTESIAN_POINT('',(-47.15401596486,-39.74609351106,
    2.549461792476));
#1105 = CARTESIAN_POINT('',(-47.0798427525,-39.6816155147,3.061181336603
    ));
#1106 = CARTESIAN_POINT('',(-46.96410567904,-39.59963778903,
    3.646025166017));
#1107 = CARTESIAN_POINT('',(-46.94470000993,-39.58632485214,
    3.739129293519));
#1108 = CARTESIAN_POINT('',(-46.9242880338,-39.57279044214,
    3.831966197376));
#1109 = CARTESIAN_POINT('',(-46.9027617848,-39.55903116441,
    3.924570780124));
#1110 = CARTESIAN_POINT('',(-46.88000804776,-39.54505654344,
    4.016888621098));
#1111 = CARTESIAN_POINT('',(-46.85590819794,-39.53089147945,
    4.108776113254));
#1112 = CARTESIAN_POINT('',(-46.83033804078,-39.51657870514,4.2000006));
#1113 = PCURVE('',#160,#1114);
#1114 = DEFINITIONAL_REPRESENTATION('',(#1115),#1130);
#1115 = B_SPLINE_CURVE_WITH_KNOTS('',7,(#1116,#1117,#1118,#1119,#1120,
    #1121,#1122,#1123,#1124,#1125,#1126,#1127,#1128,#1129),
  .UNSPECIFIED.,.F.,.F.,(8,6,8),(0.,0.840135590019,1.),.UNSPECIFIED.);
#1116 = CARTESIAN_POINT('',(3.091571796784,-17.33694962203));
#1117 = CARTESIAN_POINT('',(3.078578534051,-17.31653997878));
#1118 = CARTESIAN_POINT('',(3.065916826169,-17.28951788028));
#1119 = CARTESIAN_POINT('',(3.053300607339,-17.25499894164));
#1120 = CARTESIAN_POINT('',(3.040538188831,-17.21086749086));
#1121 = CARTESIAN_POINT('',(3.027626389421,-17.15401596486));
#1122 = CARTESIAN_POINT('',(3.014733494621,-17.0798427525));
#1123 = CARTESIAN_POINT('',(2.999969462052,-16.96410567904));
#1124 = CARTESIAN_POINT('',(2.997618192964,-16.94470000993));
#1125 = CARTESIAN_POINT('',(2.995272750052,-16.9242880338));
#1126 = CARTESIAN_POINT('',(2.992932236142,-16.9027617848));
#1127 = CARTESIAN_POINT('',(2.990598010912,-16.88000804776));
#1128 = CARTESIAN_POINT('',(2.988273696824,-16.85590819794));
#1129 = CARTESIAN_POINT('',(2.985965185062,-16.83033804078));
#1130 = ( GEOMETRIC_REPRESENTATION_CONTEXT(2) 
PARAMETRIC_REPRESENTATION_CONTEXT() REPRESENTATION_CONTEXT('2D SPACE',''
  ) );
#1131 = PCURVE('',#391,#1132);
#1132 = DEFINITIONAL_REPRESENTATION('',(#1133),#1142);
#1133 = B_SPLINE_CURVE_WITH_KNOTS('',7,(#1134,#1135,#1136,#1137,#1138,
    #1139,#1140,#1141),.UNSPECIFIED.,.F.,.F.,(8,8),(0.,0.518132439952),
  .PIECEWISE_BEZIER_KNOTS.);
#1134 = CARTESIAN_POINT('',(6.948956055519,4.2));
#1135 = CARTESIAN_POINT('',(6.960943443847,3.879870228201));
#1136 = CARTESIAN_POINT('',(6.975112205462,3.56492826488));
#1137 = CARTESIAN_POINT('',(6.991524489058,3.252518337357));
#1138 = CARTESIAN_POINT('',(7.010367731546,2.940533431787));
#1139 = CARTESIAN_POINT('',(7.031919619276,2.627754007112));
#1140 = CARTESIAN_POINT('',(7.056516823968,2.313937244599));
#1141 = CARTESIAN_POINT('',(7.084542010949,1.999999999083));
#1142 = ( GEOMETRIC_REPRESENTATION_CONTEXT(2) 
PARAMETRIC_REPRESENTATION_CONTEXT() REPRESENTATION_CONTEXT('2D SPACE',''
  ) );
#1143 = ORIENTED_EDGE('',*,*,#143,.F.);
#1144 = ORIENTED_EDGE('',*,*,#520,.F.);
#1145 = ORIENTED_EDGE('',*,*,#1146,.F.);
#1146 = EDGE_CURVE('',#1147,#493,#1149,.T.);
#1147 = VERTEX_POINT('',#1148);
#1148 = CARTESIAN_POINT('',(-49.8,-32.7261363439,21.));
#1149 = SURFACE_CURVE('',#1150,(#1155,#1162),.PCURVE_S1.);
#1150 = CIRCLE('',#1151,40.);
#1151 = AXIS2_PLACEMENT_3D('',#1152,#1153,#1154);
#1152 = CARTESIAN_POINT('',(-49.8,0.,-2.));
#1153 = DIRECTION('',(1.,0.,0.));
#1154 = DIRECTION('',(-0.,1.,0.));
#1155 = PCURVE('',#160,#1156);
#1156 = DEFINITIONAL_REPRESENTATION('',(#1157),#1161);
#1157 = LINE('',#1158,#1159);
#1158 = CARTESIAN_POINT('',(0.,-19.8));
#1159 = VECTOR('',#1160,1.);
#1160 = DIRECTION('',(1.,0.));
#1161 = ( GEOMETRIC_REPRESENTATION_CONTEXT(2) 
PARAMETRIC_REPRESENTATION_CONTEXT() REPRESENTATION_CONTEXT('2D SPACE',''
  ) );
#1162 = PCURVE('',#508,#1163);
#1163 = DEFINITIONAL_REPRESENTATION('',(#1164),#1172);
#1164 = ( BOUNDED_CURVE() B_SPLINE_CURVE(2,(#1165,#1166,#1167,#1168,
#1169,#1170,#1171),.UNSPECIFIED.,.T.,.F.) B_SPLINE_CURVE_WITH_KNOTS((1,2
    ,2,2,2,1),(-2.094395102393,0.,2.094395102393,4.188790204786,
6.28318530718,8.377580409573),.UNSPECIFIED.) CURVE() 
GEOMETRIC_REPRESENTATION_ITEM() RATIONAL_B_SPLINE_CURVE((1.,0.5,1.,0.5,
1.,0.5,1.)) REPRESENTATION_ITEM('') );
#1165 = CARTESIAN_POINT('',(77.,4.2));
#1166 = CARTESIAN_POINT('',(77.,-65.08203230275));
#1167 = CARTESIAN_POINT('',(17.,-30.44101615137));
#1168 = CARTESIAN_POINT('',(-43.,4.2));
#1169 = CARTESIAN_POINT('',(17.,38.841016151378));
#1170 = CARTESIAN_POINT('',(77.,73.482032302755));
#1171 = CARTESIAN_POINT('',(77.,4.2));
#1172 = ( GEOMETRIC_REPRESENTATION_CONTEXT(2) 
PARAMETRIC_REPRESENTATION_CONTEXT() REPRESENTATION_CONTEXT('2D SPACE',''
  ) );
#1173 = ORIENTED_EDGE('',*,*,#1174,.F.);
#1174 = EDGE_CURVE('',#1175,#1147,#1177,.T.);
#1175 = VERTEX_POINT('',#1176);
#1176 = CARTESIAN_POINT('',(-50.,-32.7261363439,21.));
#1177 = SURFACE_CURVE('',#1178,(#1182,#1188),.PCURVE_S1.);
#1178 = LINE('',#1179,#1180);
#1179 = CARTESIAN_POINT('',(-30.,-32.7261363439,21.));
#1180 = VECTOR('',#1181,1.);
#1181 = DIRECTION('',(1.,0.,0.));
#1182 = PCURVE('',#160,#1183);
#1183 = DEFINITIONAL_REPRESENTATION('',(#1184),#1187);
#1184 = B_SPLINE_CURVE_WITH_KNOTS('',1,(#1185,#1186),.UNSPECIFIED.,.F.,
  .F.,(2,2),(-26.4,26.4),.PIECEWISE_BEZIER_KNOTS.);
#1185 = CARTESIAN_POINT('',(2.528988505541,-26.4));
#1186 = CARTESIAN_POINT('',(2.528988505541,26.4));
#1187 = ( GEOMETRIC_REPRESENTATION_CONTEXT(2) 
PARAMETRIC_REPRESENTATION_CONTEXT() REPRESENTATION_CONTEXT('2D SPACE',''
  ) );
#1188 = PCURVE('',#476,#1189);
#1189 = DEFINITIONAL_REPRESENTATION('',(#1190),#1193);
#1190 = B_SPLINE_CURVE_WITH_KNOTS('',1,(#1191,#1192),.UNSPECIFIED.,.F.,
  .F.,(2,2),(-26.4,26.4),.PIECEWISE_BEZIER_KNOTS.);
#1191 = CARTESIAN_POINT('',(-26.39999999452,-32.7261363439));
#1192 = CARTESIAN_POINT('',(26.400000005475,-32.7261363439));
#1193 = ( GEOMETRIC_REPRESENTATION_CONTEXT(2) 
PARAMETRIC_REPRESENTATION_CONTEXT() REPRESENTATION_CONTEXT('2D SPACE',''
  ) );
#1194 = ORIENTED_EDGE('',*,*,#1195,.T.);
#1195 = EDGE_CURVE('',#1175,#1196,#1198,.T.);
#1196 = VERTEX_POINT('',#1197);
#1197 = CARTESIAN_POINT('',(-50.,-33.73054995104,19.5));
#1198 = SURFACE_CURVE('',#1199,(#1204,#1211),.PCURVE_S1.);
#1199 = CIRCLE('',#1200,40.);
#1200 = AXIS2_PLACEMENT_3D('',#1201,#1202,#1203);
#1201 = CARTESIAN_POINT('',(-50.,0.,-2.));
#1202 = DIRECTION('',(1.,0.,0.));
#1203 = DIRECTION('',(-0.,1.,0.));
#1204 = PCURVE('',#160,#1205);
#1205 = DEFINITIONAL_REPRESENTATION('',(#1206),#1210);
#1206 = LINE('',#1207,#1208);
#1207 = CARTESIAN_POINT('',(0.,-20.));
#1208 = VECTOR('',#1209,1.);
#1209 = DIRECTION('',(1.,0.));
#1210 = ( GEOMETRIC_REPRESENTATION_CONTEXT(2) 
PARAMETRIC_REPRESENTATION_CONTEXT() REPRESENTATION_CONTEXT('2D SPACE',''
  ) );
#1211 = PCURVE('',#1212,#1217);
#1212 = PLANE('',#1213);
#1213 = AXIS2_PLACEMENT_3D('',#1214,#1215,#1216);
#1214 = CARTESIAN_POINT('',(-50.,-47.,21.));
#1215 = DIRECTION('',(1.,0.,0.));
#1216 = DIRECTION('',(-0.,1.,0.));
#1217 = DEFINITIONAL_REPRESENTATION('',(#1218),#1222);
#1218 = CIRCLE('',#1219,40.);
#1219 = AXIS2_PLACEMENT_2D('',#1220,#1221);
#1220 = CARTESIAN_POINT('',(47.,-23.));
#1221 = DIRECTION('',(1.,0.));
#1222 = ( GEOMETRIC_REPRESENTATION_CONTEXT(2) 
PARAMETRIC_REPRESENTATION_CONTEXT() REPRESENTATION_CONTEXT('2D SPACE',''
  ) );
#1223 = ORIENTED_EDGE('',*,*,#1224,.F.);
#1224 = EDGE_CURVE('',#1225,#1196,#1227,.T.);
#1225 = VERTEX_POINT('',#1226);
#1226 = CARTESIAN_POINT('',(-50.9,-33.73054995104,19.5));
#1227 = SURFACE_CURVE('',#1228,(#1232,#1238),.PCURVE_S1.);
#1228 = LINE('',#1229,#1230);
#1229 = CARTESIAN_POINT('',(-30.,-33.73054995104,19.5));
#1230 = VECTOR('',#1231,1.);
#1231 = DIRECTION('',(1.,0.,0.));
#1232 = PCURVE('',#160,#1233);
#1233 = DEFINITIONAL_REPRESENTATION('',(#1234),#1237);
#1234 = B_SPLINE_CURVE_WITH_KNOTS('',1,(#1235,#1236),.UNSPECIFIED.,.F.,
  .F.,(2,2),(-22.0000006,-17.18274519535),.PIECEWISE_BEZIER_KNOTS.);
#1235 = CARTESIAN_POINT('',(2.574123026515,-22.0000006));
#1236 = CARTESIAN_POINT('',(2.574123026515,-17.18274519535));
#1237 = ( GEOMETRIC_REPRESENTATION_CONTEXT(2) 
PARAMETRIC_REPRESENTATION_CONTEXT() REPRESENTATION_CONTEXT('2D SPACE',''
  ) );
#1238 = PCURVE('',#1239,#1244);
#1239 = PLANE('',#1240);
#1240 = AXIS2_PLACEMENT_3D('',#1241,#1242,#1243);
#1241 = CARTESIAN_POINT('',(-30.,0.,19.5));
#1242 = DIRECTION('',(0.,0.,1.));
#1243 = DIRECTION('',(1.,0.,0.));
#1244 = DEFINITIONAL_REPRESENTATION('',(#1245),#1248);
#1245 = B_SPLINE_CURVE_WITH_KNOTS('',1,(#1246,#1247),.UNSPECIFIED.,.F.,
  .F.,(2,2),(-22.0000006,-17.18274519535),.PIECEWISE_BEZIER_KNOTS.);
#1246 = CARTESIAN_POINT('',(-22.0000006,-33.73054995104));
#1247 = CARTESIAN_POINT('',(-17.18274519535,-33.73054995104));
#1248 = ( GEOMETRIC_REPRESENTATION_CONTEXT(2) 
PARAMETRIC_REPRESENTATION_CONTEXT() REPRESENTATION_CONTEXT('2D SPACE',''
  ) );
#1249 = ORIENTED_EDGE('',*,*,#1250,.F.);
#1250 = EDGE_CURVE('',#891,#1225,#1251,.T.);
#1251 = SURFACE_CURVE('',#1252,(#1257,#1264),.PCURVE_S1.);
#1252 = CIRCLE('',#1253,40.);
#1253 = AXIS2_PLACEMENT_3D('',#1254,#1255,#1256);
#1254 = CARTESIAN_POINT('',(-50.9,0.,-2.));
#1255 = DIRECTION('',(1.,0.,0.));
#1256 = DIRECTION('',(-0.,1.,0.));
#1257 = PCURVE('',#160,#1258);
#1258 = DEFINITIONAL_REPRESENTATION('',(#1259),#1263);
#1259 = LINE('',#1260,#1261);
#1260 = CARTESIAN_POINT('',(0.,-20.9));
#1261 = VECTOR('',#1262,1.);
#1262 = DIRECTION('',(1.,0.));
#1263 = ( GEOMETRIC_REPRESENTATION_CONTEXT(2) 
PARAMETRIC_REPRESENTATION_CONTEXT() REPRESENTATION_CONTEXT('2D SPACE',''
  ) );
#1264 = PCURVE('',#1265,#1270);
#1265 = PLANE('',#1266);
#1266 = AXIS2_PLACEMENT_3D('',#1267,#1268,#1269);
#1267 = CARTESIAN_POINT('',(-50.9,-47.9,21.));
#1268 = DIRECTION('',(1.,0.,0.));
#1269 = DIRECTION('',(-0.,1.,0.));
#1270 = DEFINITIONAL_REPRESENTATION('',(#1271),#1275);
#1271 = CIRCLE('',#1272,40.);
#1272 = AXIS2_PLACEMENT_2D('',#1273,#1274);
#1273 = CARTESIAN_POINT('',(47.9,-23.));
#1274 = DIRECTION('',(1.,0.));
#1275 = ( GEOMETRIC_REPRESENTATION_CONTEXT(2) 
PARAMETRIC_REPRESENTATION_CONTEXT() REPRESENTATION_CONTEXT('2D SPACE',''
  ) );
#1276 = ADVANCED_FACE('',(#1277),#242,.T.);
#1277 = FACE_BOUND('',#1278,.T.);
#1278 = EDGE_LOOP('',(#1279,#1280,#1281,#1309));
#1279 = ORIENTED_EDGE('',*,*,#221,.F.);
#1280 = ORIENTED_EDGE('',*,*,#831,.T.);
#1281 = ORIENTED_EDGE('',*,*,#1282,.T.);
#1282 = EDGE_CURVE('',#811,#1283,#1285,.T.);
#1283 = VERTEX_POINT('',#1284);
#1284 = CARTESIAN_POINT('',(-18.92864044696,-46.74126216822,5.2));
#1285 = SURFACE_CURVE('',#1286,(#1291,#1298),.PCURVE_S1.);
#1286 = CIRCLE('',#1287,2.2);
#1287 = AXIS2_PLACEMENT_3D('',#1288,#1289,#1290);
#1288 = CARTESIAN_POINT('',(-21.,-46.,5.2));
#1289 = DIRECTION('',(-0.,0.,-1.));
#1290 = DIRECTION('',(-0.931540978724,-0.363636363636,0.));
#1291 = PCURVE('',#242,#1292);
#1292 = DEFINITIONAL_REPRESENTATION('',(#1293),#1297);
#1293 = LINE('',#1294,#1295);
#1294 = CARTESIAN_POINT('',(9.79694649473,3.));
#1295 = VECTOR('',#1296,1.);
#1296 = DIRECTION('',(-1.,-0.));
#1297 = ( GEOMETRIC_REPRESENTATION_CONTEXT(2) 
PARAMETRIC_REPRESENTATION_CONTEXT() REPRESENTATION_CONTEXT('2D SPACE',''
  ) );
#1298 = PCURVE('',#772,#1299);
#1299 = DEFINITIONAL_REPRESENTATION('',(#1300),#1308);
#1300 = ( BOUNDED_CURVE() B_SPLINE_CURVE(2,(#1301,#1302,#1303,#1304,
#1305,#1306,#1307),.UNSPECIFIED.,.T.,.F.) B_SPLINE_CURVE_WITH_KNOTS((1,2
    ,2,2,2,1),(-2.094395102393,0.,2.094395102393,4.188790204786,
6.28318530718,8.377580409573),.UNSPECIFIED.) CURVE() 
GEOMETRIC_REPRESENTATION_ITEM() RATIONAL_B_SPLINE_CURVE((1.,0.5,1.,0.5,
1.,0.5,1.)) REPRESENTATION_ITEM('') );
#1301 = CARTESIAN_POINT('',(-2.049390153192,-0.8));
#1302 = CARTESIAN_POINT('',(-3.435030799247,2.74964786986));
#1303 = CARTESIAN_POINT('',(0.331874753568,2.17482393493));
#1304 = CARTESIAN_POINT('',(4.098780306384,1.6));
#1305 = CARTESIAN_POINT('',(1.717515399624,-1.37482393493));
#1306 = CARTESIAN_POINT('',(-0.663749507137,-4.34964786986));
#1307 = CARTESIAN_POINT('',(-2.049390153192,-0.8));
#1308 = ( GEOMETRIC_REPRESENTATION_CONTEXT(2) 
PARAMETRIC_REPRESENTATION_CONTEXT() REPRESENTATION_CONTEXT('2D SPACE',''
  ) );
#1309 = ORIENTED_EDGE('',*,*,#1310,.T.);
#1310 = EDGE_CURVE('',#1283,#222,#1311,.T.);
#1311 = SURFACE_CURVE('',#1312,(#1316,#1322),.PCURVE_S1.);
#1312 = LINE('',#1313,#1314);
#1313 = CARTESIAN_POINT('',(-18.92864044696,-46.74126216822,2.2));
#1314 = VECTOR('',#1315,1.);
#1315 = DIRECTION('',(0.,0.,-1.));
#1316 = PCURVE('',#242,#1317);
#1317 = DEFINITIONAL_REPRESENTATION('',(#1318),#1321);
#1318 = B_SPLINE_CURVE_WITH_KNOTS('',1,(#1319,#1320),.UNSPECIFIED.,.F.,
  .F.,(2,2),(-3.,0.),.PIECEWISE_BEZIER_KNOTS.);
#1319 = CARTESIAN_POINT('',(5.939523165652,3.));
#1320 = CARTESIAN_POINT('',(5.939523165652,0.));
#1321 = ( GEOMETRIC_REPRESENTATION_CONTEXT(2) 
PARAMETRIC_REPRESENTATION_CONTEXT() REPRESENTATION_CONTEXT('2D SPACE',''
  ) );
#1322 = PCURVE('',#275,#1323);
#1323 = DEFINITIONAL_REPRESENTATION('',(#1324),#1327);
#1324 = B_SPLINE_CURVE_WITH_KNOTS('',1,(#1325,#1326),.UNSPECIFIED.,.F.,
  .F.,(2,2),(-3.0000006,5.999999999062E-07),.PIECEWISE_BEZIER_KNOTS.);
#1325 = CARTESIAN_POINT('',(4.602847634665,-3.0000006));
#1326 = CARTESIAN_POINT('',(4.602847634665,5.999999999062E-07));
#1327 = ( GEOMETRIC_REPRESENTATION_CONTEXT(2) 
PARAMETRIC_REPRESENTATION_CONTEXT() REPRESENTATION_CONTEXT('2D SPACE',''
  ) );
#1328 = ADVANCED_FACE('',(#1329),#275,.F.);
#1329 = FACE_BOUND('',#1330,.F.);
#1330 = EDGE_LOOP('',(#1331,#1332,#1388,#1416,#1442,#1443,#1469));
#1331 = ORIENTED_EDGE('',*,*,#254,.F.);
#1332 = ORIENTED_EDGE('',*,*,#1333,.F.);
#1333 = EDGE_CURVE('',#1334,#255,#1336,.T.);
#1334 = VERTEX_POINT('',#1335);
#1335 = CARTESIAN_POINT('',(-10.20000001821,-37.,13.198684153571));
#1336 = SURFACE_CURVE('',#1337,(#1352,#1370),.PCURVE_S1.);
#1337 = B_SPLINE_CURVE_WITH_KNOTS('',5,(#1338,#1339,#1340,#1341,#1342,
    #1343,#1344,#1345,#1346,#1347,#1348,#1349,#1350,#1351),
  .UNSPECIFIED.,.F.,.F.,(6,4,4,6),(0.,0.336652935706,0.667342764607,1.),
  .UNSPECIFIED.);
#1338 = CARTESIAN_POINT('',(-10.20000003642,-37.,13.198684153571));
#1339 = CARTESIAN_POINT('',(-10.20000003642,-37.29740971798,
    12.474663609791));
#1340 = CARTESIAN_POINT('',(-10.2112817077,-37.57577084021,
    11.746627801975));
#1341 = CARTESIAN_POINT('',(-10.2309582039,-37.83517180639,
    11.015269617474));
#1342 = CARTESIAN_POINT('',(-10.25665277855,-38.07583250535,
    10.281021406174));
#1343 = CARTESIAN_POINT('',(-10.3154960068,-38.51619567956,
    8.820091216785));
#1344 = CARTESIAN_POINT('',(-10.34850165219,-38.71652608804,
    8.09357894664));
#1345 = CARTESIAN_POINT('',(-10.38342994326,-38.89915255729,
    7.364778477243));
#1346 = CARTESIAN_POINT('',(-10.41866735253,-39.06422639115,
    6.633935291824));
#1347 = CARTESIAN_POINT('',(-10.48727941468,-39.36037858273,
    5.164208727717));
#1348 = CARTESIAN_POINT('',(-10.52064290717,-39.49125270823,
    4.425284150666));
#1349 = CARTESIAN_POINT('',(-10.55159444154,-39.60458312223,
    3.684774151027));
#1350 = CARTESIAN_POINT('',(-10.57905112053,-39.70044676174,
    2.94293821242));
#1351 = CARTESIAN_POINT('',(-10.60224624749,-39.77888893672,2.1999994));
#1352 = PCURVE('',#275,#1353);
#1353 = DEFINITIONAL_REPRESENTATION('',(#1354),#1369);
#1354 = B_SPLINE_CURVE_WITH_KNOTS('',5,(#1355,#1356,#1357,#1358,#1359,
    #1360,#1361,#1362,#1363,#1364,#1365,#1366,#1367,#1368),
  .UNSPECIFIED.,.F.,.F.,(6,4,4,6),(0.,0.336652935706,0.667342764607,1.),
  .UNSPECIFIED.);
#1355 = CARTESIAN_POINT('',(3.14159265359,-10.99868415357));
#1356 = CARTESIAN_POINT('',(3.171940583997,-10.27466360979));
#1357 = CARTESIAN_POINT('',(3.200344846046,-9.546627801975));
#1358 = CARTESIAN_POINT('',(3.22687226061,-8.815269617474));
#1359 = CARTESIAN_POINT('',(3.251560325367,-8.081021406174));
#1360 = CARTESIAN_POINT('',(3.296894735859,-6.620091216785));
#1361 = CARTESIAN_POINT('',(3.317602619647,-5.89357894664));
#1362 = CARTESIAN_POINT('',(3.33656935757,-5.164778477243));
#1363 = CARTESIAN_POINT('',(3.353790504221,-4.433935291824));
#1364 = CARTESIAN_POINT('',(3.384810532355,-2.964208727717));
#1365 = CARTESIAN_POINT('',(3.398588846161,-2.225284150665));
#1366 = CARTESIAN_POINT('',(3.410575376135,-1.484774151027));
#1367 = CARTESIAN_POINT('',(3.420750305163,-0.74293821242));
#1368 = CARTESIAN_POINT('',(3.42909721196,5.999999999062E-07));
#1369 = ( GEOMETRIC_REPRESENTATION_CONTEXT(2) 
PARAMETRIC_REPRESENTATION_CONTEXT() REPRESENTATION_CONTEXT('2D SPACE',''
  ) );
#1370 = PCURVE('',#302,#1371);
#1371 = DEFINITIONAL_REPRESENTATION('',(#1372),#1387);
#1372 = B_SPLINE_CURVE_WITH_KNOTS('',5,(#1373,#1374,#1375,#1376,#1377,
    #1378,#1379,#1380,#1381,#1382,#1383,#1384,#1385,#1386),
  .UNSPECIFIED.,.F.,.F.,(6,4,4,6),(0.,0.336652935706,0.667342764607,1.),
  .UNSPECIFIED.);
#1373 = CARTESIAN_POINT('',(2.751831920792,19.799999963579));
#1374 = CARTESIAN_POINT('',(2.771400043597,19.799999963579));
#1375 = CARTESIAN_POINT('',(2.790880070114,19.788718292292));
#1376 = CARTESIAN_POINT('',(2.810272448586,19.769041796091));
#1377 = CARTESIAN_POINT('',(2.829583963505,19.743347221444));
#1378 = CARTESIAN_POINT('',(2.867730365232,19.684503993197));
#1379 = CARTESIAN_POINT('',(2.886565723607,19.651498347807));
#1380 = CARTESIAN_POINT('',(2.905342190562,19.616570056736));
#1381 = CARTESIAN_POINT('',(2.924068448766,19.581332647463));
#1382 = CARTESIAN_POINT('',(2.961550130074,19.512720585317));
#1383 = CARTESIAN_POINT('',(2.980305554134,19.479357092822));
#1384 = CARTESIAN_POINT('',(2.999027033497,19.448405558455));
#1385 = CARTESIAN_POINT('',(3.017722056637,19.420948879464));
#1386 = CARTESIAN_POINT('',(3.036398767633,19.39775375251));
#1387 = ( GEOMETRIC_REPRESENTATION_CONTEXT(2) 
PARAMETRIC_REPRESENTATION_CONTEXT() REPRESENTATION_CONTEXT('2D SPACE',''
  ) );
#1388 = ORIENTED_EDGE('',*,*,#1389,.T.);
#1389 = EDGE_CURVE('',#1334,#1390,#1392,.T.);
#1390 = VERTEX_POINT('',#1391);
#1391 = CARTESIAN_POINT('',(-10.20000001821,-37.,21.));
#1392 = SURFACE_CURVE('',#1393,(#1397,#1404),.PCURVE_S1.);
#1393 = LINE('',#1394,#1395);
#1394 = CARTESIAN_POINT('',(-10.20000001821,-37.,2.2));
#1395 = VECTOR('',#1396,1.);
#1396 = DIRECTION('',(0.,0.,1.));
#1397 = PCURVE('',#275,#1398);
#1398 = DEFINITIONAL_REPRESENTATION('',(#1399),#1403);
#1399 = LINE('',#1400,#1401);
#1400 = CARTESIAN_POINT('',(3.14159265359,0.));
#1401 = VECTOR('',#1402,1.);
#1402 = DIRECTION('',(0.,-1.));
#1403 = ( GEOMETRIC_REPRESENTATION_CONTEXT(2) 
PARAMETRIC_REPRESENTATION_CONTEXT() REPRESENTATION_CONTEXT('2D SPACE',''
  ) );
#1404 = PCURVE('',#1405,#1410);
#1405 = PLANE('',#1406);
#1406 = AXIS2_PLACEMENT_3D('',#1407,#1408,#1409);
#1407 = CARTESIAN_POINT('',(-10.2,-37.,2.2));
#1408 = DIRECTION('',(-1.,0.,0.));
#1409 = DIRECTION('',(0.,1.,0.));
#1410 = DEFINITIONAL_REPRESENTATION('',(#1411),#1415);
#1411 = LINE('',#1412,#1413);
#1412 = CARTESIAN_POINT('',(0.,0.));
#1413 = VECTOR('',#1414,1.);
#1414 = DIRECTION('',(0.,-1.));
#1415 = ( GEOMETRIC_REPRESENTATION_CONTEXT(2) 
PARAMETRIC_REPRESENTATION_CONTEXT() REPRESENTATION_CONTEXT('2D SPACE',''
  ) );
#1416 = ORIENTED_EDGE('',*,*,#1417,.T.);
#1417 = EDGE_CURVE('',#1390,#714,#1418,.T.);
#1418 = SURFACE_CURVE('',#1419,(#1424,#1431),.PCURVE_S1.);
#1419 = CIRCLE('',#1420,9.8);
#1420 = AXIS2_PLACEMENT_3D('',#1421,#1422,#1423);
#1421 = CARTESIAN_POINT('',(-20.00000003642,-37.,21.));
#1422 = DIRECTION('',(0.,0.,-1.));
#1423 = DIRECTION('',(-1.,0.,0.));
#1424 = PCURVE('',#275,#1425);
#1425 = DEFINITIONAL_REPRESENTATION('',(#1426),#1430);
#1426 = LINE('',#1427,#1428);
#1427 = CARTESIAN_POINT('',(0.,-18.8));
#1428 = VECTOR('',#1429,1.);
#1429 = DIRECTION('',(1.,0.));
#1430 = ( GEOMETRIC_REPRESENTATION_CONTEXT(2) 
PARAMETRIC_REPRESENTATION_CONTEXT() REPRESENTATION_CONTEXT('2D SPACE',''
  ) );
#1431 = PCURVE('',#476,#1432);
#1432 = DEFINITIONAL_REPRESENTATION('',(#1433),#1441);
#1433 = ( BOUNDED_CURVE() B_SPLINE_CURVE(2,(#1434,#1435,#1436,#1437,
#1438,#1439,#1440),.UNSPECIFIED.,.T.,.F.) B_SPLINE_CURVE_WITH_KNOTS((1,2
    ,2,2,2,1),(-2.094395102393,0.,2.094395102393,4.188790204786,
6.28318530718,8.377580409573),.UNSPECIFIED.) CURVE() 
GEOMETRIC_REPRESENTATION_ITEM() RATIONAL_B_SPLINE_CURVE((1.,0.5,1.,0.5,
1.,0.5,1.)) REPRESENTATION_ITEM('') );
#1434 = CARTESIAN_POINT('',(0.199999969054,-37.));
#1435 = CARTESIAN_POINT('',(0.199999969054,-20.02590208582));
#1436 = CARTESIAN_POINT('',(14.899999969054,-28.51295104291));
#1437 = CARTESIAN_POINT('',(29.599999969054,-37.));
#1438 = CARTESIAN_POINT('',(14.899999969054,-45.48704895708));
#1439 = CARTESIAN_POINT('',(0.199999969054,-53.97409791417));
#1440 = CARTESIAN_POINT('',(0.199999969054,-37.));
#1441 = ( GEOMETRIC_REPRESENTATION_CONTEXT(2) 
PARAMETRIC_REPRESENTATION_CONTEXT() REPRESENTATION_CONTEXT('2D SPACE',''
  ) );
#1442 = ORIENTED_EDGE('',*,*,#734,.F.);
#1443 = ORIENTED_EDGE('',*,*,#1444,.F.);
#1444 = EDGE_CURVE('',#1283,#735,#1445,.T.);
#1445 = SURFACE_CURVE('',#1446,(#1451,#1458),.PCURVE_S1.);
#1446 = CIRCLE('',#1447,9.8);
#1447 = AXIS2_PLACEMENT_3D('',#1448,#1449,#1450);
#1448 = CARTESIAN_POINT('',(-20.00000003642,-37.,5.2));
#1449 = DIRECTION('',(0.,0.,-1.));
#1450 = DIRECTION('',(-1.,0.,0.));
#1451 = PCURVE('',#275,#1452);
#1452 = DEFINITIONAL_REPRESENTATION('',(#1453),#1457);
#1453 = LINE('',#1454,#1455);
#1454 = CARTESIAN_POINT('',(0.,-3.));
#1455 = VECTOR('',#1456,1.);
#1456 = DIRECTION('',(1.,0.));
#1457 = ( GEOMETRIC_REPRESENTATION_CONTEXT(2) 
PARAMETRIC_REPRESENTATION_CONTEXT() REPRESENTATION_CONTEXT('2D SPACE',''
  ) );
#1458 = PCURVE('',#772,#1459);
#1459 = DEFINITIONAL_REPRESENTATION('',(#1460),#1468);
#1460 = ( BOUNDED_CURVE() B_SPLINE_CURVE(2,(#1461,#1462,#1463,#1464,
#1465,#1466,#1467),.UNSPECIFIED.,.T.,.F.) B_SPLINE_CURVE_WITH_KNOTS((1,2
    ,2,2,2,1),(-2.094395102393,0.,2.094395102393,4.188790204786,
6.28318530718,8.377580409573),.UNSPECIFIED.) CURVE() 
GEOMETRIC_REPRESENTATION_ITEM() RATIONAL_B_SPLINE_CURVE((1.,0.5,1.,0.5,
1.,0.5,1.)) REPRESENTATION_ITEM('') );
#1461 = CARTESIAN_POINT('',(-8.800000036421,9.));
#1462 = CARTESIAN_POINT('',(-8.800000036421,25.974097914175));
#1463 = CARTESIAN_POINT('',(5.899999963579,17.487048957088));
#1464 = CARTESIAN_POINT('',(20.599999963579,9.));
#1465 = CARTESIAN_POINT('',(5.899999963579,0.512951042913));
#1466 = CARTESIAN_POINT('',(-8.800000036421,-7.974097914175));
#1467 = CARTESIAN_POINT('',(-8.800000036421,9.));
#1468 = ( GEOMETRIC_REPRESENTATION_CONTEXT(2) 
PARAMETRIC_REPRESENTATION_CONTEXT() REPRESENTATION_CONTEXT('2D SPACE',''
  ) );
#1469 = ORIENTED_EDGE('',*,*,#1310,.T.);
#1470 = ADVANCED_FACE('',(#1471),#302,.F.);
#1471 = FACE_BOUND('',#1472,.F.);
#1472 = EDGE_LOOP('',(#1473,#1474,#1524,#1550,#1584,#1605,#1666,#1699,
    #1725,#1754,#1780,#1809,#1830,#1856));
#1473 = ORIENTED_EDGE('',*,*,#287,.F.);
#1474 = ORIENTED_EDGE('',*,*,#1475,.T.);
#1475 = EDGE_CURVE('',#288,#1476,#1478,.T.);
#1476 = VERTEX_POINT('',#1477);
#1477 = CARTESIAN_POINT('',(-12.72832691079,-39.87179454215,1.2));
#1478 = SURFACE_CURVE('',#1479,(#1494,#1512),.PCURVE_S1.);
#1479 = B_SPLINE_CURVE_WITH_KNOTS('',7,(#1480,#1481,#1482,#1483,#1484,
    #1485,#1486,#1487,#1488,#1489,#1490,#1491,#1492,#1493),
  .UNSPECIFIED.,.F.,.F.,(8,6,8),(0.,0.482027835494,1.),.UNSPECIFIED.);
#1480 = CARTESIAN_POINT('',(-13.16966195921,-39.51657870514,4.2000006));
#1481 = CARTESIAN_POINT('',(-13.09286565967,-39.55956506992,
    3.926020938274));
#1482 = CARTESIAN_POINT('',(-13.02811551905,-39.60190018391,
    3.641721368464));
#1483 = CARTESIAN_POINT('',(-12.97327170262,-39.64208400059,
    3.354750597746));
#1484 = CARTESIAN_POINT('',(-12.92636467982,-39.67960641527,
    3.068853371707));
#1485 = CARTESIAN_POINT('',(-12.88571468627,-39.71454696074,
    2.784464467642));
#1486 = CARTESIAN_POINT('',(-12.84996439207,-39.74724936348,
    2.499116479501));
#1487 = CARTESIAN_POINT('',(-12.7838461906,-39.81120223976,
    1.894527308437));
#1488 = CARTESIAN_POINT('',(-12.75464368396,-39.84161591107,
    1.579510707576));
#1489 = CARTESIAN_POINT('',(-12.72974682438,-39.86912992324,
    1.263919380779));
#1490 = CARTESIAN_POINT('',(-12.70855664746,-39.89369906951,
    0.948354469303));
#1491 = CARTESIAN_POINT('',(-12.69059895122,-39.91534493805,
    0.632849621016));
#1492 = CARTESIAN_POINT('',(-12.67551384835,-39.93409962944,
    0.31698465328));
#1493 = CARTESIAN_POINT('',(-12.66305037796,-39.94996871087,
    -5.506706202141E-14));
#1494 = PCURVE('',#302,#1495);
#1495 = DEFINITIONAL_REPRESENTATION('',(#1496),#1511);
#1496 = B_SPLINE_CURVE_WITH_KNOTS('',7,(#1497,#1498,#1499,#1500,#1501,
    #1502,#1503,#1504,#1505,#1506,#1507,#1508,#1509,#1510),
  .UNSPECIFIED.,.F.,.F.,(8,6,8),(0.,0.482027835494,1.),.UNSPECIFIED.);
#1497 = CARTESIAN_POINT('',(2.985965185062,16.830338040784));
#1498 = CARTESIAN_POINT('',(2.992898469033,16.907134340329));
#1499 = CARTESIAN_POINT('',(3.000084109122,16.971884480948));
#1500 = CARTESIAN_POINT('',(3.007327929596,17.026728297375));
#1501 = CARTESIAN_POINT('',(3.014536194045,17.073635320171));
#1502 = CARTESIAN_POINT('',(3.021699000852,17.11428531373));
#1503 = CARTESIAN_POINT('',(3.028879122949,17.150035607924));
#1504 = CARTESIAN_POINT('',(3.044078177939,17.216153809394));
#1505 = CARTESIAN_POINT('',(3.051989881077,17.245356316037));
#1506 = CARTESIAN_POINT('',(3.059909045894,17.270253175611));
#1507 = CARTESIAN_POINT('',(3.067821435641,17.291443352536));
#1508 = CARTESIAN_POINT('',(3.075727065926,17.309401048778));
#1509 = CARTESIAN_POINT('',(3.08363725607,17.324486151643));
#1510 = CARTESIAN_POINT('',(3.091571796784,17.336949622036));
#1511 = ( GEOMETRIC_REPRESENTATION_CONTEXT(2) 
PARAMETRIC_REPRESENTATION_CONTEXT() REPRESENTATION_CONTEXT('2D SPACE',''
  ) );
#1512 = PCURVE('',#334,#1513);
#1513 = DEFINITIONAL_REPRESENTATION('',(#1514),#1523);
#1514 = B_SPLINE_CURVE_WITH_KNOTS('',7,(#1515,#1516,#1517,#1518,#1519,
    #1520,#1521,#1522),.UNSPECIFIED.,.F.,.F.,(8,8),(0.48384422656,1.),
  .PIECEWISE_BEZIER_KNOTS.);
#1515 = CARTESIAN_POINT('',(2.340235938793,1.999999999999));
#1516 = CARTESIAN_POINT('',(2.368097166786,2.312100875307));
#1517 = CARTESIAN_POINT('',(2.392743719915,2.626022764759));
#1518 = CARTESIAN_POINT('',(2.414443462784,2.940507024814));
#1519 = CARTESIAN_POINT('',(2.43342839538,3.254964719602));
#1520 = CARTESIAN_POINT('',(2.449894380972,3.569365702164));
#1521 = CARTESIAN_POINT('',(2.463993910757,3.884126927867));
#1522 = CARTESIAN_POINT('',(2.475821905251,4.2));
#1523 = ( GEOMETRIC_REPRESENTATION_CONTEXT(2) 
PARAMETRIC_REPRESENTATION_CONTEXT() REPRESENTATION_CONTEXT('2D SPACE',''
  ) );
#1524 = ORIENTED_EDGE('',*,*,#1525,.T.);
#1525 = EDGE_CURVE('',#1476,#1526,#1528,.T.);
#1526 = VERTEX_POINT('',#1527);
#1527 = CARTESIAN_POINT('',(-11.0054795969,-39.871794542,1.2));
#1528 = SURFACE_CURVE('',#1529,(#1533,#1539),.PCURVE_S1.);
#1529 = LINE('',#1530,#1531);
#1530 = CARTESIAN_POINT('',(-30.,-39.871794542,1.2));
#1531 = VECTOR('',#1532,1.);
#1532 = DIRECTION('',(1.,0.,0.));
#1533 = PCURVE('',#302,#1534);
#1534 = DEFINITIONAL_REPRESENTATION('',(#1535),#1538);
#1535 = B_SPLINE_CURVE_WITH_KNOTS('',1,(#1536,#1537),.UNSPECIFIED.,.F.,
  .F.,(2,2),(17.182745195352,19.84),.PIECEWISE_BEZIER_KNOTS.);
#1536 = CARTESIAN_POINT('',(3.061507073556,17.182745195352));
#1537 = CARTESIAN_POINT('',(3.061507073556,19.84));
#1538 = ( GEOMETRIC_REPRESENTATION_CONTEXT(2) 
PARAMETRIC_REPRESENTATION_CONTEXT() REPRESENTATION_CONTEXT('2D SPACE',''
  ) );
#1539 = PCURVE('',#1540,#1545);
#1540 = PLANE('',#1541);
#1541 = AXIS2_PLACEMENT_3D('',#1542,#1543,#1544);
#1542 = CARTESIAN_POINT('',(-14.,-41.,1.2));
#1543 = DIRECTION('',(0.,0.,1.));
#1544 = DIRECTION('',(1.,0.,0.));
#1545 = DEFINITIONAL_REPRESENTATION('',(#1546),#1549);
#1546 = B_SPLINE_CURVE_WITH_KNOTS('',1,(#1547,#1548),.UNSPECIFIED.,.F.,
  .F.,(2,2),(17.182745195352,19.84),.PIECEWISE_BEZIER_KNOTS.);
#1547 = CARTESIAN_POINT('',(1.182745195352,1.128205457993));
#1548 = CARTESIAN_POINT('',(3.84,1.128205457993));
#1549 = ( GEOMETRIC_REPRESENTATION_CONTEXT(2) 
PARAMETRIC_REPRESENTATION_CONTEXT() REPRESENTATION_CONTEXT('2D SPACE',''
  ) );
#1550 = ORIENTED_EDGE('',*,*,#1551,.F.);
#1551 = EDGE_CURVE('',#1552,#1526,#1554,.T.);
#1552 = VERTEX_POINT('',#1553);
#1553 = CARTESIAN_POINT('',(-10.97718106862,-39.94996871087,0.));
#1554 = SURFACE_CURVE('',#1555,(#1561,#1570),.PCURVE_S1.);
#1555 = B_SPLINE_CURVE_WITH_KNOTS('',4,(#1556,#1557,#1558,#1559,#1560),
  .UNSPECIFIED.,.F.,.F.,(5,5),(0.,1.),.PIECEWISE_BEZIER_KNOTS.);
#1556 = CARTESIAN_POINT('',(-10.97718106862,-39.94996871087,
    -5.506706202141E-14));
#1557 = CARTESIAN_POINT('',(-10.98240144198,-39.93494035547,
    0.300191164099));
#1558 = CARTESIAN_POINT('',(-10.98877917301,-39.91690210023,
    0.600278368851));
#1559 = CARTESIAN_POINT('',(-10.99641526644,-39.89585338783,
    0.900228382213));
#1560 = CARTESIAN_POINT('',(-11.00547961504,-39.87179449385,1.2000006));
#1561 = PCURVE('',#302,#1562);
#1562 = DEFINITIONAL_REPRESENTATION('',(#1563),#1569);
#1563 = B_SPLINE_CURVE_WITH_KNOTS('',4,(#1564,#1565,#1566,#1567,#1568),
  .UNSPECIFIED.,.F.,.F.,(5,5),(0.,1.),.PIECEWISE_BEZIER_KNOTS.);
#1564 = CARTESIAN_POINT('',(3.091571796784,19.022818931372));
#1565 = CARTESIAN_POINT('',(3.084057619082,19.017598558019));
#1566 = CARTESIAN_POINT('',(3.076542274726,19.011220826989));
#1567 = CARTESIAN_POINT('',(3.069025461469,19.003584733556));
#1568 = CARTESIAN_POINT('',(3.061507058508,18.994520384953));
#1569 = ( GEOMETRIC_REPRESENTATION_CONTEXT(2) 
PARAMETRIC_REPRESENTATION_CONTEXT() REPRESENTATION_CONTEXT('2D SPACE',''
  ) );
#1570 = PCURVE('',#1571,#1576);
#1571 = CYLINDRICAL_SURFACE('',#1572,3.2);
#1572 = AXIS2_PLACEMENT_3D('',#1573,#1574,#1575);
#1573 = CARTESIAN_POINT('',(-14.,-41.,0.));
#1574 = DIRECTION('',(0.,0.,1.));
#1575 = DIRECTION('',(1.,0.,0.));
#1576 = DEFINITIONAL_REPRESENTATION('',(#1577),#1583);
#1577 = B_SPLINE_CURVE_WITH_KNOTS('',4,(#1578,#1579,#1580,#1581,#1582),
  .UNSPECIFIED.,.F.,.F.,(5,5),(0.,0.99999949962),
  .PIECEWISE_BEZIER_KNOTS.);
#1578 = CARTESIAN_POINT('',(6.617513652172,-5.506706202141E-14));
#1579 = CARTESIAN_POINT('',(6.62248528568,0.300191013889));
#1580 = CARTESIAN_POINT('',(6.628464154541,0.600278068535));
#1581 = CARTESIAN_POINT('',(6.635460858204,0.900227931946));
#1582 = CARTESIAN_POINT('',(6.643495158924,1.2));
#1583 = ( GEOMETRIC_REPRESENTATION_CONTEXT(2) 
PARAMETRIC_REPRESENTATION_CONTEXT() REPRESENTATION_CONTEXT('2D SPACE',''
  ) );
#1584 = ORIENTED_EDGE('',*,*,#1585,.T.);
#1585 = EDGE_CURVE('',#1552,#1586,#1588,.T.);
#1586 = VERTEX_POINT('',#1587);
#1587 = CARTESIAN_POINT('',(-8.368246734865,-39.94996871087,0.));
#1588 = SURFACE_CURVE('',#1589,(#1593,#1599),.PCURVE_S1.);
#1589 = LINE('',#1590,#1591);
#1590 = CARTESIAN_POINT('',(-30.,-39.94996871087,0.));
#1591 = VECTOR('',#1592,1.);
#1592 = DIRECTION('',(1.,0.,0.));
#1593 = PCURVE('',#302,#1594);
#1594 = DEFINITIONAL_REPRESENTATION('',(#1595),#1598);
#1595 = B_SPLINE_CURVE_WITH_KNOTS('',1,(#1596,#1597),.UNSPECIFIED.,.F.,
  .F.,(2,2),(-26.4,26.4),.PIECEWISE_BEZIER_KNOTS.);
#1596 = CARTESIAN_POINT('',(3.091571796784,-26.4));
#1597 = CARTESIAN_POINT('',(3.091571796784,26.4));
#1598 = ( GEOMETRIC_REPRESENTATION_CONTEXT(2) 
PARAMETRIC_REPRESENTATION_CONTEXT() REPRESENTATION_CONTEXT('2D SPACE',''
  ) );
#1599 = PCURVE('',#1025,#1600);
#1600 = DEFINITIONAL_REPRESENTATION('',(#1601),#1604);
#1601 = B_SPLINE_CURVE_WITH_KNOTS('',1,(#1602,#1603),.UNSPECIFIED.,.F.,
  .F.,(2,2),(-26.4,26.4),.PIECEWISE_BEZIER_KNOTS.);
#1602 = CARTESIAN_POINT('',(-26.39999999452,-39.94996871087));
#1603 = CARTESIAN_POINT('',(26.400000005475,-39.94996871087));
#1604 = ( GEOMETRIC_REPRESENTATION_CONTEXT(2) 
PARAMETRIC_REPRESENTATION_CONTEXT() REPRESENTATION_CONTEXT('2D SPACE',''
  ) );
#1605 = ORIENTED_EDGE('',*,*,#1606,.F.);
#1606 = EDGE_CURVE('',#1607,#1586,#1609,.T.);
#1607 = VERTEX_POINT('',#1608);
#1608 = CARTESIAN_POINT('',(-8.000000012549,-37.,13.198684153571));
#1609 = SURFACE_CURVE('',#1610,(#1625,#1643),.PCURVE_S1.);
#1610 = B_SPLINE_CURVE_WITH_KNOTS('',5,(#1611,#1612,#1613,#1614,#1615,
    #1616,#1617,#1618,#1619,#1620,#1621,#1622,#1623,#1624),
  .UNSPECIFIED.,.F.,.F.,(6,4,4,6),(0.,0.298935423096,0.592306560851,1.),
  .UNSPECIFIED.);
#1611 = CARTESIAN_POINT('',(-8.000000025098,-37.,13.198684153571));
#1612 = CARTESIAN_POINT('',(-8.000000025098,-37.3160093615,
    12.429384241988));
#1613 = CARTESIAN_POINT('',(-8.010401775504,-37.61049117937,
    11.655604531802));
#1614 = CARTESIAN_POINT('',(-8.028374243527,-37.88361943531,
    10.878026087848));
#1615 = CARTESIAN_POINT('',(-8.051592173596,-38.13564322344,
    10.097135719457));
#1616 = CARTESIAN_POINT('',(-8.104101300387,-38.59365387578,
    8.543871283105));
#1617 = CARTESIAN_POINT('',(-8.133270145839,-38.80039826157,
    7.771650355447));
#1618 = CARTESIAN_POINT('',(-8.163746353124,-38.98723435896,
    6.996896813872));
#1619 = CARTESIAN_POINT('',(-8.194007599472,-39.15432618706,
    6.219926333159));
#1620 = CARTESIAN_POINT('',(-8.262884526983,-39.50673570159,
    4.358577537423));
#1621 = CARTESIAN_POINT('',(-8.300163570938,-39.67379572073,
    3.272321854981));
#1622 = CARTESIAN_POINT('',(-8.33137946265,-39.803252232,2.18323365816)
  );
#1623 = CARTESIAN_POINT('',(-8.354379597277,-39.89529046262,
    1.092197481928));
#1624 = CARTESIAN_POINT('',(-8.368246742483,-39.94996874091,
    -6.000000118325E-07));
#1625 = PCURVE('',#302,#1626);
#1626 = DEFINITIONAL_REPRESENTATION('',(#1627),#1642);
#1627 = B_SPLINE_CURVE_WITH_KNOTS('',5,(#1628,#1629,#1630,#1631,#1632,
    #1633,#1634,#1635,#1636,#1637,#1638,#1639,#1640,#1641),
  .UNSPECIFIED.,.F.,.F.,(6,4,4,6),(0.,0.298935423096,0.592306560851,1.),
  .UNSPECIFIED.);
#1628 = CARTESIAN_POINT('',(2.751831920792,21.999999974902));
#1629 = CARTESIAN_POINT('',(2.772623810295,21.999999974902));
#1630 = CARTESIAN_POINT('',(2.793314798801,21.989598224496));
#1631 = CARTESIAN_POINT('',(2.813909530433,21.971625756473));
#1632 = CARTESIAN_POINT('',(2.834416696533,21.948407826404));
#1633 = CARTESIAN_POINT('',(2.874901293657,21.895898699613));
#1634 = CARTESIAN_POINT('',(2.894880411137,21.866729854161));
#1635 = CARTESIAN_POINT('',(2.91479628943,21.836253646876));
#1636 = CARTESIAN_POINT('',(2.934658582778,21.805992400528));
#1637 = CARTESIAN_POINT('',(2.982018981619,21.737115473017));
#1638 = CARTESIAN_POINT('',(3.009478291083,21.699836429062));
#1639 = CARTESIAN_POINT('',(3.036875827485,21.66862053735));
#1640 = CARTESIAN_POINT('',(3.064232664456,21.645620402723));
#1641 = CARTESIAN_POINT('',(3.091571811803,21.631753257517));
#1642 = ( GEOMETRIC_REPRESENTATION_CONTEXT(2) 
PARAMETRIC_REPRESENTATION_CONTEXT() REPRESENTATION_CONTEXT('2D SPACE',''
  ) );
#1643 = PCURVE('',#1644,#1649);
#1644 = CYLINDRICAL_SURFACE('',#1645,12.);
#1645 = AXIS2_PLACEMENT_3D('',#1646,#1647,#1648);
#1646 = CARTESIAN_POINT('',(-20.00000002509,-37.,0.));
#1647 = DIRECTION('',(0.,0.,-1.));
#1648 = DIRECTION('',(-1.,0.,0.));
#1649 = DEFINITIONAL_REPRESENTATION('',(#1650),#1665);
#1650 = B_SPLINE_CURVE_WITH_KNOTS('',5,(#1651,#1652,#1653,#1654,#1655,
    #1656,#1657,#1658,#1659,#1660,#1661,#1662,#1663,#1664),
  .UNSPECIFIED.,.F.,.F.,(6,4,4,6),(0.,0.298935423096,0.592306560851,1.),
  .UNSPECIFIED.);
#1651 = CARTESIAN_POINT('',(3.14159265359,-13.19868415357));
#1652 = CARTESIAN_POINT('',(3.167926767048,-12.42938424198));
#1653 = CARTESIAN_POINT('',(3.192466963356,-11.6556045318));
#1654 = CARTESIAN_POINT('',(3.215265493079,-10.87802608784));
#1655 = CARTESIAN_POINT('',(3.236351131651,-10.09713571945));
#1656 = CARTESIAN_POINT('',(3.274768699071,-8.543871283105));
#1657 = CARTESIAN_POINT('',(3.292162157564,-7.771650355447));
#1658 = CARTESIAN_POINT('',(3.307934044496,-6.996896813872));
#1659 = CARTESIAN_POINT('',(3.32208349765,-6.219926333159));
#1660 = CARTESIAN_POINT('',(3.352006604788,-4.358577537423));
#1661 = CARTESIAN_POINT('',(3.366265763986,-3.272321854981));
#1662 = CARTESIAN_POINT('',(3.377362952692,-2.18323365816));
#1663 = CARTESIAN_POINT('',(3.385268504339,-1.092197481928));
#1664 = CARTESIAN_POINT('',(3.389969281338,5.999999999062E-07));
#1665 = ( GEOMETRIC_REPRESENTATION_CONTEXT(2) 
PARAMETRIC_REPRESENTATION_CONTEXT() REPRESENTATION_CONTEXT('2D SPACE',''
  ) );
#1666 = ORIENTED_EDGE('',*,*,#1667,.F.);
#1667 = EDGE_CURVE('',#1668,#1607,#1670,.T.);
#1668 = VERTEX_POINT('',#1669);
#1669 = CARTESIAN_POINT('',(-8.,-32.7261363439,21.));
#1670 = SURFACE_CURVE('',#1671,(#1676,#1683),.PCURVE_S1.);
#1671 = CIRCLE('',#1672,40.);
#1672 = AXIS2_PLACEMENT_3D('',#1673,#1674,#1675);
#1673 = CARTESIAN_POINT('',(-8.,0.,-2.));
#1674 = DIRECTION('',(1.,0.,0.));
#1675 = DIRECTION('',(-0.,1.,0.));
#1676 = PCURVE('',#302,#1677);
#1677 = DEFINITIONAL_REPRESENTATION('',(#1678),#1682);
#1678 = LINE('',#1679,#1680);
#1679 = CARTESIAN_POINT('',(0.,22.));
#1680 = VECTOR('',#1681,1.);
#1681 = DIRECTION('',(1.,0.));
#1682 = ( GEOMETRIC_REPRESENTATION_CONTEXT(2) 
PARAMETRIC_REPRESENTATION_CONTEXT() REPRESENTATION_CONTEXT('2D SPACE',''
  ) );
#1683 = PCURVE('',#1684,#1689);
#1684 = PLANE('',#1685);
#1685 = AXIS2_PLACEMENT_3D('',#1686,#1687,#1688);
#1686 = CARTESIAN_POINT('',(-8.,-37.,0.));
#1687 = DIRECTION('',(-1.,0.,0.));
#1688 = DIRECTION('',(0.,1.,0.));
#1689 = DEFINITIONAL_REPRESENTATION('',(#1690),#1698);
#1690 = ( BOUNDED_CURVE() B_SPLINE_CURVE(2,(#1691,#1692,#1693,#1694,
#1695,#1696,#1697),.UNSPECIFIED.,.T.,.F.) B_SPLINE_CURVE_WITH_KNOTS((1,2
    ,2,2,2,1),(-2.094395102393,0.,2.094395102393,4.188790204786,
6.28318530718,8.377580409573),.UNSPECIFIED.) CURVE() 
GEOMETRIC_REPRESENTATION_ITEM() RATIONAL_B_SPLINE_CURVE((1.,0.5,1.,0.5,
1.,0.5,1.)) REPRESENTATION_ITEM('') );
#1691 = CARTESIAN_POINT('',(77.,2.));
#1692 = CARTESIAN_POINT('',(77.,-67.28203230275));
#1693 = CARTESIAN_POINT('',(17.,-32.64101615137));
#1694 = CARTESIAN_POINT('',(-43.,2.));
#1695 = CARTESIAN_POINT('',(17.,36.641016151378));
#1696 = CARTESIAN_POINT('',(77.,71.282032302755));
#1697 = CARTESIAN_POINT('',(77.,2.));
#1698 = ( GEOMETRIC_REPRESENTATION_CONTEXT(2) 
PARAMETRIC_REPRESENTATION_CONTEXT() REPRESENTATION_CONTEXT('2D SPACE',''
  ) );
#1699 = ORIENTED_EDGE('',*,*,#1700,.F.);
#1700 = EDGE_CURVE('',#1701,#1668,#1703,.T.);
#1701 = VERTEX_POINT('',#1702);
#1702 = CARTESIAN_POINT('',(-9.1,-32.7261363439,21.));
#1703 = SURFACE_CURVE('',#1704,(#1708,#1714),.PCURVE_S1.);
#1704 = LINE('',#1705,#1706);
#1705 = CARTESIAN_POINT('',(-30.,-32.7261363439,21.));
#1706 = VECTOR('',#1707,1.);
#1707 = DIRECTION('',(1.,0.,0.));
#1708 = PCURVE('',#302,#1709);
#1709 = DEFINITIONAL_REPRESENTATION('',(#1710),#1713);
#1710 = B_SPLINE_CURVE_WITH_KNOTS('',1,(#1711,#1712),.UNSPECIFIED.,.F.,
  .F.,(2,2),(-26.4,26.4),.PIECEWISE_BEZIER_KNOTS.);
#1711 = CARTESIAN_POINT('',(2.528988505541,-26.4));
#1712 = CARTESIAN_POINT('',(2.528988505541,26.4));
#1713 = ( GEOMETRIC_REPRESENTATION_CONTEXT(2) 
PARAMETRIC_REPRESENTATION_CONTEXT() REPRESENTATION_CONTEXT('2D SPACE',''
  ) );
#1714 = PCURVE('',#1715,#1720);
#1715 = PLANE('',#1716);
#1716 = AXIS2_PLACEMENT_3D('',#1717,#1718,#1719);
#1717 = CARTESIAN_POINT('',(-30.00000000547,-1.73210767953E-15,21.));
#1718 = DIRECTION('',(0.,0.,1.));
#1719 = DIRECTION('',(1.,0.,0.));
#1720 = DEFINITIONAL_REPRESENTATION('',(#1721),#1724);
#1721 = B_SPLINE_CURVE_WITH_KNOTS('',1,(#1722,#1723),.UNSPECIFIED.,.F.,
  .F.,(2,2),(-26.4,26.4),.PIECEWISE_BEZIER_KNOTS.);
#1722 = CARTESIAN_POINT('',(-26.39999999452,-32.7261363439));
#1723 = CARTESIAN_POINT('',(26.400000005475,-32.7261363439));
#1724 = ( GEOMETRIC_REPRESENTATION_CONTEXT(2) 
PARAMETRIC_REPRESENTATION_CONTEXT() REPRESENTATION_CONTEXT('2D SPACE',''
  ) );
#1725 = ORIENTED_EDGE('',*,*,#1726,.T.);
#1726 = EDGE_CURVE('',#1701,#1727,#1729,.T.);
#1727 = VERTEX_POINT('',#1728);
#1728 = CARTESIAN_POINT('',(-9.1,-33.73054995104,19.5));
#1729 = SURFACE_CURVE('',#1730,(#1735,#1742),.PCURVE_S1.);
#1730 = CIRCLE('',#1731,40.);
#1731 = AXIS2_PLACEMENT_3D('',#1732,#1733,#1734);
#1732 = CARTESIAN_POINT('',(-9.1,0.,-2.));
#1733 = DIRECTION('',(1.,0.,0.));
#1734 = DIRECTION('',(-0.,1.,0.));
#1735 = PCURVE('',#302,#1736);
#1736 = DEFINITIONAL_REPRESENTATION('',(#1737),#1741);
#1737 = LINE('',#1738,#1739);
#1738 = CARTESIAN_POINT('',(0.,20.9));
#1739 = VECTOR('',#1740,1.);
#1740 = DIRECTION('',(1.,0.));
#1741 = ( GEOMETRIC_REPRESENTATION_CONTEXT(2) 
PARAMETRIC_REPRESENTATION_CONTEXT() REPRESENTATION_CONTEXT('2D SPACE',''
  ) );
#1742 = PCURVE('',#1743,#1748);
#1743 = PLANE('',#1744);
#1744 = AXIS2_PLACEMENT_3D('',#1745,#1746,#1747);
#1745 = CARTESIAN_POINT('',(-9.1,-47.9,21.));
#1746 = DIRECTION('',(1.,0.,0.));
#1747 = DIRECTION('',(-0.,1.,0.));
#1748 = DEFINITIONAL_REPRESENTATION('',(#1749),#1753);
#1749 = CIRCLE('',#1750,40.);
#1750 = AXIS2_PLACEMENT_2D('',#1751,#1752);
#1751 = CARTESIAN_POINT('',(47.9,-23.));
#1752 = DIRECTION('',(1.,0.));
#1753 = ( GEOMETRIC_REPRESENTATION_CONTEXT(2) 
PARAMETRIC_REPRESENTATION_CONTEXT() REPRESENTATION_CONTEXT('2D SPACE',''
  ) );
#1754 = ORIENTED_EDGE('',*,*,#1755,.F.);
#1755 = EDGE_CURVE('',#1756,#1727,#1758,.T.);
#1756 = VERTEX_POINT('',#1757);
#1757 = CARTESIAN_POINT('',(-10.,-33.73054995104,19.5));
#1758 = SURFACE_CURVE('',#1759,(#1763,#1769),.PCURVE_S1.);
#1759 = LINE('',#1760,#1761);
#1760 = CARTESIAN_POINT('',(-30.,-33.73054995104,19.5));
#1761 = VECTOR('',#1762,1.);
#1762 = DIRECTION('',(1.,0.,0.));
#1763 = PCURVE('',#302,#1764);
#1764 = DEFINITIONAL_REPRESENTATION('',(#1765),#1768);
#1765 = B_SPLINE_CURVE_WITH_KNOTS('',1,(#1766,#1767),.UNSPECIFIED.,.F.,
  .F.,(2,2),(17.182745195352,22.0000006),.PIECEWISE_BEZIER_KNOTS.);
#1766 = CARTESIAN_POINT('',(2.574123026515,17.182745195352));
#1767 = CARTESIAN_POINT('',(2.574123026515,22.0000006));
#1768 = ( GEOMETRIC_REPRESENTATION_CONTEXT(2) 
PARAMETRIC_REPRESENTATION_CONTEXT() REPRESENTATION_CONTEXT('2D SPACE',''
  ) );
#1769 = PCURVE('',#1770,#1775);
#1770 = PLANE('',#1771);
#1771 = AXIS2_PLACEMENT_3D('',#1772,#1773,#1774);
#1772 = CARTESIAN_POINT('',(-30.,0.,19.5));
#1773 = DIRECTION('',(0.,0.,1.));
#1774 = DIRECTION('',(1.,0.,0.));
#1775 = DEFINITIONAL_REPRESENTATION('',(#1776),#1779);
#1776 = B_SPLINE_CURVE_WITH_KNOTS('',1,(#1777,#1778),.UNSPECIFIED.,.F.,
  .F.,(2,2),(17.182745195352,22.0000006),.PIECEWISE_BEZIER_KNOTS.);
#1777 = CARTESIAN_POINT('',(17.182745195352,-33.73054995104));
#1778 = CARTESIAN_POINT('',(22.0000006,-33.73054995104));
#1779 = ( GEOMETRIC_REPRESENTATION_CONTEXT(2) 
PARAMETRIC_REPRESENTATION_CONTEXT() REPRESENTATION_CONTEXT('2D SPACE',''
  ) );
#1780 = ORIENTED_EDGE('',*,*,#1781,.F.);
#1781 = EDGE_CURVE('',#1782,#1756,#1784,.T.);
#1782 = VERTEX_POINT('',#1783);
#1783 = CARTESIAN_POINT('',(-10.,-32.7261363439,21.));
#1784 = SURFACE_CURVE('',#1785,(#1790,#1797),.PCURVE_S1.);
#1785 = CIRCLE('',#1786,40.);
#1786 = AXIS2_PLACEMENT_3D('',#1787,#1788,#1789);
#1787 = CARTESIAN_POINT('',(-10.,0.,-2.));
#1788 = DIRECTION('',(1.,0.,0.));
#1789 = DIRECTION('',(-0.,1.,0.));
#1790 = PCURVE('',#302,#1791);
#1791 = DEFINITIONAL_REPRESENTATION('',(#1792),#1796);
#1792 = LINE('',#1793,#1794);
#1793 = CARTESIAN_POINT('',(0.,20.));
#1794 = VECTOR('',#1795,1.);
#1795 = DIRECTION('',(1.,0.));
#1796 = ( GEOMETRIC_REPRESENTATION_CONTEXT(2) 
PARAMETRIC_REPRESENTATION_CONTEXT() REPRESENTATION_CONTEXT('2D SPACE',''
  ) );
#1797 = PCURVE('',#1798,#1803);
#1798 = PLANE('',#1799);
#1799 = AXIS2_PLACEMENT_3D('',#1800,#1801,#1802);
#1800 = CARTESIAN_POINT('',(-10.,-47.,21.));
#1801 = DIRECTION('',(1.,0.,0.));
#1802 = DIRECTION('',(-0.,1.,0.));
#1803 = DEFINITIONAL_REPRESENTATION('',(#1804),#1808);
#1804 = CIRCLE('',#1805,40.);
#1805 = AXIS2_PLACEMENT_2D('',#1806,#1807);
#1806 = CARTESIAN_POINT('',(47.,-23.));
#1807 = DIRECTION('',(1.,0.));
#1808 = ( GEOMETRIC_REPRESENTATION_CONTEXT(2) 
PARAMETRIC_REPRESENTATION_CONTEXT() REPRESENTATION_CONTEXT('2D SPACE',''
  ) );
#1809 = ORIENTED_EDGE('',*,*,#1810,.F.);
#1810 = EDGE_CURVE('',#1811,#1782,#1813,.T.);
#1811 = VERTEX_POINT('',#1812);
#1812 = CARTESIAN_POINT('',(-10.2,-32.7261363439,21.));
#1813 = SURFACE_CURVE('',#1814,(#1818,#1824),.PCURVE_S1.);
#1814 = LINE('',#1815,#1816);
#1815 = CARTESIAN_POINT('',(-30.,-32.7261363439,21.));
#1816 = VECTOR('',#1817,1.);
#1817 = DIRECTION('',(1.,0.,0.));
#1818 = PCURVE('',#302,#1819);
#1819 = DEFINITIONAL_REPRESENTATION('',(#1820),#1823);
#1820 = B_SPLINE_CURVE_WITH_KNOTS('',1,(#1821,#1822),.UNSPECIFIED.,.F.,
  .F.,(2,2),(-26.4,26.4),.PIECEWISE_BEZIER_KNOTS.);
#1821 = CARTESIAN_POINT('',(2.528988505541,-26.4));
#1822 = CARTESIAN_POINT('',(2.528988505541,26.4));
#1823 = ( GEOMETRIC_REPRESENTATION_CONTEXT(2) 
PARAMETRIC_REPRESENTATION_CONTEXT() REPRESENTATION_CONTEXT('2D SPACE',''
  ) );
#1824 = PCURVE('',#476,#1825);
#1825 = DEFINITIONAL_REPRESENTATION('',(#1826),#1829);
#1826 = B_SPLINE_CURVE_WITH_KNOTS('',1,(#1827,#1828),.UNSPECIFIED.,.F.,
  .F.,(2,2),(-26.4,26.4),.PIECEWISE_BEZIER_KNOTS.);
#1827 = CARTESIAN_POINT('',(-26.39999999452,-32.7261363439));
#1828 = CARTESIAN_POINT('',(26.400000005475,-32.7261363439));
#1829 = ( GEOMETRIC_REPRESENTATION_CONTEXT(2) 
PARAMETRIC_REPRESENTATION_CONTEXT() REPRESENTATION_CONTEXT('2D SPACE',''
  ) );
#1830 = ORIENTED_EDGE('',*,*,#1831,.T.);
#1831 = EDGE_CURVE('',#1811,#1334,#1832,.T.);
#1832 = SURFACE_CURVE('',#1833,(#1838,#1845),.PCURVE_S1.);
#1833 = CIRCLE('',#1834,40.);
#1834 = AXIS2_PLACEMENT_3D('',#1835,#1836,#1837);
#1835 = CARTESIAN_POINT('',(-10.2,0.,-2.));
#1836 = DIRECTION('',(1.,0.,0.));
#1837 = DIRECTION('',(-0.,1.,0.));
#1838 = PCURVE('',#302,#1839);
#1839 = DEFINITIONAL_REPRESENTATION('',(#1840),#1844);
#1840 = LINE('',#1841,#1842);
#1841 = CARTESIAN_POINT('',(0.,19.8));
#1842 = VECTOR('',#1843,1.);
#1843 = DIRECTION('',(1.,0.));
#1844 = ( GEOMETRIC_REPRESENTATION_CONTEXT(2) 
PARAMETRIC_REPRESENTATION_CONTEXT() REPRESENTATION_CONTEXT('2D SPACE',''
  ) );
#1845 = PCURVE('',#1405,#1846);
#1846 = DEFINITIONAL_REPRESENTATION('',(#1847),#1855);
#1847 = ( BOUNDED_CURVE() B_SPLINE_CURVE(2,(#1848,#1849,#1850,#1851,
#1852,#1853,#1854),.UNSPECIFIED.,.T.,.F.) B_SPLINE_CURVE_WITH_KNOTS((1,2
    ,2,2,2,1),(-2.094395102393,0.,2.094395102393,4.188790204786,
6.28318530718,8.377580409573),.UNSPECIFIED.) CURVE() 
GEOMETRIC_REPRESENTATION_ITEM() RATIONAL_B_SPLINE_CURVE((1.,0.5,1.,0.5,
1.,0.5,1.)) REPRESENTATION_ITEM('') );
#1848 = CARTESIAN_POINT('',(77.,4.2));
#1849 = CARTESIAN_POINT('',(77.,-65.08203230275));
#1850 = CARTESIAN_POINT('',(17.,-30.44101615137));
#1851 = CARTESIAN_POINT('',(-43.,4.2));
#1852 = CARTESIAN_POINT('',(17.,38.841016151378));
#1853 = CARTESIAN_POINT('',(77.,73.482032302755));
#1854 = CARTESIAN_POINT('',(77.,4.2));
#1855 = ( GEOMETRIC_REPRESENTATION_CONTEXT(2) 
PARAMETRIC_REPRESENTATION_CONTEXT() REPRESENTATION_CONTEXT('2D SPACE',''
  ) );
#1856 = ORIENTED_EDGE('',*,*,#1333,.T.);
#1857 = ADVANCED_FACE('',(#1858),#334,.F.);
#1858 = FACE_BOUND('',#1859,.F.);
#1859 = EDGE_LOOP('',(#1860,#1910,#1936,#1937));
#1860 = ORIENTED_EDGE('',*,*,#1861,.F.);
#1861 = EDGE_CURVE('',#1862,#314,#1864,.T.);
#1862 = VERTEX_POINT('',#1863);
#1863 = CARTESIAN_POINT('',(-15.27167309728,-39.8717945435,1.2));
#1864 = SURFACE_CURVE('',#1865,(#1880,#1892),.PCURVE_S1.);
#1865 = B_SPLINE_CURVE_WITH_KNOTS('',7,(#1866,#1867,#1868,#1869,#1870,
    #1871,#1872,#1873,#1874,#1875,#1876,#1877,#1878,#1879),
  .UNSPECIFIED.,.F.,.F.,(8,6,8),(0.,0.840135582868,1.),.UNSPECIFIED.);
#1866 = CARTESIAN_POINT('',(-15.33694962203,-39.94996871087,
    -5.506706202141E-14));
#1867 = CARTESIAN_POINT('',(-15.31653998023,-39.92398218726,
    0.519080402555));
#1868 = CARTESIAN_POINT('',(-15.28951787076,-39.89078982794,
    1.024521423058));
#1869 = CARTESIAN_POINT('',(-15.25499896391,-39.85055211888,
    1.527644183036));
#1870 = CARTESIAN_POINT('',(-15.21086746417,-39.80253787986,
    2.035978494005));
#1871 = CARTESIAN_POINT('',(-15.15401598196,-39.74609352397,
    2.549461686105));
#1872 = CARTESIAN_POINT('',(-15.07984274732,-39.68161551103,
    3.061181362766));
#1873 = CARTESIAN_POINT('',(-14.96410567904,-39.59963778903,
    3.646025166017));
#1874 = CARTESIAN_POINT('',(-14.94470000993,-39.58632485214,
    3.739129293519));
#1875 = CARTESIAN_POINT('',(-14.9242880338,-39.57279044214,
    3.831966197376));
#1876 = CARTESIAN_POINT('',(-14.9027617848,-39.55903116441,
    3.924570780124));
#1877 = CARTESIAN_POINT('',(-14.88000804776,-39.54505654344,
    4.016888621098));
#1878 = CARTESIAN_POINT('',(-14.85590819794,-39.53089147945,
    4.108776113254));
#1879 = CARTESIAN_POINT('',(-14.83033804078,-39.51657870514,4.2000006));
#1880 = PCURVE('',#334,#1881);
#1881 = DEFINITIONAL_REPRESENTATION('',(#1882),#1891);
#1882 = B_SPLINE_CURVE_WITH_KNOTS('',7,(#1883,#1884,#1885,#1886,#1887,
    #1888,#1889,#1890),.UNSPECIFIED.,.F.,.F.,(8,8),(0.,0.518132434991),
  .PIECEWISE_BEZIER_KNOTS.);
#1883 = CARTESIAN_POINT('',(6.948956055519,4.2));
#1884 = CARTESIAN_POINT('',(6.960943442978,3.879870251402));
#1885 = CARTESIAN_POINT('',(6.975112207762,3.564928234373));
#1886 = CARTESIAN_POINT('',(6.991524487971,3.252518342831));
#1887 = CARTESIAN_POINT('',(7.010367730559,2.940533443248));
#1888 = CARTESIAN_POINT('',(7.031919619222,2.627754011087));
#1889 = CARTESIAN_POINT('',(7.056516824191,2.313937244417));
#1890 = CARTESIAN_POINT('',(7.084542010992,1.999999999093));
#1891 = ( GEOMETRIC_REPRESENTATION_CONTEXT(2) 
PARAMETRIC_REPRESENTATION_CONTEXT() REPRESENTATION_CONTEXT('2D SPACE',''
  ) );
#1892 = PCURVE('',#361,#1893);
#1893 = DEFINITIONAL_REPRESENTATION('',(#1894),#1909);
#1894 = B_SPLINE_CURVE_WITH_KNOTS('',7,(#1895,#1896,#1897,#1898,#1899,
    #1900,#1901,#1902,#1903,#1904,#1905,#1906,#1907,#1908),
  .UNSPECIFIED.,.F.,.F.,(8,6,8),(0.,0.840135582868,1.),.UNSPECIFIED.);
#1895 = CARTESIAN_POINT('',(3.091571796784,14.663050377964));
#1896 = CARTESIAN_POINT('',(3.078578534979,14.683460019761));
#1897 = CARTESIAN_POINT('',(3.065916822958,14.710482129232));
#1898 = CARTESIAN_POINT('',(3.053300612736,14.745001036083));
#1899 = CARTESIAN_POINT('',(3.040538183725,14.789132535827));
#1900 = CARTESIAN_POINT('',(3.027626392101,14.845984018039));
#1901 = CARTESIAN_POINT('',(3.01473349396,14.920157252673));
#1902 = CARTESIAN_POINT('',(2.999969462052,15.035894320951));
#1903 = CARTESIAN_POINT('',(2.997618192964,15.055299990068));
#1904 = CARTESIAN_POINT('',(2.995272750052,15.075711966192));
#1905 = CARTESIAN_POINT('',(2.992932236142,15.097238215193));
#1906 = CARTESIAN_POINT('',(2.990598010912,15.119991952236));
#1907 = CARTESIAN_POINT('',(2.988273696824,15.144091802052));
#1908 = CARTESIAN_POINT('',(2.985965185062,15.169661959216));
#1909 = ( GEOMETRIC_REPRESENTATION_CONTEXT(2) 
PARAMETRIC_REPRESENTATION_CONTEXT() REPRESENTATION_CONTEXT('2D SPACE',''
  ) );
#1910 = ORIENTED_EDGE('',*,*,#1911,.F.);
#1911 = EDGE_CURVE('',#1476,#1862,#1912,.T.);
#1912 = SURFACE_CURVE('',#1913,(#1918,#1925),.PCURVE_S1.);
#1913 = CIRCLE('',#1914,1.7);
#1914 = AXIS2_PLACEMENT_3D('',#1915,#1916,#1917);
#1915 = CARTESIAN_POINT('',(-14.,-41.,1.2));
#1916 = DIRECTION('',(0.,0.,-1.));
#1917 = DIRECTION('',(-1.,0.,0.));
#1918 = PCURVE('',#334,#1919);
#1919 = DEFINITIONAL_REPRESENTATION('',(#1920),#1924);
#1920 = LINE('',#1921,#1922);
#1921 = CARTESIAN_POINT('',(0.,3.));
#1922 = VECTOR('',#1923,1.);
#1923 = DIRECTION('',(1.,0.));
#1924 = ( GEOMETRIC_REPRESENTATION_CONTEXT(2) 
PARAMETRIC_REPRESENTATION_CONTEXT() REPRESENTATION_CONTEXT('2D SPACE',''
  ) );
#1925 = PCURVE('',#1540,#1926);
#1926 = DEFINITIONAL_REPRESENTATION('',(#1927),#1935);
#1927 = ( BOUNDED_CURVE() B_SPLINE_CURVE(2,(#1928,#1929,#1930,#1931,
#1932,#1933,#1934),.UNSPECIFIED.,.T.,.F.) B_SPLINE_CURVE_WITH_KNOTS((1,2
    ,2,2,2,1),(-2.094395102393,0.,2.094395102393,4.188790204786,
6.28318530718,8.377580409573),.UNSPECIFIED.) CURVE() 
GEOMETRIC_REPRESENTATION_ITEM() RATIONAL_B_SPLINE_CURVE((1.,0.5,1.,0.5,
1.,0.5,1.)) REPRESENTATION_ITEM('') );
#1928 = CARTESIAN_POINT('',(-1.7,0.));
#1929 = CARTESIAN_POINT('',(-1.7,2.944486372867));
#1930 = CARTESIAN_POINT('',(0.85,1.472243186434));
#1931 = CARTESIAN_POINT('',(3.4,4.163799117101E-16));
#1932 = CARTESIAN_POINT('',(0.85,-1.472243186434));
#1933 = CARTESIAN_POINT('',(-1.7,-2.944486372867));
#1934 = CARTESIAN_POINT('',(-1.7,0.));
#1935 = ( GEOMETRIC_REPRESENTATION_CONTEXT(2) 
PARAMETRIC_REPRESENTATION_CONTEXT() REPRESENTATION_CONTEXT('2D SPACE',''
  ) );
#1936 = ORIENTED_EDGE('',*,*,#1475,.F.);
#1937 = ORIENTED_EDGE('',*,*,#313,.T.);
#1938 = ADVANCED_FACE('',(#1939),#361,.F.);
#1939 = FACE_BOUND('',#1940,.F.);
#1940 = EDGE_LOOP('',(#1941,#1942,#1992,#2013,#2042,#2063,#2092,#2111));
#1941 = ORIENTED_EDGE('',*,*,#346,.F.);
#1942 = ORIENTED_EDGE('',*,*,#1943,.T.);
#1943 = EDGE_CURVE('',#347,#1944,#1946,.T.);
#1944 = VERTEX_POINT('',#1945);
#1945 = CARTESIAN_POINT('',(-44.72832691079,-39.87179454215,1.2));
#1946 = SURFACE_CURVE('',#1947,(#1962,#1980),.PCURVE_S1.);
#1947 = B_SPLINE_CURVE_WITH_KNOTS('',7,(#1948,#1949,#1950,#1951,#1952,
    #1953,#1954,#1955,#1956,#1957,#1958,#1959,#1960,#1961),
  .UNSPECIFIED.,.F.,.F.,(8,6,8),(0.,0.482027835494,1.),.UNSPECIFIED.);
#1948 = CARTESIAN_POINT('',(-45.16966195921,-39.51657870514,4.2000006));
#1949 = CARTESIAN_POINT('',(-45.09286565967,-39.55956506992,
    3.926020938275));
#1950 = CARTESIAN_POINT('',(-45.02811551905,-39.60190018391,
    3.641721368465));
#1951 = CARTESIAN_POINT('',(-44.97327170262,-39.64208400059,
    3.354750597746));
#1952 = CARTESIAN_POINT('',(-44.92636467982,-39.67960641527,
    3.068853371706));
#1953 = CARTESIAN_POINT('',(-44.88571468627,-39.71454696074,
    2.784464467642));
#1954 = CARTESIAN_POINT('',(-44.84996439207,-39.74724936348,
    2.499116479502));
#1955 = CARTESIAN_POINT('',(-44.7838461906,-39.81120223976,
    1.894527308436));
#1956 = CARTESIAN_POINT('',(-44.75464368396,-39.84161591107,
    1.579510707576));
#1957 = CARTESIAN_POINT('',(-44.72974682438,-39.86912992324,
    1.263919380779));
#1958 = CARTESIAN_POINT('',(-44.70855664746,-39.89369906951,
    0.948354469303));
#1959 = CARTESIAN_POINT('',(-44.69059895122,-39.91534493805,
    0.632849621017));
#1960 = CARTESIAN_POINT('',(-44.67551384835,-39.93409962944,
    0.316984653279));
#1961 = CARTESIAN_POINT('',(-44.66305037796,-39.94996871087,
    -5.506706202141E-14));
#1962 = PCURVE('',#361,#1963);
#1963 = DEFINITIONAL_REPRESENTATION('',(#1964),#1979);
#1964 = B_SPLINE_CURVE_WITH_KNOTS('',7,(#1965,#1966,#1967,#1968,#1969,
    #1970,#1971,#1972,#1973,#1974,#1975,#1976,#1977,#1978),
  .UNSPECIFIED.,.F.,.F.,(8,6,8),(0.,0.482027835494,1.),.UNSPECIFIED.);
#1965 = CARTESIAN_POINT('',(2.985965185062,-15.16966195921));
#1966 = CARTESIAN_POINT('',(2.992898469033,-15.09286565967));
#1967 = CARTESIAN_POINT('',(3.000084109122,-15.02811551905));
#1968 = CARTESIAN_POINT('',(3.007327929596,-14.97327170262));
#1969 = CARTESIAN_POINT('',(3.014536194045,-14.92636467982));
#1970 = CARTESIAN_POINT('',(3.021699000852,-14.88571468627));
#1971 = CARTESIAN_POINT('',(3.028879122949,-14.84996439207));
#1972 = CARTESIAN_POINT('',(3.044078177939,-14.7838461906));
#1973 = CARTESIAN_POINT('',(3.051989881077,-14.75464368396));
#1974 = CARTESIAN_POINT('',(3.059909045894,-14.72974682438));
#1975 = CARTESIAN_POINT('',(3.067821435641,-14.70855664746));
#1976 = CARTESIAN_POINT('',(3.075727065926,-14.69059895122));
#1977 = CARTESIAN_POINT('',(3.08363725607,-14.67551384835));
#1978 = CARTESIAN_POINT('',(3.091571796784,-14.66305037796));
#1979 = ( GEOMETRIC_REPRESENTATION_CONTEXT(2) 
PARAMETRIC_REPRESENTATION_CONTEXT() REPRESENTATION_CONTEXT('2D SPACE',''
  ) );
#1980 = PCURVE('',#391,#1981);
#1981 = DEFINITIONAL_REPRESENTATION('',(#1982),#1991);
#1982 = B_SPLINE_CURVE_WITH_KNOTS('',7,(#1983,#1984,#1985,#1986,#1987,
    #1988,#1989,#1990),.UNSPECIFIED.,.F.,.F.,(8,8),(0.48384422656,1.),
  .PIECEWISE_BEZIER_KNOTS.);
#1983 = CARTESIAN_POINT('',(2.340235938793,1.999999999999));
#1984 = CARTESIAN_POINT('',(2.368097166786,2.312100875308));
#1985 = CARTESIAN_POINT('',(2.392743719915,2.626022764759));
#1986 = CARTESIAN_POINT('',(2.414443462784,2.940507024814));
#1987 = CARTESIAN_POINT('',(2.43342839538,3.254964719602));
#1988 = CARTESIAN_POINT('',(2.449894380972,3.569365702164));
#1989 = CARTESIAN_POINT('',(2.463993910757,3.884126927867));
#1990 = CARTESIAN_POINT('',(2.475821905251,4.2));
#1991 = ( GEOMETRIC_REPRESENTATION_CONTEXT(2) 
PARAMETRIC_REPRESENTATION_CONTEXT() REPRESENTATION_CONTEXT('2D SPACE',''
  ) );
#1992 = ORIENTED_EDGE('',*,*,#1993,.T.);
#1993 = EDGE_CURVE('',#1944,#1994,#1996,.T.);
#1994 = VERTEX_POINT('',#1995);
#1995 = CARTESIAN_POINT('',(-43.0054795969,-39.871794542,1.2));
#1996 = SURFACE_CURVE('',#1997,(#2001,#2007),.PCURVE_S1.);
#1997 = LINE('',#1998,#1999);
#1998 = CARTESIAN_POINT('',(-30.,-39.871794542,1.2));
#1999 = VECTOR('',#2000,1.);
#2000 = DIRECTION('',(1.,0.,0.));
#2001 = PCURVE('',#361,#2002);
#2002 = DEFINITIONAL_REPRESENTATION('',(#2003),#2006);
#2003 = B_SPLINE_CURVE_WITH_KNOTS('',1,(#2004,#2005),.UNSPECIFIED.,.F.,
  .F.,(2,2),(-14.81725480464,-12.16),.PIECEWISE_BEZIER_KNOTS.);
#2004 = CARTESIAN_POINT('',(3.061507073556,-14.81725480464));
#2005 = CARTESIAN_POINT('',(3.061507073556,-12.16));
#2006 = ( GEOMETRIC_REPRESENTATION_CONTEXT(2) 
PARAMETRIC_REPRESENTATION_CONTEXT() REPRESENTATION_CONTEXT('2D SPACE',''
  ) );
#2007 = PCURVE('',#1085,#2008);
#2008 = DEFINITIONAL_REPRESENTATION('',(#2009),#2012);
#2009 = B_SPLINE_CURVE_WITH_KNOTS('',1,(#2010,#2011),.UNSPECIFIED.,.F.,
  .F.,(2,2),(-14.81725480464,-12.16),.PIECEWISE_BEZIER_KNOTS.);
#2010 = CARTESIAN_POINT('',(1.182745195352,1.128205457993));
#2011 = CARTESIAN_POINT('',(3.84,1.128205457993));
#2012 = ( GEOMETRIC_REPRESENTATION_CONTEXT(2) 
PARAMETRIC_REPRESENTATION_CONTEXT() REPRESENTATION_CONTEXT('2D SPACE',''
  ) );
#2013 = ORIENTED_EDGE('',*,*,#2014,.F.);
#2014 = EDGE_CURVE('',#2015,#1994,#2017,.T.);
#2015 = VERTEX_POINT('',#2016);
#2016 = CARTESIAN_POINT('',(-42.97718106862,-39.94996871087,0.));
#2017 = SURFACE_CURVE('',#2018,(#2024,#2033),.PCURVE_S1.);
#2018 = B_SPLINE_CURVE_WITH_KNOTS('',4,(#2019,#2020,#2021,#2022,#2023),
  .UNSPECIFIED.,.F.,.F.,(5,5),(0.,1.),.PIECEWISE_BEZIER_KNOTS.);
#2019 = CARTESIAN_POINT('',(-42.97718106862,-39.94996871087,
    -5.506706202141E-14));
#2020 = CARTESIAN_POINT('',(-42.98240144198,-39.93494035547,
    0.300191164099));
#2021 = CARTESIAN_POINT('',(-42.98877917301,-39.91690210023,
    0.600278368851));
#2022 = CARTESIAN_POINT('',(-42.99641526644,-39.89585338783,
    0.900228382213));
#2023 = CARTESIAN_POINT('',(-43.00547961504,-39.87179449385,1.2000006));
#2024 = PCURVE('',#361,#2025);
#2025 = DEFINITIONAL_REPRESENTATION('',(#2026),#2032);
#2026 = B_SPLINE_CURVE_WITH_KNOTS('',4,(#2027,#2028,#2029,#2030,#2031),
  .UNSPECIFIED.,.F.,.F.,(5,5),(0.,1.),.PIECEWISE_BEZIER_KNOTS.);
#2027 = CARTESIAN_POINT('',(3.091571796784,-12.97718106862));
#2028 = CARTESIAN_POINT('',(3.084057619082,-12.98240144198));
#2029 = CARTESIAN_POINT('',(3.076542274726,-12.98877917301));
#2030 = CARTESIAN_POINT('',(3.069025461469,-12.99641526644));
#2031 = CARTESIAN_POINT('',(3.061507058508,-13.00547961504));
#2032 = ( GEOMETRIC_REPRESENTATION_CONTEXT(2) 
PARAMETRIC_REPRESENTATION_CONTEXT() REPRESENTATION_CONTEXT('2D SPACE',''
  ) );
#2033 = PCURVE('',#1056,#2034);
#2034 = DEFINITIONAL_REPRESENTATION('',(#2035),#2041);
#2035 = B_SPLINE_CURVE_WITH_KNOTS('',4,(#2036,#2037,#2038,#2039,#2040),
  .UNSPECIFIED.,.F.,.F.,(5,5),(0.,0.99999949962),
  .PIECEWISE_BEZIER_KNOTS.);
#2036 = CARTESIAN_POINT('',(6.617513652172,-5.506706202141E-14));
#2037 = CARTESIAN_POINT('',(6.62248528568,0.300191013889));
#2038 = CARTESIAN_POINT('',(6.628464154541,0.600278068535));
#2039 = CARTESIAN_POINT('',(6.635460858204,0.900227931946));
#2040 = CARTESIAN_POINT('',(6.643495158924,1.2));
#2041 = ( GEOMETRIC_REPRESENTATION_CONTEXT(2) 
PARAMETRIC_REPRESENTATION_CONTEXT() REPRESENTATION_CONTEXT('2D SPACE',''
  ) );
#2042 = ORIENTED_EDGE('',*,*,#2043,.T.);
#2043 = EDGE_CURVE('',#2015,#2044,#2046,.T.);
#2044 = VERTEX_POINT('',#2045);
#2045 = CARTESIAN_POINT('',(-17.02281893137,-39.94996871087,0.));
#2046 = SURFACE_CURVE('',#2047,(#2051,#2057),.PCURVE_S1.);
#2047 = LINE('',#2048,#2049);
#2048 = CARTESIAN_POINT('',(-30.,-39.94996871087,0.));
#2049 = VECTOR('',#2050,1.);
#2050 = DIRECTION('',(1.,0.,0.));
#2051 = PCURVE('',#361,#2052);
#2052 = DEFINITIONAL_REPRESENTATION('',(#2053),#2056);
#2053 = B_SPLINE_CURVE_WITH_KNOTS('',1,(#2054,#2055),.UNSPECIFIED.,.F.,
  .F.,(2,2),(-26.4,26.4),.PIECEWISE_BEZIER_KNOTS.);
#2054 = CARTESIAN_POINT('',(3.091571796784,-26.4));
#2055 = CARTESIAN_POINT('',(3.091571796784,26.4));
#2056 = ( GEOMETRIC_REPRESENTATION_CONTEXT(2) 
PARAMETRIC_REPRESENTATION_CONTEXT() REPRESENTATION_CONTEXT('2D SPACE',''
  ) );
#2057 = PCURVE('',#1025,#2058);
#2058 = DEFINITIONAL_REPRESENTATION('',(#2059),#2062);
#2059 = B_SPLINE_CURVE_WITH_KNOTS('',1,(#2060,#2061),.UNSPECIFIED.,.F.,
  .F.,(2,2),(-26.4,26.4),.PIECEWISE_BEZIER_KNOTS.);
#2060 = CARTESIAN_POINT('',(-26.39999999452,-39.94996871087));
#2061 = CARTESIAN_POINT('',(26.400000005475,-39.94996871087));
#2062 = ( GEOMETRIC_REPRESENTATION_CONTEXT(2) 
PARAMETRIC_REPRESENTATION_CONTEXT() REPRESENTATION_CONTEXT('2D SPACE',''
  ) );
#2063 = ORIENTED_EDGE('',*,*,#2064,.F.);
#2064 = EDGE_CURVE('',#2065,#2044,#2067,.T.);
#2065 = VERTEX_POINT('',#2066);
#2066 = CARTESIAN_POINT('',(-16.99452040309,-39.871794542,1.2));
#2067 = SURFACE_CURVE('',#2068,(#2074,#2083),.PCURVE_S1.);
#2068 = B_SPLINE_CURVE_WITH_KNOTS('',4,(#2069,#2070,#2071,#2072,#2073),
  .UNSPECIFIED.,.F.,.F.,(5,5),(0.,1.),.PIECEWISE_BEZIER_KNOTS.);
#2069 = CARTESIAN_POINT('',(-16.99452038495,-39.87179449385,1.2000006));
#2070 = CARTESIAN_POINT('',(-17.00358473355,-39.89585338784,
    0.90022838216));
#2071 = CARTESIAN_POINT('',(-17.01122082721,-39.9169021002,
    0.600278368973));
#2072 = CARTESIAN_POINT('',(-17.01759855802,-39.93494035547,
    0.300191164065));
#2073 = CARTESIAN_POINT('',(-17.02281893137,-39.94996871087,
    -5.506706202141E-14));
#2074 = PCURVE('',#361,#2075);
#2075 = DEFINITIONAL_REPRESENTATION('',(#2076),#2082);
#2076 = B_SPLINE_CURVE_WITH_KNOTS('',4,(#2077,#2078,#2079,#2080,#2081),
  .UNSPECIFIED.,.F.,.F.,(5,5),(0.,1.),.PIECEWISE_BEZIER_KNOTS.);
#2077 = CARTESIAN_POINT('',(3.061507058508,13.005479615047));
#2078 = CARTESIAN_POINT('',(3.06902546147,12.996415266443));
#2079 = CARTESIAN_POINT('',(3.076542274722,12.988779172783));
#2080 = CARTESIAN_POINT('',(3.084057619082,12.98240144198));
#2081 = CARTESIAN_POINT('',(3.091571796784,12.977181068628));
#2082 = ( GEOMETRIC_REPRESENTATION_CONTEXT(2) 
PARAMETRIC_REPRESENTATION_CONTEXT() REPRESENTATION_CONTEXT('2D SPACE',''
  ) );
#2083 = PCURVE('',#1571,#2084);
#2084 = DEFINITIONAL_REPRESENTATION('',(#2085),#2091);
#2085 = B_SPLINE_CURVE_WITH_KNOTS('',4,(#2086,#2087,#2088,#2089,#2090),
  .UNSPECIFIED.,.F.,.F.,(5,5),(5.003799300945E-07,1.),
  .PIECEWISE_BEZIER_KNOTS.);
#2086 = CARTESIAN_POINT('',(2.781282801846,1.2));
#2087 = CARTESIAN_POINT('',(2.789317102567,0.900227931893));
#2088 = CARTESIAN_POINT('',(2.796313806303,0.600278068658));
#2089 = CARTESIAN_POINT('',(2.80229267509,0.300191013855));
#2090 = CARTESIAN_POINT('',(2.807264308597,-5.506706202141E-14));
#2091 = ( GEOMETRIC_REPRESENTATION_CONTEXT(2) 
PARAMETRIC_REPRESENTATION_CONTEXT() REPRESENTATION_CONTEXT('2D SPACE',''
  ) );
#2092 = ORIENTED_EDGE('',*,*,#2093,.T.);
#2093 = EDGE_CURVE('',#2065,#1862,#2094,.T.);
#2094 = SURFACE_CURVE('',#2095,(#2099,#2105),.PCURVE_S1.);
#2095 = LINE('',#2096,#2097);
#2096 = CARTESIAN_POINT('',(-30.,-39.871794542,1.2));
#2097 = VECTOR('',#2098,1.);
#2098 = DIRECTION('',(1.,0.,0.));
#2099 = PCURVE('',#361,#2100);
#2100 = DEFINITIONAL_REPRESENTATION('',(#2101),#2104);
#2101 = B_SPLINE_CURVE_WITH_KNOTS('',1,(#2102,#2103),.UNSPECIFIED.,.F.,
  .F.,(2,2),(12.16,14.817254804648),.PIECEWISE_BEZIER_KNOTS.);
#2102 = CARTESIAN_POINT('',(3.061507073556,12.16));
#2103 = CARTESIAN_POINT('',(3.061507073556,14.817254804648));
#2104 = ( GEOMETRIC_REPRESENTATION_CONTEXT(2) 
PARAMETRIC_REPRESENTATION_CONTEXT() REPRESENTATION_CONTEXT('2D SPACE',''
  ) );
#2105 = PCURVE('',#1540,#2106);
#2106 = DEFINITIONAL_REPRESENTATION('',(#2107),#2110);
#2107 = B_SPLINE_CURVE_WITH_KNOTS('',1,(#2108,#2109),.UNSPECIFIED.,.F.,
  .F.,(2,2),(12.16,14.817254804648),.PIECEWISE_BEZIER_KNOTS.);
#2108 = CARTESIAN_POINT('',(-3.84,1.128205457993));
#2109 = CARTESIAN_POINT('',(-1.182745195352,1.128205457993));
#2110 = ( GEOMETRIC_REPRESENTATION_CONTEXT(2) 
PARAMETRIC_REPRESENTATION_CONTEXT() REPRESENTATION_CONTEXT('2D SPACE',''
  ) );
#2111 = ORIENTED_EDGE('',*,*,#1861,.T.);
#2112 = ADVANCED_FACE('',(#2113),#391,.F.);
#2113 = FACE_BOUND('',#2114,.F.);
#2114 = EDGE_LOOP('',(#2115,#2141,#2142,#2143));
#2115 = ORIENTED_EDGE('',*,*,#2116,.F.);
#2116 = EDGE_CURVE('',#1944,#1071,#2117,.T.);
#2117 = SURFACE_CURVE('',#2118,(#2123,#2130),.PCURVE_S1.);
#2118 = CIRCLE('',#2119,1.7);
#2119 = AXIS2_PLACEMENT_3D('',#2120,#2121,#2122);
#2120 = CARTESIAN_POINT('',(-46.,-41.,1.2));
#2121 = DIRECTION('',(0.,0.,-1.));
#2122 = DIRECTION('',(-1.,0.,0.));
#2123 = PCURVE('',#391,#2124);
#2124 = DEFINITIONAL_REPRESENTATION('',(#2125),#2129);
#2125 = LINE('',#2126,#2127);
#2126 = CARTESIAN_POINT('',(0.,3.));
#2127 = VECTOR('',#2128,1.);
#2128 = DIRECTION('',(1.,0.));
#2129 = ( GEOMETRIC_REPRESENTATION_CONTEXT(2) 
PARAMETRIC_REPRESENTATION_CONTEXT() REPRESENTATION_CONTEXT('2D SPACE',''
  ) );
#2130 = PCURVE('',#1085,#2131);
#2131 = DEFINITIONAL_REPRESENTATION('',(#2132),#2140);
#2132 = ( BOUNDED_CURVE() B_SPLINE_CURVE(2,(#2133,#2134,#2135,#2136,
#2137,#2138,#2139),.UNSPECIFIED.,.T.,.F.) B_SPLINE_CURVE_WITH_KNOTS((1,2
    ,2,2,2,1),(-2.094395102393,0.,2.094395102393,4.188790204786,
6.28318530718,8.377580409573),.UNSPECIFIED.) CURVE() 
GEOMETRIC_REPRESENTATION_ITEM() RATIONAL_B_SPLINE_CURVE((1.,0.5,1.,0.5,
1.,0.5,1.)) REPRESENTATION_ITEM('') );
#2133 = CARTESIAN_POINT('',(-1.7,0.));
#2134 = CARTESIAN_POINT('',(-1.7,2.944486372867));
#2135 = CARTESIAN_POINT('',(0.85,1.472243186434));
#2136 = CARTESIAN_POINT('',(3.4,4.163799117101E-16));
#2137 = CARTESIAN_POINT('',(0.85,-1.472243186434));
#2138 = CARTESIAN_POINT('',(-1.7,-2.944486372867));
#2139 = CARTESIAN_POINT('',(-1.7,0.));
#2140 = ( GEOMETRIC_REPRESENTATION_CONTEXT(2) 
PARAMETRIC_REPRESENTATION_CONTEXT() REPRESENTATION_CONTEXT('2D SPACE',''
  ) );
#2141 = ORIENTED_EDGE('',*,*,#1943,.F.);
#2142 = ORIENTED_EDGE('',*,*,#372,.T.);
#2143 = ORIENTED_EDGE('',*,*,#1096,.F.);
#2144 = ADVANCED_FACE('',(#2145),#508,.F.);
#2145 = FACE_BOUND('',#2146,.F.);
#2146 = EDGE_LOOP('',(#2147,#2148,#2149));
#2147 = ORIENTED_EDGE('',*,*,#1146,.T.);
#2148 = ORIENTED_EDGE('',*,*,#492,.T.);
#2149 = ORIENTED_EDGE('',*,*,#2150,.F.);
#2150 = EDGE_CURVE('',#1147,#460,#2151,.T.);
#2151 = SURFACE_CURVE('',#2152,(#2156,#2162),.PCURVE_S1.);
#2152 = LINE('',#2153,#2154);
#2153 = CARTESIAN_POINT('',(-49.8,-18.5,21.));
#2154 = VECTOR('',#2155,1.);
#2155 = DIRECTION('',(0.,-1.,0.));
#2156 = PCURVE('',#508,#2157);
#2157 = DEFINITIONAL_REPRESENTATION('',(#2158),#2161);
#2158 = B_SPLINE_CURVE_WITH_KNOTS('',1,(#2159,#2160),.UNSPECIFIED.,.F.,
  .F.,(2,2),(-55.5,18.5),.PIECEWISE_BEZIER_KNOTS.);
#2159 = CARTESIAN_POINT('',(74.,-18.8));
#2160 = CARTESIAN_POINT('',(0.,-18.8));
#2161 = ( GEOMETRIC_REPRESENTATION_CONTEXT(2) 
PARAMETRIC_REPRESENTATION_CONTEXT() REPRESENTATION_CONTEXT('2D SPACE',''
  ) );
#2162 = PCURVE('',#476,#2163);
#2163 = DEFINITIONAL_REPRESENTATION('',(#2164),#2167);
#2164 = B_SPLINE_CURVE_WITH_KNOTS('',1,(#2165,#2166),.UNSPECIFIED.,.F.,
  .F.,(2,2),(-55.5,18.5),.PIECEWISE_BEZIER_KNOTS.);
#2165 = CARTESIAN_POINT('',(-19.79999999452,37.));
#2166 = CARTESIAN_POINT('',(-19.79999999452,-37.));
#2167 = ( GEOMETRIC_REPRESENTATION_CONTEXT(2) 
PARAMETRIC_REPRESENTATION_CONTEXT() REPRESENTATION_CONTEXT('2D SPACE',''
  ) );
#2168 = ADVANCED_FACE('',(#2169),#476,.T.);
#2169 = FACE_BOUND('',#2170,.T.);
#2170 = EDGE_LOOP('',(#2171,#2194,#2222,#2250,#2278,#2299,#2300,#2319,
    #2320,#2321,#2322,#2323));
#2171 = ORIENTED_EDGE('',*,*,#2172,.F.);
#2172 = EDGE_CURVE('',#2173,#1175,#2175,.T.);
#2173 = VERTEX_POINT('',#2174);
#2174 = CARTESIAN_POINT('',(-50.,-43.63324958071,21.));
#2175 = SURFACE_CURVE('',#2176,(#2180,#2187),.PCURVE_S1.);
#2176 = LINE('',#2177,#2178);
#2177 = CARTESIAN_POINT('',(-50.,0.,21.));
#2178 = VECTOR('',#2179,1.);
#2179 = DIRECTION('',(0.,1.,0.));
#2180 = PCURVE('',#476,#2181);
#2181 = DEFINITIONAL_REPRESENTATION('',(#2182),#2186);
#2182 = LINE('',#2183,#2184);
#2183 = CARTESIAN_POINT('',(-19.99999999452,1.73210767953E-15));
#2184 = VECTOR('',#2185,1.);
#2185 = DIRECTION('',(0.,1.));
#2186 = ( GEOMETRIC_REPRESENTATION_CONTEXT(2) 
PARAMETRIC_REPRESENTATION_CONTEXT() REPRESENTATION_CONTEXT('2D SPACE',''
  ) );
#2187 = PCURVE('',#1212,#2188);
#2188 = DEFINITIONAL_REPRESENTATION('',(#2189),#2193);
#2189 = LINE('',#2190,#2191);
#2190 = CARTESIAN_POINT('',(47.,0.));
#2191 = VECTOR('',#2192,1.);
#2192 = DIRECTION('',(1.,0.));
#2193 = ( GEOMETRIC_REPRESENTATION_CONTEXT(2) 
PARAMETRIC_REPRESENTATION_CONTEXT() REPRESENTATION_CONTEXT('2D SPACE',''
  ) );
#2194 = ORIENTED_EDGE('',*,*,#2195,.F.);
#2195 = EDGE_CURVE('',#2196,#2173,#2198,.T.);
#2196 = VERTEX_POINT('',#2197);
#2197 = CARTESIAN_POINT('',(-46.63324958071,-47.,21.));
#2198 = SURFACE_CURVE('',#2199,(#2204,#2215),.PCURVE_S1.);
#2199 = CIRCLE('',#2200,12.);
#2200 = AXIS2_PLACEMENT_3D('',#2201,#2202,#2203);
#2201 = CARTESIAN_POINT('',(-40.,-37.,21.));
#2202 = DIRECTION('',(0.,0.,-1.));
#2203 = DIRECTION('',(-1.,0.,0.));
#2204 = PCURVE('',#476,#2205);
#2205 = DEFINITIONAL_REPRESENTATION('',(#2206),#2214);
#2206 = ( BOUNDED_CURVE() B_SPLINE_CURVE(2,(#2207,#2208,#2209,#2210,
#2211,#2212,#2213),.UNSPECIFIED.,.T.,.F.) B_SPLINE_CURVE_WITH_KNOTS((1,2
    ,2,2,2,1),(-2.094395102393,0.,2.094395102393,4.188790204786,
6.28318530718,8.377580409573),.UNSPECIFIED.) CURVE() 
GEOMETRIC_REPRESENTATION_ITEM() RATIONAL_B_SPLINE_CURVE((1.,0.5,1.,0.5,
1.,0.5,1.)) REPRESENTATION_ITEM('') );
#2207 = CARTESIAN_POINT('',(-21.99999999452,-37.));
#2208 = CARTESIAN_POINT('',(-21.99999999452,-16.21539030917));
#2209 = CARTESIAN_POINT('',(-3.999999994525,-26.60769515458));
#2210 = CARTESIAN_POINT('',(14.000000005475,-37.));
#2211 = CARTESIAN_POINT('',(-3.999999994525,-47.39230484541));
#2212 = CARTESIAN_POINT('',(-21.99999999452,-57.78460969082));
#2213 = CARTESIAN_POINT('',(-21.99999999452,-37.));
#2214 = ( GEOMETRIC_REPRESENTATION_CONTEXT(2) 
PARAMETRIC_REPRESENTATION_CONTEXT() REPRESENTATION_CONTEXT('2D SPACE',''
  ) );
#2215 = PCURVE('',#987,#2216);
#2216 = DEFINITIONAL_REPRESENTATION('',(#2217),#2221);
#2217 = LINE('',#2218,#2219);
#2218 = CARTESIAN_POINT('',(0.,-21.));
#2219 = VECTOR('',#2220,1.);
#2220 = DIRECTION('',(1.,0.));
#2221 = ( GEOMETRIC_REPRESENTATION_CONTEXT(2) 
PARAMETRIC_REPRESENTATION_CONTEXT() REPRESENTATION_CONTEXT('2D SPACE',''
  ) );
#2222 = ORIENTED_EDGE('',*,*,#2223,.T.);
#2223 = EDGE_CURVE('',#2196,#2224,#2226,.T.);
#2224 = VERTEX_POINT('',#2225);
#2225 = CARTESIAN_POINT('',(-13.36675044438,-47.,21.));
#2226 = SURFACE_CURVE('',#2227,(#2231,#2238),.PCURVE_S1.);
#2227 = LINE('',#2228,#2229);
#2228 = CARTESIAN_POINT('',(-30.,-47.,21.));
#2229 = VECTOR('',#2230,1.);
#2230 = DIRECTION('',(1.,0.,0.));
#2231 = PCURVE('',#476,#2232);
#2232 = DEFINITIONAL_REPRESENTATION('',(#2233),#2237);
#2233 = LINE('',#2234,#2235);
#2234 = CARTESIAN_POINT('',(5.474810553509E-09,-47.));
#2235 = VECTOR('',#2236,1.);
#2236 = DIRECTION('',(1.,0.));
#2237 = ( GEOMETRIC_REPRESENTATION_CONTEXT(2) 
PARAMETRIC_REPRESENTATION_CONTEXT() REPRESENTATION_CONTEXT('2D SPACE',''
  ) );
#2238 = PCURVE('',#2239,#2244);
#2239 = PLANE('',#2240);
#2240 = AXIS2_PLACEMENT_3D('',#2241,#2242,#2243);
#2241 = CARTESIAN_POINT('',(-50.,-47.,21.));
#2242 = DIRECTION('',(0.,-1.,0.));
#2243 = DIRECTION('',(1.,0.,0.));
#2244 = DEFINITIONAL_REPRESENTATION('',(#2245),#2249);
#2245 = LINE('',#2246,#2247);
#2246 = CARTESIAN_POINT('',(20.,0.));
#2247 = VECTOR('',#2248,1.);
#2248 = DIRECTION('',(1.,0.));
#2249 = ( GEOMETRIC_REPRESENTATION_CONTEXT(2) 
PARAMETRIC_REPRESENTATION_CONTEXT() REPRESENTATION_CONTEXT('2D SPACE',''
  ) );
#2250 = ORIENTED_EDGE('',*,*,#2251,.F.);
#2251 = EDGE_CURVE('',#2252,#2224,#2254,.T.);
#2252 = VERTEX_POINT('',#2253);
#2253 = CARTESIAN_POINT('',(-10.,-43.63324954287,21.));
#2254 = SURFACE_CURVE('',#2255,(#2260,#2271),.PCURVE_S1.);
#2255 = CIRCLE('',#2256,12.);
#2256 = AXIS2_PLACEMENT_3D('',#2257,#2258,#2259);
#2257 = CARTESIAN_POINT('',(-20.00000002509,-37.,21.));
#2258 = DIRECTION('',(0.,0.,-1.));
#2259 = DIRECTION('',(-1.,0.,0.));
#2260 = PCURVE('',#476,#2261);
#2261 = DEFINITIONAL_REPRESENTATION('',(#2262),#2270);
#2262 = ( BOUNDED_CURVE() B_SPLINE_CURVE(2,(#2263,#2264,#2265,#2266,
#2267,#2268,#2269),.UNSPECIFIED.,.T.,.F.) B_SPLINE_CURVE_WITH_KNOTS((1,2
    ,2,2,2,1),(-2.094395102393,0.,2.094395102393,4.188790204786,
6.28318530718,8.377580409573),.UNSPECIFIED.) CURVE() 
GEOMETRIC_REPRESENTATION_ITEM() RATIONAL_B_SPLINE_CURVE((1.,0.5,1.,0.5,
1.,0.5,1.)) REPRESENTATION_ITEM('') );
#2263 = CARTESIAN_POINT('',(-2.000000019623,-37.));
#2264 = CARTESIAN_POINT('',(-2.000000019623,-16.21539030917));
#2265 = CARTESIAN_POINT('',(15.999999980377,-26.60769515458));
#2266 = CARTESIAN_POINT('',(33.999999980377,-37.));
#2267 = CARTESIAN_POINT('',(15.999999980377,-47.39230484541));
#2268 = CARTESIAN_POINT('',(-2.000000019623,-57.78460969082));
#2269 = CARTESIAN_POINT('',(-2.000000019623,-37.));
#2270 = ( GEOMETRIC_REPRESENTATION_CONTEXT(2) 
PARAMETRIC_REPRESENTATION_CONTEXT() REPRESENTATION_CONTEXT('2D SPACE',''
  ) );
#2271 = PCURVE('',#1644,#2272);
#2272 = DEFINITIONAL_REPRESENTATION('',(#2273),#2277);
#2273 = LINE('',#2274,#2275);
#2274 = CARTESIAN_POINT('',(0.,-21.));
#2275 = VECTOR('',#2276,1.);
#2276 = DIRECTION('',(1.,0.));
#2277 = ( GEOMETRIC_REPRESENTATION_CONTEXT(2) 
PARAMETRIC_REPRESENTATION_CONTEXT() REPRESENTATION_CONTEXT('2D SPACE',''
  ) );
#2278 = ORIENTED_EDGE('',*,*,#2279,.T.);
#2279 = EDGE_CURVE('',#2252,#1782,#2280,.T.);
#2280 = SURFACE_CURVE('',#2281,(#2285,#2292),.PCURVE_S1.);
#2281 = LINE('',#2282,#2283);
#2282 = CARTESIAN_POINT('',(-10.,0.,21.));
#2283 = VECTOR('',#2284,1.);
#2284 = DIRECTION('',(0.,1.,0.));
#2285 = PCURVE('',#476,#2286);
#2286 = DEFINITIONAL_REPRESENTATION('',(#2287),#2291);
#2287 = LINE('',#2288,#2289);
#2288 = CARTESIAN_POINT('',(20.000000005475,1.73210767953E-15));
#2289 = VECTOR('',#2290,1.);
#2290 = DIRECTION('',(0.,1.));
#2291 = ( GEOMETRIC_REPRESENTATION_CONTEXT(2) 
PARAMETRIC_REPRESENTATION_CONTEXT() REPRESENTATION_CONTEXT('2D SPACE',''
  ) );
#2292 = PCURVE('',#1798,#2293);
#2293 = DEFINITIONAL_REPRESENTATION('',(#2294),#2298);
#2294 = LINE('',#2295,#2296);
#2295 = CARTESIAN_POINT('',(47.,0.));
#2296 = VECTOR('',#2297,1.);
#2297 = DIRECTION('',(1.,0.));
#2298 = ( GEOMETRIC_REPRESENTATION_CONTEXT(2) 
PARAMETRIC_REPRESENTATION_CONTEXT() REPRESENTATION_CONTEXT('2D SPACE',''
  ) );
#2299 = ORIENTED_EDGE('',*,*,#1810,.F.);
#2300 = ORIENTED_EDGE('',*,*,#2301,.T.);
#2301 = EDGE_CURVE('',#1811,#1390,#2302,.T.);
#2302 = SURFACE_CURVE('',#2303,(#2307,#2313),.PCURVE_S1.);
#2303 = LINE('',#2304,#2305);
#2304 = CARTESIAN_POINT('',(-10.2,-18.5,21.));
#2305 = VECTOR('',#2306,1.);
#2306 = DIRECTION('',(0.,-1.,0.));
#2307 = PCURVE('',#476,#2308);
#2308 = DEFINITIONAL_REPRESENTATION('',(#2309),#2312);
#2309 = B_SPLINE_CURVE_WITH_KNOTS('',1,(#2310,#2311),.UNSPECIFIED.,.F.,
  .F.,(2,2),(-55.5,18.5),.PIECEWISE_BEZIER_KNOTS.);
#2310 = CARTESIAN_POINT('',(19.800000005475,37.));
#2311 = CARTESIAN_POINT('',(19.800000005475,-37.));
#2312 = ( GEOMETRIC_REPRESENTATION_CONTEXT(2) 
PARAMETRIC_REPRESENTATION_CONTEXT() REPRESENTATION_CONTEXT('2D SPACE',''
  ) );
#2313 = PCURVE('',#1405,#2314);
#2314 = DEFINITIONAL_REPRESENTATION('',(#2315),#2318);
#2315 = B_SPLINE_CURVE_WITH_KNOTS('',1,(#2316,#2317),.UNSPECIFIED.,.F.,
  .F.,(2,2),(-55.5,18.5),.PIECEWISE_BEZIER_KNOTS.);
#2316 = CARTESIAN_POINT('',(74.,-18.8));
#2317 = CARTESIAN_POINT('',(0.,-18.8));
#2318 = ( GEOMETRIC_REPRESENTATION_CONTEXT(2) 
PARAMETRIC_REPRESENTATION_CONTEXT() REPRESENTATION_CONTEXT('2D SPACE',''
  ) );
#2319 = ORIENTED_EDGE('',*,*,#1417,.T.);
#2320 = ORIENTED_EDGE('',*,*,#713,.T.);
#2321 = ORIENTED_EDGE('',*,*,#459,.T.);
#2322 = ORIENTED_EDGE('',*,*,#2150,.F.);
#2323 = ORIENTED_EDGE('',*,*,#1174,.F.);
#2324 = ADVANCED_FACE('',(#2325),#620,.F.);
#2325 = FACE_BOUND('',#2326,.F.);
#2326 = EDGE_LOOP('',(#2327,#2355,#2376,#2377,#2399,#2400));
#2327 = ORIENTED_EDGE('',*,*,#2328,.F.);
#2328 = EDGE_CURVE('',#2329,#2329,#2331,.T.);
#2329 = VERTEX_POINT('',#2330);
#2330 = CARTESIAN_POINT('',(-40.,-46.,0.));
#2331 = SURFACE_CURVE('',#2332,(#2337,#2344),.PCURVE_S1.);
#2332 = CIRCLE('',#2333,1.);
#2333 = AXIS2_PLACEMENT_3D('',#2334,#2335,#2336);
#2334 = CARTESIAN_POINT('',(-39.,-46.,0.));
#2335 = DIRECTION('',(0.,0.,-1.));
#2336 = DIRECTION('',(-1.,0.,0.));
#2337 = PCURVE('',#620,#2338);
#2338 = DEFINITIONAL_REPRESENTATION('',(#2339),#2343);
#2339 = LINE('',#2340,#2341);
#2340 = CARTESIAN_POINT('',(0.,5.2));
#2341 = VECTOR('',#2342,1.);
#2342 = DIRECTION('',(1.,0.));
#2343 = ( GEOMETRIC_REPRESENTATION_CONTEXT(2) 
PARAMETRIC_REPRESENTATION_CONTEXT() REPRESENTATION_CONTEXT('2D SPACE',''
  ) );
#2344 = PCURVE('',#1025,#2345);
#2345 = DEFINITIONAL_REPRESENTATION('',(#2346),#2354);
#2346 = ( BOUNDED_CURVE() B_SPLINE_CURVE(2,(#2347,#2348,#2349,#2350,
#2351,#2352,#2353),.UNSPECIFIED.,.T.,.F.) B_SPLINE_CURVE_WITH_KNOTS((1,2
    ,2,2,2,1),(-2.094395102393,0.,2.094395102393,4.188790204786,
6.28318530718,8.377580409573),.UNSPECIFIED.) CURVE() 
GEOMETRIC_REPRESENTATION_ITEM() RATIONAL_B_SPLINE_CURVE((1.,0.5,1.,0.5,
1.,0.5,1.)) REPRESENTATION_ITEM('') );
#2347 = CARTESIAN_POINT('',(-9.999999994525,-46.));
#2348 = CARTESIAN_POINT('',(-9.999999994525,-44.26794919243));
#2349 = CARTESIAN_POINT('',(-8.499999994525,-45.13397459621));
#2350 = CARTESIAN_POINT('',(-6.999999994525,-46.));
#2351 = CARTESIAN_POINT('',(-8.499999994525,-46.86602540378));
#2352 = CARTESIAN_POINT('',(-9.999999994525,-47.73205080756));
#2353 = CARTESIAN_POINT('',(-9.999999994525,-46.));
#2354 = ( GEOMETRIC_REPRESENTATION_CONTEXT(2) 
PARAMETRIC_REPRESENTATION_CONTEXT() REPRESENTATION_CONTEXT('2D SPACE',''
  ) );
#2355 = ORIENTED_EDGE('',*,*,#2356,.F.);
#2356 = EDGE_CURVE('',#600,#2329,#2357,.T.);
#2357 = SEAM_CURVE('',#2358,(#2362,#2369),.PCURVE_S1.);
#2358 = LINE('',#2359,#2360);
#2359 = CARTESIAN_POINT('',(-40.,-46.,5.2));
#2360 = VECTOR('',#2361,1.);
#2361 = DIRECTION('',(0.,0.,-1.));
#2362 = PCURVE('',#620,#2363);
#2363 = DEFINITIONAL_REPRESENTATION('',(#2364),#2368);
#2364 = LINE('',#2365,#2366);
#2365 = CARTESIAN_POINT('',(6.28318530718,-0.));
#2366 = VECTOR('',#2367,1.);
#2367 = DIRECTION('',(0.,1.));
#2368 = ( GEOMETRIC_REPRESENTATION_CONTEXT(2) 
PARAMETRIC_REPRESENTATION_CONTEXT() REPRESENTATION_CONTEXT('2D SPACE',''
  ) );
#2369 = PCURVE('',#620,#2370);
#2370 = DEFINITIONAL_REPRESENTATION('',(#2371),#2375);
#2371 = LINE('',#2372,#2373);
#2372 = CARTESIAN_POINT('',(0.,-0.));
#2373 = VECTOR('',#2374,1.);
#2374 = DIRECTION('',(0.,1.));
#2375 = ( GEOMETRIC_REPRESENTATION_CONTEXT(2) 
PARAMETRIC_REPRESENTATION_CONTEXT() REPRESENTATION_CONTEXT('2D SPACE',''
  ) );
#2376 = ORIENTED_EDGE('',*,*,#632,.T.);
#2377 = ORIENTED_EDGE('',*,*,#2378,.T.);
#2378 = EDGE_CURVE('',#633,#579,#2379,.T.);
#2379 = SURFACE_CURVE('',#2380,(#2385,#2392),.PCURVE_S1.);
#2380 = CIRCLE('',#2381,1.);
#2381 = AXIS2_PLACEMENT_3D('',#2382,#2383,#2384);
#2382 = CARTESIAN_POINT('',(-39.,-46.,5.2));
#2383 = DIRECTION('',(0.,0.,-1.));
#2384 = DIRECTION('',(-1.,0.,0.));
#2385 = PCURVE('',#620,#2386);
#2386 = DEFINITIONAL_REPRESENTATION('',(#2387),#2391);
#2387 = LINE('',#2388,#2389);
#2388 = CARTESIAN_POINT('',(0.,0.));
#2389 = VECTOR('',#2390,1.);
#2390 = DIRECTION('',(1.,0.));
#2391 = ( GEOMETRIC_REPRESENTATION_CONTEXT(2) 
PARAMETRIC_REPRESENTATION_CONTEXT() REPRESENTATION_CONTEXT('2D SPACE',''
  ) );
#2392 = PCURVE('',#699,#2393);
#2393 = DEFINITIONAL_REPRESENTATION('',(#2394),#2398);
#2394 = CIRCLE('',#2395,1.);
#2395 = AXIS2_PLACEMENT_2D('',#2396,#2397);
#2396 = CARTESIAN_POINT('',(0.,0.));
#2397 = DIRECTION('',(1.,0.));
#2398 = ( GEOMETRIC_REPRESENTATION_CONTEXT(2) 
PARAMETRIC_REPRESENTATION_CONTEXT() REPRESENTATION_CONTEXT('2D SPACE',''
  ) );
#2399 = ORIENTED_EDGE('',*,*,#599,.T.);
#2400 = ORIENTED_EDGE('',*,*,#2356,.T.);
#2401 = ADVANCED_FACE('',(#2402),#772,.T.);
#2402 = FACE_BOUND('',#2403,.T.);
#2403 = EDGE_LOOP('',(#2404,#2405,#2406,#2407,#2440,#2466));
#2404 = ORIENTED_EDGE('',*,*,#1444,.F.);
#2405 = ORIENTED_EDGE('',*,*,#1282,.F.);
#2406 = ORIENTED_EDGE('',*,*,#810,.T.);
#2407 = ORIENTED_EDGE('',*,*,#2408,.T.);
#2408 = EDGE_CURVE('',#784,#2409,#2411,.T.);
#2409 = VERTEX_POINT('',#2410);
#2410 = CARTESIAN_POINT('',(-22.,-46.,5.2));
#2411 = SURFACE_CURVE('',#2412,(#2417,#2428),.PCURVE_S1.);
#2412 = CIRCLE('',#2413,1.);
#2413 = AXIS2_PLACEMENT_3D('',#2414,#2415,#2416);
#2414 = CARTESIAN_POINT('',(-21.,-46.,5.2));
#2415 = DIRECTION('',(0.,0.,-1.));
#2416 = DIRECTION('',(-1.,0.,0.));
#2417 = PCURVE('',#772,#2418);
#2418 = DEFINITIONAL_REPRESENTATION('',(#2419),#2427);
#2419 = ( BOUNDED_CURVE() B_SPLINE_CURVE(2,(#2420,#2421,#2422,#2423,
#2424,#2425,#2426),.UNSPECIFIED.,.T.,.F.) B_SPLINE_CURVE_WITH_KNOTS((1,2
    ,2,2,2,1),(-2.094395102393,0.,2.094395102393,4.188790204786,
6.28318530718,8.377580409573),.UNSPECIFIED.) CURVE() 
GEOMETRIC_REPRESENTATION_ITEM() RATIONAL_B_SPLINE_CURVE((1.,0.5,1.,0.5,
1.,0.5,1.)) REPRESENTATION_ITEM('') );
#2420 = CARTESIAN_POINT('',(-1.,0.));
#2421 = CARTESIAN_POINT('',(-1.,1.732050807569));
#2422 = CARTESIAN_POINT('',(0.5,0.866025403784));
#2423 = CARTESIAN_POINT('',(2.,2.449293598295E-16));
#2424 = CARTESIAN_POINT('',(0.5,-0.866025403784));
#2425 = CARTESIAN_POINT('',(-1.,-1.732050807569));
#2426 = CARTESIAN_POINT('',(-1.,0.));
#2427 = ( GEOMETRIC_REPRESENTATION_CONTEXT(2) 
PARAMETRIC_REPRESENTATION_CONTEXT() REPRESENTATION_CONTEXT('2D SPACE',''
  ) );
#2428 = PCURVE('',#2429,#2434);
#2429 = CYLINDRICAL_SURFACE('',#2430,1.);
#2430 = AXIS2_PLACEMENT_3D('',#2431,#2432,#2433);
#2431 = CARTESIAN_POINT('',(-21.,-46.,5.2));
#2432 = DIRECTION('',(0.,0.,-1.));
#2433 = DIRECTION('',(-1.,0.,0.));
#2434 = DEFINITIONAL_REPRESENTATION('',(#2435),#2439);
#2435 = LINE('',#2436,#2437);
#2436 = CARTESIAN_POINT('',(0.,0.));
#2437 = VECTOR('',#2438,1.);
#2438 = DIRECTION('',(1.,0.));
#2439 = ( GEOMETRIC_REPRESENTATION_CONTEXT(2) 
PARAMETRIC_REPRESENTATION_CONTEXT() REPRESENTATION_CONTEXT('2D SPACE',''
  ) );
#2440 = ORIENTED_EDGE('',*,*,#2441,.T.);
#2441 = EDGE_CURVE('',#2409,#758,#2442,.T.);
#2442 = SURFACE_CURVE('',#2443,(#2448,#2459),.PCURVE_S1.);
#2443 = CIRCLE('',#2444,1.);
#2444 = AXIS2_PLACEMENT_3D('',#2445,#2446,#2447);
#2445 = CARTESIAN_POINT('',(-21.,-46.,5.2));
#2446 = DIRECTION('',(0.,0.,-1.));
#2447 = DIRECTION('',(-1.,0.,0.));
#2448 = PCURVE('',#772,#2449);
#2449 = DEFINITIONAL_REPRESENTATION('',(#2450),#2458);
#2450 = ( BOUNDED_CURVE() B_SPLINE_CURVE(2,(#2451,#2452,#2453,#2454,
#2455,#2456,#2457),.UNSPECIFIED.,.T.,.F.) B_SPLINE_CURVE_WITH_KNOTS((1,2
    ,2,2,2,1),(-2.094395102393,0.,2.094395102393,4.188790204786,
6.28318530718,8.377580409573),.UNSPECIFIED.) CURVE() 
GEOMETRIC_REPRESENTATION_ITEM() RATIONAL_B_SPLINE_CURVE((1.,0.5,1.,0.5,
1.,0.5,1.)) REPRESENTATION_ITEM('') );
#2451 = CARTESIAN_POINT('',(-1.,0.));
#2452 = CARTESIAN_POINT('',(-1.,1.732050807569));
#2453 = CARTESIAN_POINT('',(0.5,0.866025403784));
#2454 = CARTESIAN_POINT('',(2.,2.449293598295E-16));
#2455 = CARTESIAN_POINT('',(0.5,-0.866025403784));
#2456 = CARTESIAN_POINT('',(-1.,-1.732050807569));
#2457 = CARTESIAN_POINT('',(-1.,0.));
#2458 = ( GEOMETRIC_REPRESENTATION_CONTEXT(2) 
PARAMETRIC_REPRESENTATION_CONTEXT() REPRESENTATION_CONTEXT('2D SPACE',''
  ) );
#2459 = PCURVE('',#2429,#2460);
#2460 = DEFINITIONAL_REPRESENTATION('',(#2461),#2465);
#2461 = LINE('',#2462,#2463);
#2462 = CARTESIAN_POINT('',(0.,0.));
#2463 = VECTOR('',#2464,1.);
#2464 = DIRECTION('',(1.,0.));
#2465 = ( GEOMETRIC_REPRESENTATION_CONTEXT(2) 
PARAMETRIC_REPRESENTATION_CONTEXT() REPRESENTATION_CONTEXT('2D SPACE',''
  ) );
#2466 = ORIENTED_EDGE('',*,*,#757,.T.);
#2467 = ADVANCED_FACE('',(#2468),#699,.T.);
#2468 = FACE_BOUND('',#2469,.T.);
#2469 = EDGE_LOOP('',(#2470,#2471));
#2470 = ORIENTED_EDGE('',*,*,#686,.T.);
#2471 = ORIENTED_EDGE('',*,*,#2378,.T.);
#2472 = ADVANCED_FACE('',(#2473),#798,.T.);
#2473 = FACE_BOUND('',#2474,.T.);
#2474 = EDGE_LOOP('',(#2475,#2476));
#2475 = ORIENTED_EDGE('',*,*,#783,.T.);
#2476 = ORIENTED_EDGE('',*,*,#2477,.T.);
#2477 = EDGE_CURVE('',#758,#784,#2478,.T.);
#2478 = SURFACE_CURVE('',#2479,(#2484,#2491),.PCURVE_S1.);
#2479 = CIRCLE('',#2480,1.);
#2480 = AXIS2_PLACEMENT_3D('',#2481,#2482,#2483);
#2481 = CARTESIAN_POINT('',(-21.,-46.,5.2));
#2482 = DIRECTION('',(0.,0.,-1.));
#2483 = DIRECTION('',(-1.,0.,0.));
#2484 = PCURVE('',#798,#2485);
#2485 = DEFINITIONAL_REPRESENTATION('',(#2486),#2490);
#2486 = CIRCLE('',#2487,1.);
#2487 = AXIS2_PLACEMENT_2D('',#2488,#2489);
#2488 = CARTESIAN_POINT('',(0.,0.));
#2489 = DIRECTION('',(1.,0.));
#2490 = ( GEOMETRIC_REPRESENTATION_CONTEXT(2) 
PARAMETRIC_REPRESENTATION_CONTEXT() REPRESENTATION_CONTEXT('2D SPACE',''
  ) );
#2491 = PCURVE('',#2429,#2492);
#2492 = DEFINITIONAL_REPRESENTATION('',(#2493),#2497);
#2493 = LINE('',#2494,#2495);
#2494 = CARTESIAN_POINT('',(0.,0.));
#2495 = VECTOR('',#2496,1.);
#2496 = DIRECTION('',(1.,0.));
#2497 = ( GEOMETRIC_REPRESENTATION_CONTEXT(2) 
PARAMETRIC_REPRESENTATION_CONTEXT() REPRESENTATION_CONTEXT('2D SPACE',''
  ) );
#2498 = ADVANCED_FACE('',(#2499),#873,.F.);
#2499 = FACE_BOUND('',#2500,.F.);
#2500 = EDGE_LOOP('',(#2501,#2534,#2555,#2556));
#2501 = ORIENTED_EDGE('',*,*,#2502,.F.);
#2502 = EDGE_CURVE('',#2503,#2503,#2505,.T.);
#2503 = VERTEX_POINT('',#2504);
#2504 = CARTESIAN_POINT('',(-26.75,-49.,9.2));
#2505 = SURFACE_CURVE('',#2506,(#2511,#2518),.PCURVE_S1.);
#2506 = CIRCLE('',#2507,3.25);
#2507 = AXIS2_PLACEMENT_3D('',#2508,#2509,#2510);
#2508 = CARTESIAN_POINT('',(-30.,-49.,9.2));
#2509 = DIRECTION('',(0.,-1.,0.));
#2510 = DIRECTION('',(1.,0.,0.));
#2511 = PCURVE('',#873,#2512);
#2512 = DEFINITIONAL_REPRESENTATION('',(#2513),#2517);
#2513 = LINE('',#2514,#2515);
#2514 = CARTESIAN_POINT('',(0.,0.));
#2515 = VECTOR('',#2516,1.);
#2516 = DIRECTION('',(1.,0.));
#2517 = ( GEOMETRIC_REPRESENTATION_CONTEXT(2) 
PARAMETRIC_REPRESENTATION_CONTEXT() REPRESENTATION_CONTEXT('2D SPACE',''
  ) );
#2518 = PCURVE('',#2519,#2524);
#2519 = PLANE('',#2520);
#2520 = AXIS2_PLACEMENT_3D('',#2521,#2522,#2523);
#2521 = CARTESIAN_POINT('',(-40.,-49.,0.));
#2522 = DIRECTION('',(0.,1.,0.));
#2523 = DIRECTION('',(1.,0.,0.));
#2524 = DEFINITIONAL_REPRESENTATION('',(#2525),#2533);
#2525 = ( BOUNDED_CURVE() B_SPLINE_CURVE(2,(#2526,#2527,#2528,#2529,
#2530,#2531,#2532),.UNSPECIFIED.,.T.,.F.) B_SPLINE_CURVE_WITH_KNOTS((1,2
    ,2,2,2,1),(-2.094395102393,0.,2.094395102393,4.188790204786,
6.28318530718,8.377580409573),.UNSPECIFIED.) CURVE() 
GEOMETRIC_REPRESENTATION_ITEM() RATIONAL_B_SPLINE_CURVE((1.,0.5,1.,0.5,
1.,0.5,1.)) REPRESENTATION_ITEM('') );
#2526 = CARTESIAN_POINT('',(13.25,-9.2));
#2527 = CARTESIAN_POINT('',(13.25,-14.82916512459));
#2528 = CARTESIAN_POINT('',(8.375,-12.01458256229));
#2529 = CARTESIAN_POINT('',(3.5,-9.2));
#2530 = CARTESIAN_POINT('',(8.375,-6.385417437701));
#2531 = CARTESIAN_POINT('',(13.25,-3.570834875401));
#2532 = CARTESIAN_POINT('',(13.25,-9.2));
#2533 = ( GEOMETRIC_REPRESENTATION_CONTEXT(2) 
PARAMETRIC_REPRESENTATION_CONTEXT() REPRESENTATION_CONTEXT('2D SPACE',''
  ) );
#2534 = ORIENTED_EDGE('',*,*,#2535,.T.);
#2535 = EDGE_CURVE('',#2503,#853,#2536,.T.);
#2536 = SEAM_CURVE('',#2537,(#2541,#2548),.PCURVE_S1.);
#2537 = LINE('',#2538,#2539);
#2538 = CARTESIAN_POINT('',(-26.75,-49.,9.2));
#2539 = VECTOR('',#2540,1.);
#2540 = DIRECTION('',(-0.,1.,-0.));
#2541 = PCURVE('',#873,#2542);
#2542 = DEFINITIONAL_REPRESENTATION('',(#2543),#2547);
#2543 = LINE('',#2544,#2545);
#2544 = CARTESIAN_POINT('',(6.28318530718,0.));
#2545 = VECTOR('',#2546,1.);
#2546 = DIRECTION('',(0.,-1.));
#2547 = ( GEOMETRIC_REPRESENTATION_CONTEXT(2) 
PARAMETRIC_REPRESENTATION_CONTEXT() REPRESENTATION_CONTEXT('2D SPACE',''
  ) );
#2548 = PCURVE('',#873,#2549);
#2549 = DEFINITIONAL_REPRESENTATION('',(#2550),#2554);
#2550 = LINE('',#2551,#2552);
#2551 = CARTESIAN_POINT('',(0.,0.));
#2552 = VECTOR('',#2553,1.);
#2553 = DIRECTION('',(0.,-1.));
#2554 = ( GEOMETRIC_REPRESENTATION_CONTEXT(2) 
PARAMETRIC_REPRESENTATION_CONTEXT() REPRESENTATION_CONTEXT('2D SPACE',''
  ) );
#2555 = ORIENTED_EDGE('',*,*,#852,.T.);
#2556 = ORIENTED_EDGE('',*,*,#2535,.F.);
#2557 = ADVANCED_FACE('',(#2558),#905,.T.);
#2558 = FACE_BOUND('',#2559,.T.);
#2559 = EDGE_LOOP('',(#2560,#2583,#2611,#2632));
#2560 = ORIENTED_EDGE('',*,*,#2561,.F.);
#2561 = EDGE_CURVE('',#2562,#889,#2564,.T.);
#2562 = VERTEX_POINT('',#2563);
#2563 = CARTESIAN_POINT('',(-52.,-37.,21.));
#2564 = SURFACE_CURVE('',#2565,(#2569,#2576),.PCURVE_S1.);
#2565 = LINE('',#2566,#2567);
#2566 = CARTESIAN_POINT('',(-52.,0.,21.));
#2567 = VECTOR('',#2568,1.);
#2568 = DIRECTION('',(0.,1.,0.));
#2569 = PCURVE('',#905,#2570);
#2570 = DEFINITIONAL_REPRESENTATION('',(#2571),#2575);
#2571 = LINE('',#2572,#2573);
#2572 = CARTESIAN_POINT('',(-21.99999999452,1.73210767953E-15));
#2573 = VECTOR('',#2574,1.);
#2574 = DIRECTION('',(0.,1.));
#2575 = ( GEOMETRIC_REPRESENTATION_CONTEXT(2) 
PARAMETRIC_REPRESENTATION_CONTEXT() REPRESENTATION_CONTEXT('2D SPACE',''
  ) );
#2576 = PCURVE('',#933,#2577);
#2577 = DEFINITIONAL_REPRESENTATION('',(#2578),#2582);
#2578 = LINE('',#2579,#2580);
#2579 = CARTESIAN_POINT('',(37.,-21.));
#2580 = VECTOR('',#2581,1.);
#2581 = DIRECTION('',(1.,0.));
#2582 = ( GEOMETRIC_REPRESENTATION_CONTEXT(2) 
PARAMETRIC_REPRESENTATION_CONTEXT() REPRESENTATION_CONTEXT('2D SPACE',''
  ) );
#2583 = ORIENTED_EDGE('',*,*,#2584,.F.);
#2584 = EDGE_CURVE('',#2585,#2562,#2587,.T.);
#2585 = VERTEX_POINT('',#2586);
#2586 = CARTESIAN_POINT('',(-50.9,-42.01896403653,21.));
#2587 = SURFACE_CURVE('',#2588,(#2593,#2604),.PCURVE_S1.);
#2588 = CIRCLE('',#2589,12.);
#2589 = AXIS2_PLACEMENT_3D('',#2590,#2591,#2592);
#2590 = CARTESIAN_POINT('',(-40.,-37.,21.));
#2591 = DIRECTION('',(0.,0.,-1.));
#2592 = DIRECTION('',(-1.,0.,0.));
#2593 = PCURVE('',#905,#2594);
#2594 = DEFINITIONAL_REPRESENTATION('',(#2595),#2603);
#2595 = ( BOUNDED_CURVE() B_SPLINE_CURVE(2,(#2596,#2597,#2598,#2599,
#2600,#2601,#2602),.UNSPECIFIED.,.T.,.F.) B_SPLINE_CURVE_WITH_KNOTS((1,2
    ,2,2,2,1),(-2.094395102393,0.,2.094395102393,4.188790204786,
6.28318530718,8.377580409573),.UNSPECIFIED.) CURVE() 
GEOMETRIC_REPRESENTATION_ITEM() RATIONAL_B_SPLINE_CURVE((1.,0.5,1.,0.5,
1.,0.5,1.)) REPRESENTATION_ITEM('') );
#2596 = CARTESIAN_POINT('',(-21.99999999452,-37.));
#2597 = CARTESIAN_POINT('',(-21.99999999452,-16.21539030917));
#2598 = CARTESIAN_POINT('',(-3.999999994525,-26.60769515458));
#2599 = CARTESIAN_POINT('',(14.000000005475,-37.));
#2600 = CARTESIAN_POINT('',(-3.999999994525,-47.39230484541));
#2601 = CARTESIAN_POINT('',(-21.99999999452,-57.78460969082));
#2602 = CARTESIAN_POINT('',(-21.99999999452,-37.));
#2603 = ( GEOMETRIC_REPRESENTATION_CONTEXT(2) 
PARAMETRIC_REPRESENTATION_CONTEXT() REPRESENTATION_CONTEXT('2D SPACE',''
  ) );
#2604 = PCURVE('',#987,#2605);
#2605 = DEFINITIONAL_REPRESENTATION('',(#2606),#2610);
#2606 = LINE('',#2607,#2608);
#2607 = CARTESIAN_POINT('',(0.,-21.));
#2608 = VECTOR('',#2609,1.);
#2609 = DIRECTION('',(1.,0.));
#2610 = ( GEOMETRIC_REPRESENTATION_CONTEXT(2) 
PARAMETRIC_REPRESENTATION_CONTEXT() REPRESENTATION_CONTEXT('2D SPACE',''
  ) );
#2611 = ORIENTED_EDGE('',*,*,#2612,.T.);
#2612 = EDGE_CURVE('',#2585,#891,#2613,.T.);
#2613 = SURFACE_CURVE('',#2614,(#2618,#2625),.PCURVE_S1.);
#2614 = LINE('',#2615,#2616);
#2615 = CARTESIAN_POINT('',(-50.9,0.,21.));
#2616 = VECTOR('',#2617,1.);
#2617 = DIRECTION('',(0.,1.,0.));
#2618 = PCURVE('',#905,#2619);
#2619 = DEFINITIONAL_REPRESENTATION('',(#2620),#2624);
#2620 = LINE('',#2621,#2622);
#2621 = CARTESIAN_POINT('',(-20.89999999452,1.73210767953E-15));
#2622 = VECTOR('',#2623,1.);
#2623 = DIRECTION('',(0.,1.));
#2624 = ( GEOMETRIC_REPRESENTATION_CONTEXT(2) 
PARAMETRIC_REPRESENTATION_CONTEXT() REPRESENTATION_CONTEXT('2D SPACE',''
  ) );
#2625 = PCURVE('',#1265,#2626);
#2626 = DEFINITIONAL_REPRESENTATION('',(#2627),#2631);
#2627 = LINE('',#2628,#2629);
#2628 = CARTESIAN_POINT('',(47.9,0.));
#2629 = VECTOR('',#2630,1.);
#2630 = DIRECTION('',(1.,0.));
#2631 = ( GEOMETRIC_REPRESENTATION_CONTEXT(2) 
PARAMETRIC_REPRESENTATION_CONTEXT() REPRESENTATION_CONTEXT('2D SPACE',''
  ) );
#2632 = ORIENTED_EDGE('',*,*,#888,.F.);
#2633 = ADVANCED_FACE('',(#2634),#1265,.T.);
#2634 = FACE_BOUND('',#2635,.T.);
#2635 = EDGE_LOOP('',(#2636,#2637,#2658,#2679));
#2636 = ORIENTED_EDGE('',*,*,#2612,.F.);
#2637 = ORIENTED_EDGE('',*,*,#2638,.T.);
#2638 = EDGE_CURVE('',#2585,#2639,#2641,.T.);
#2639 = VERTEX_POINT('',#2640);
#2640 = CARTESIAN_POINT('',(-50.9,-42.01896403653,19.5));
#2641 = SURFACE_CURVE('',#2642,(#2646,#2652),.PCURVE_S1.);
#2642 = LINE('',#2643,#2644);
#2643 = CARTESIAN_POINT('',(-50.9,-42.01896403653,0.));
#2644 = VECTOR('',#2645,1.);
#2645 = DIRECTION('',(0.,0.,-1.));
#2646 = PCURVE('',#1265,#2647);
#2647 = DEFINITIONAL_REPRESENTATION('',(#2648),#2651);
#2648 = B_SPLINE_CURVE_WITH_KNOTS('',1,(#2649,#2650),.UNSPECIFIED.,.F.,
  .F.,(2,2),(-21.0000006,-19.35),.PIECEWISE_BEZIER_KNOTS.);
#2649 = CARTESIAN_POINT('',(5.881035963468,5.999999999062E-07));
#2650 = CARTESIAN_POINT('',(5.881035963468,-1.65));
#2651 = ( GEOMETRIC_REPRESENTATION_CONTEXT(2) 
PARAMETRIC_REPRESENTATION_CONTEXT() REPRESENTATION_CONTEXT('2D SPACE',''
  ) );
#2652 = PCURVE('',#987,#2653);
#2653 = DEFINITIONAL_REPRESENTATION('',(#2654),#2657);
#2654 = B_SPLINE_CURVE_WITH_KNOTS('',1,(#2655,#2656),.UNSPECIFIED.,.F.,
  .F.,(2,2),(-21.0000006,-19.35),.PIECEWISE_BEZIER_KNOTS.);
#2655 = CARTESIAN_POINT('',(5.851670751469,-21.0000006));
#2656 = CARTESIAN_POINT('',(5.851670751469,-19.35));
#2657 = ( GEOMETRIC_REPRESENTATION_CONTEXT(2) 
PARAMETRIC_REPRESENTATION_CONTEXT() REPRESENTATION_CONTEXT('2D SPACE',''
  ) );
#2658 = ORIENTED_EDGE('',*,*,#2659,.T.);
#2659 = EDGE_CURVE('',#2639,#1225,#2660,.T.);
#2660 = SURFACE_CURVE('',#2661,(#2665,#2672),.PCURVE_S1.);
#2661 = LINE('',#2662,#2663);
#2662 = CARTESIAN_POINT('',(-50.9,0.,19.5));
#2663 = VECTOR('',#2664,1.);
#2664 = DIRECTION('',(0.,1.,0.));
#2665 = PCURVE('',#1265,#2666);
#2666 = DEFINITIONAL_REPRESENTATION('',(#2667),#2671);
#2667 = LINE('',#2668,#2669);
#2668 = CARTESIAN_POINT('',(47.9,-1.5));
#2669 = VECTOR('',#2670,1.);
#2670 = DIRECTION('',(1.,0.));
#2671 = ( GEOMETRIC_REPRESENTATION_CONTEXT(2) 
PARAMETRIC_REPRESENTATION_CONTEXT() REPRESENTATION_CONTEXT('2D SPACE',''
  ) );
#2672 = PCURVE('',#1239,#2673);
#2673 = DEFINITIONAL_REPRESENTATION('',(#2674),#2678);
#2674 = LINE('',#2675,#2676);
#2675 = CARTESIAN_POINT('',(-20.9,0.));
#2676 = VECTOR('',#2677,1.);
#2677 = DIRECTION('',(0.,1.));
#2678 = ( GEOMETRIC_REPRESENTATION_CONTEXT(2) 
PARAMETRIC_REPRESENTATION_CONTEXT() REPRESENTATION_CONTEXT('2D SPACE',''
  ) );
#2679 = ORIENTED_EDGE('',*,*,#1250,.F.);
#2680 = ADVANCED_FACE('',(#2681),#1239,.T.);
#2681 = FACE_BOUND('',#2682,.T.);
#2682 = EDGE_LOOP('',(#2683,#2684,#2712,#2733));
#2683 = ORIENTED_EDGE('',*,*,#2659,.F.);
#2684 = ORIENTED_EDGE('',*,*,#2685,.F.);
#2685 = EDGE_CURVE('',#2686,#2639,#2688,.T.);
#2686 = VERTEX_POINT('',#2687);
#2687 = CARTESIAN_POINT('',(-50.,-43.63324958071,19.5));
#2688 = SURFACE_CURVE('',#2689,(#2694,#2705),.PCURVE_S1.);
#2689 = CIRCLE('',#2690,12.);
#2690 = AXIS2_PLACEMENT_3D('',#2691,#2692,#2693);
#2691 = CARTESIAN_POINT('',(-40.,-37.,19.5));
#2692 = DIRECTION('',(0.,0.,-1.));
#2693 = DIRECTION('',(-1.,0.,0.));
#2694 = PCURVE('',#1239,#2695);
#2695 = DEFINITIONAL_REPRESENTATION('',(#2696),#2704);
#2696 = ( BOUNDED_CURVE() B_SPLINE_CURVE(2,(#2697,#2698,#2699,#2700,
#2701,#2702,#2703),.UNSPECIFIED.,.T.,.F.) B_SPLINE_CURVE_WITH_KNOTS((1,2
    ,2,2,2,1),(-2.094395102393,0.,2.094395102393,4.188790204786,
6.28318530718,8.377580409573),.UNSPECIFIED.) CURVE() 
GEOMETRIC_REPRESENTATION_ITEM() RATIONAL_B_SPLINE_CURVE((1.,0.5,1.,0.5,
1.,0.5,1.)) REPRESENTATION_ITEM('') );
#2697 = CARTESIAN_POINT('',(-22.,-37.));
#2698 = CARTESIAN_POINT('',(-22.,-16.21539030917));
#2699 = CARTESIAN_POINT('',(-4.,-26.60769515458));
#2700 = CARTESIAN_POINT('',(14.,-37.));
#2701 = CARTESIAN_POINT('',(-4.,-47.39230484541));
#2702 = CARTESIAN_POINT('',(-22.,-57.78460969082));
#2703 = CARTESIAN_POINT('',(-22.,-37.));
#2704 = ( GEOMETRIC_REPRESENTATION_CONTEXT(2) 
PARAMETRIC_REPRESENTATION_CONTEXT() REPRESENTATION_CONTEXT('2D SPACE',''
  ) );
#2705 = PCURVE('',#987,#2706);
#2706 = DEFINITIONAL_REPRESENTATION('',(#2707),#2711);
#2707 = LINE('',#2708,#2709);
#2708 = CARTESIAN_POINT('',(0.,-19.5));
#2709 = VECTOR('',#2710,1.);
#2710 = DIRECTION('',(1.,0.));
#2711 = ( GEOMETRIC_REPRESENTATION_CONTEXT(2) 
PARAMETRIC_REPRESENTATION_CONTEXT() REPRESENTATION_CONTEXT('2D SPACE',''
  ) );
#2712 = ORIENTED_EDGE('',*,*,#2713,.T.);
#2713 = EDGE_CURVE('',#2686,#1196,#2714,.T.);
#2714 = SURFACE_CURVE('',#2715,(#2719,#2726),.PCURVE_S1.);
#2715 = LINE('',#2716,#2717);
#2716 = CARTESIAN_POINT('',(-50.,0.,19.5));
#2717 = VECTOR('',#2718,1.);
#2718 = DIRECTION('',(0.,1.,0.));
#2719 = PCURVE('',#1239,#2720);
#2720 = DEFINITIONAL_REPRESENTATION('',(#2721),#2725);
#2721 = LINE('',#2722,#2723);
#2722 = CARTESIAN_POINT('',(-20.,0.));
#2723 = VECTOR('',#2724,1.);
#2724 = DIRECTION('',(0.,1.));
#2725 = ( GEOMETRIC_REPRESENTATION_CONTEXT(2) 
PARAMETRIC_REPRESENTATION_CONTEXT() REPRESENTATION_CONTEXT('2D SPACE',''
  ) );
#2726 = PCURVE('',#1212,#2727);
#2727 = DEFINITIONAL_REPRESENTATION('',(#2728),#2732);
#2728 = LINE('',#2729,#2730);
#2729 = CARTESIAN_POINT('',(47.,-1.5));
#2730 = VECTOR('',#2731,1.);
#2731 = DIRECTION('',(1.,0.));
#2732 = ( GEOMETRIC_REPRESENTATION_CONTEXT(2) 
PARAMETRIC_REPRESENTATION_CONTEXT() REPRESENTATION_CONTEXT('2D SPACE',''
  ) );
#2733 = ORIENTED_EDGE('',*,*,#1224,.F.);
#2734 = ADVANCED_FACE('',(#2735),#1212,.F.);
#2735 = FACE_BOUND('',#2736,.F.);
#2736 = EDGE_LOOP('',(#2737,#2738,#2757,#2758));
#2737 = ORIENTED_EDGE('',*,*,#2172,.F.);
#2738 = ORIENTED_EDGE('',*,*,#2739,.T.);
#2739 = EDGE_CURVE('',#2173,#2686,#2740,.T.);
#2740 = SURFACE_CURVE('',#2741,(#2745,#2751),.PCURVE_S1.);
#2741 = LINE('',#2742,#2743);
#2742 = CARTESIAN_POINT('',(-50.,-43.63324958071,0.));
#2743 = VECTOR('',#2744,1.);
#2744 = DIRECTION('',(0.,0.,-1.));
#2745 = PCURVE('',#1212,#2746);
#2746 = DEFINITIONAL_REPRESENTATION('',(#2747),#2750);
#2747 = B_SPLINE_CURVE_WITH_KNOTS('',1,(#2748,#2749),.UNSPECIFIED.,.F.,
  .F.,(2,2),(-21.0000006,-19.35),.PIECEWISE_BEZIER_KNOTS.);
#2748 = CARTESIAN_POINT('',(3.366750419289,5.999999999062E-07));
#2749 = CARTESIAN_POINT('',(3.366750419289,-1.65));
#2750 = ( GEOMETRIC_REPRESENTATION_CONTEXT(2) 
PARAMETRIC_REPRESENTATION_CONTEXT() REPRESENTATION_CONTEXT('2D SPACE',''
  ) );
#2751 = PCURVE('',#987,#2752);
#2752 = DEFINITIONAL_REPRESENTATION('',(#2753),#2756);
#2753 = B_SPLINE_CURVE_WITH_KNOTS('',1,(#2754,#2755),.UNSPECIFIED.,.F.,
  .F.,(2,2),(-21.0000006,-19.35),.PIECEWISE_BEZIER_KNOTS.);
#2754 = CARTESIAN_POINT('',(5.697499763722,-21.0000006));
#2755 = CARTESIAN_POINT('',(5.697499763722,-19.35));
#2756 = ( GEOMETRIC_REPRESENTATION_CONTEXT(2) 
PARAMETRIC_REPRESENTATION_CONTEXT() REPRESENTATION_CONTEXT('2D SPACE',''
  ) );
#2757 = ORIENTED_EDGE('',*,*,#2713,.T.);
#2758 = ORIENTED_EDGE('',*,*,#1195,.F.);
#2759 = ADVANCED_FACE('',(#2760),#1085,.F.);
#2760 = FACE_BOUND('',#2761,.F.);
#2761 = EDGE_LOOP('',(#2762,#2763,#2789,#2790));
#2762 = ORIENTED_EDGE('',*,*,#1070,.F.);
#2763 = ORIENTED_EDGE('',*,*,#2764,.F.);
#2764 = EDGE_CURVE('',#1994,#1037,#2765,.T.);
#2765 = SURFACE_CURVE('',#2766,(#2771,#2782),.PCURVE_S1.);
#2766 = CIRCLE('',#2767,3.2);
#2767 = AXIS2_PLACEMENT_3D('',#2768,#2769,#2770);
#2768 = CARTESIAN_POINT('',(-46.,-41.,1.2));
#2769 = DIRECTION('',(0.,0.,-1.));
#2770 = DIRECTION('',(0.935787625967,0.352564205623,0.));
#2771 = PCURVE('',#1085,#2772);
#2772 = DEFINITIONAL_REPRESENTATION('',(#2773),#2781);
#2773 = ( BOUNDED_CURVE() B_SPLINE_CURVE(2,(#2774,#2775,#2776,#2777,
#2778,#2779,#2780),.UNSPECIFIED.,.T.,.F.) B_SPLINE_CURVE_WITH_KNOTS((1,2
    ,2,2,2,1),(-2.094395102393,0.,2.094395102393,4.188790204786,
6.28318530718,8.377580409573),.UNSPECIFIED.) CURVE() 
GEOMETRIC_REPRESENTATION_ITEM() RATIONAL_B_SPLINE_CURVE((1.,0.5,1.,0.5,
1.,0.5,1.)) REPRESENTATION_ITEM('') );
#2774 = CARTESIAN_POINT('',(2.994520403095,1.128205457993));
#2775 = CARTESIAN_POINT('',(4.948629577716,-4.05845602447));
#2776 = CARTESIAN_POINT('',(-0.520205614237,-3.157433470228));
#2777 = CARTESIAN_POINT('',(-5.989040806191,-2.256410915986));
#2778 = CARTESIAN_POINT('',(-2.474314788858,2.029228012235));
#2779 = CARTESIAN_POINT('',(1.040411228475,6.314866940456));
#2780 = CARTESIAN_POINT('',(2.994520403095,1.128205457993));
#2781 = ( GEOMETRIC_REPRESENTATION_CONTEXT(2) 
PARAMETRIC_REPRESENTATION_CONTEXT() REPRESENTATION_CONTEXT('2D SPACE',''
  ) );
#2782 = PCURVE('',#1056,#2783);
#2783 = DEFINITIONAL_REPRESENTATION('',(#2784),#2788);
#2784 = LINE('',#2785,#2786);
#2785 = CARTESIAN_POINT('',(6.643495158924,1.2));
#2786 = VECTOR('',#2787,1.);
#2787 = DIRECTION('',(-1.,-0.));
#2788 = ( GEOMETRIC_REPRESENTATION_CONTEXT(2) 
PARAMETRIC_REPRESENTATION_CONTEXT() REPRESENTATION_CONTEXT('2D SPACE',''
  ) );
#2789 = ORIENTED_EDGE('',*,*,#1993,.F.);
#2790 = ORIENTED_EDGE('',*,*,#2116,.T.);
#2791 = ADVANCED_FACE('',(#2792),#1056,.F.);
#2792 = FACE_BOUND('',#2793,.F.);
#2793 = EDGE_LOOP('',(#2794,#2820,#2821,#2822));
#2794 = ORIENTED_EDGE('',*,*,#2795,.F.);
#2795 = EDGE_CURVE('',#2015,#1011,#2796,.T.);
#2796 = SURFACE_CURVE('',#2797,(#2802,#2809),.PCURVE_S1.);
#2797 = CIRCLE('',#2798,3.2);
#2798 = AXIS2_PLACEMENT_3D('',#2799,#2800,#2801);
#2799 = CARTESIAN_POINT('',(-46.,-41.,0.));
#2800 = DIRECTION('',(0.,0.,-1.));
#2801 = DIRECTION('',(0.944630916054,0.328134777851,0.));
#2802 = PCURVE('',#1056,#2803);
#2803 = DEFINITIONAL_REPRESENTATION('',(#2804),#2808);
#2804 = LINE('',#2805,#2806);
#2805 = CARTESIAN_POINT('',(6.617513652173,0.));
#2806 = VECTOR('',#2807,1.);
#2807 = DIRECTION('',(-1.,-0.));
#2808 = ( GEOMETRIC_REPRESENTATION_CONTEXT(2) 
PARAMETRIC_REPRESENTATION_CONTEXT() REPRESENTATION_CONTEXT('2D SPACE',''
  ) );
#2809 = PCURVE('',#1025,#2810);
#2810 = DEFINITIONAL_REPRESENTATION('',(#2811),#2819);
#2811 = ( BOUNDED_CURVE() B_SPLINE_CURVE(2,(#2812,#2813,#2814,#2815,
#2816,#2817,#2818),.UNSPECIFIED.,.T.,.F.) B_SPLINE_CURVE_WITH_KNOTS((1,2
    ,2,2,2,1),(-2.094395102393,0.,2.094395102393,4.188790204786,
6.28318530718,8.377580409573),.UNSPECIFIED.) CURVE() 
GEOMETRIC_REPRESENTATION_ITEM() RATIONAL_B_SPLINE_CURVE((1.,0.5,1.,0.5,
1.,0.5,1.)) REPRESENTATION_ITEM('') );
#2812 = CARTESIAN_POINT('',(-12.97718106315,-39.94996871087));
#2813 = CARTESIAN_POINT('',(-11.15847352085,-45.18564468209));
#2814 = CARTESIAN_POINT('',(-16.60205568906,-44.14285363017));
#2815 = CARTESIAN_POINT('',(-22.04563785726,-43.10006257824));
#2816 = CARTESIAN_POINT('',(-18.42076323136,-38.90717765895));
#2817 = CARTESIAN_POINT('',(-14.79588860545,-34.71429273965));
#2818 = CARTESIAN_POINT('',(-12.97718106315,-39.94996871087));
#2819 = ( GEOMETRIC_REPRESENTATION_CONTEXT(2) 
PARAMETRIC_REPRESENTATION_CONTEXT() REPRESENTATION_CONTEXT('2D SPACE',''
  ) );
#2820 = ORIENTED_EDGE('',*,*,#2014,.T.);
#2821 = ORIENTED_EDGE('',*,*,#2764,.T.);
#2822 = ORIENTED_EDGE('',*,*,#1036,.T.);
#2823 = ADVANCED_FACE('',(#2824,#2929,#2932),#1025,.F.);
#2824 = FACE_BOUND('',#2825,.F.);
#2825 = EDGE_LOOP('',(#2826,#2827,#2855,#2878,#2904,#2905,#2927,#2928));
#2826 = ORIENTED_EDGE('',*,*,#1010,.F.);
#2827 = ORIENTED_EDGE('',*,*,#2828,.F.);
#2828 = EDGE_CURVE('',#2829,#950,#2831,.T.);
#2829 = VERTEX_POINT('',#2830);
#2830 = CARTESIAN_POINT('',(-40.,-49.,0.));
#2831 = SURFACE_CURVE('',#2832,(#2837,#2848),.PCURVE_S1.);
#2832 = CIRCLE('',#2833,12.);
#2833 = AXIS2_PLACEMENT_3D('',#2834,#2835,#2836);
#2834 = CARTESIAN_POINT('',(-40.,-37.,0.));
#2835 = DIRECTION('',(0.,0.,-1.));
#2836 = DIRECTION('',(-1.,0.,0.));
#2837 = PCURVE('',#1025,#2838);
#2838 = DEFINITIONAL_REPRESENTATION('',(#2839),#2847);
#2839 = ( BOUNDED_CURVE() B_SPLINE_CURVE(2,(#2840,#2841,#2842,#2843,
#2844,#2845,#2846),.UNSPECIFIED.,.T.,.F.) B_SPLINE_CURVE_WITH_KNOTS((1,2
    ,2,2,2,1),(-2.094395102393,0.,2.094395102393,4.188790204786,
6.28318530718,8.377580409573),.UNSPECIFIED.) CURVE() 
GEOMETRIC_REPRESENTATION_ITEM() RATIONAL_B_SPLINE_CURVE((1.,0.5,1.,0.5,
1.,0.5,1.)) REPRESENTATION_ITEM('') );
#2840 = CARTESIAN_POINT('',(-21.99999999452,-37.));
#2841 = CARTESIAN_POINT('',(-21.99999999452,-16.21539030917));
#2842 = CARTESIAN_POINT('',(-3.999999994525,-26.60769515458));
#2843 = CARTESIAN_POINT('',(14.000000005475,-37.));
#2844 = CARTESIAN_POINT('',(-3.999999994525,-47.39230484541));
#2845 = CARTESIAN_POINT('',(-21.99999999452,-57.78460969082));
#2846 = CARTESIAN_POINT('',(-21.99999999452,-37.));
#2847 = ( GEOMETRIC_REPRESENTATION_CONTEXT(2) 
PARAMETRIC_REPRESENTATION_CONTEXT() REPRESENTATION_CONTEXT('2D SPACE',''
  ) );
#2848 = PCURVE('',#987,#2849);
#2849 = DEFINITIONAL_REPRESENTATION('',(#2850),#2854);
#2850 = LINE('',#2851,#2852);
#2851 = CARTESIAN_POINT('',(0.,0.));
#2852 = VECTOR('',#2853,1.);
#2853 = DIRECTION('',(1.,0.));
#2854 = ( GEOMETRIC_REPRESENTATION_CONTEXT(2) 
PARAMETRIC_REPRESENTATION_CONTEXT() REPRESENTATION_CONTEXT('2D SPACE',''
  ) );
#2855 = ORIENTED_EDGE('',*,*,#2856,.T.);
#2856 = EDGE_CURVE('',#2829,#2857,#2859,.T.);
#2857 = VERTEX_POINT('',#2858);
#2858 = CARTESIAN_POINT('',(-20.00000002509,-49.,0.));
#2859 = SURFACE_CURVE('',#2860,(#2864,#2871),.PCURVE_S1.);
#2860 = LINE('',#2861,#2862);
#2861 = CARTESIAN_POINT('',(-30.,-49.,0.));
#2862 = VECTOR('',#2863,1.);
#2863 = DIRECTION('',(1.,0.,0.));
#2864 = PCURVE('',#1025,#2865);
#2865 = DEFINITIONAL_REPRESENTATION('',(#2866),#2870);
#2866 = LINE('',#2867,#2868);
#2867 = CARTESIAN_POINT('',(5.474810553509E-09,-49.));
#2868 = VECTOR('',#2869,1.);
#2869 = DIRECTION('',(1.,0.));
#2870 = ( GEOMETRIC_REPRESENTATION_CONTEXT(2) 
PARAMETRIC_REPRESENTATION_CONTEXT() REPRESENTATION_CONTEXT('2D SPACE',''
  ) );
#2871 = PCURVE('',#2519,#2872);
#2872 = DEFINITIONAL_REPRESENTATION('',(#2873),#2877);
#2873 = LINE('',#2874,#2875);
#2874 = CARTESIAN_POINT('',(10.,0.));
#2875 = VECTOR('',#2876,1.);
#2876 = DIRECTION('',(1.,0.));
#2877 = ( GEOMETRIC_REPRESENTATION_CONTEXT(2) 
PARAMETRIC_REPRESENTATION_CONTEXT() REPRESENTATION_CONTEXT('2D SPACE',''
  ) );
#2878 = ORIENTED_EDGE('',*,*,#2879,.F.);
#2879 = EDGE_CURVE('',#1586,#2857,#2880,.T.);
#2880 = SURFACE_CURVE('',#2881,(#2886,#2897),.PCURVE_S1.);
#2881 = CIRCLE('',#2882,12.);
#2882 = AXIS2_PLACEMENT_3D('',#2883,#2884,#2885);
#2883 = CARTESIAN_POINT('',(-20.00000002509,-37.,0.));
#2884 = DIRECTION('',(0.,0.,-1.));
#2885 = DIRECTION('',(-1.,0.,0.));
#2886 = PCURVE('',#1025,#2887);
#2887 = DEFINITIONAL_REPRESENTATION('',(#2888),#2896);
#2888 = ( BOUNDED_CURVE() B_SPLINE_CURVE(2,(#2889,#2890,#2891,#2892,
#2893,#2894,#2895),.UNSPECIFIED.,.T.,.F.) B_SPLINE_CURVE_WITH_KNOTS((1,2
    ,2,2,2,1),(-2.094395102393,0.,2.094395102393,4.188790204786,
6.28318530718,8.377580409573),.UNSPECIFIED.) CURVE() 
GEOMETRIC_REPRESENTATION_ITEM() RATIONAL_B_SPLINE_CURVE((1.,0.5,1.,0.5,
1.,0.5,1.)) REPRESENTATION_ITEM('') );
#2889 = CARTESIAN_POINT('',(-2.000000019623,-37.));
#2890 = CARTESIAN_POINT('',(-2.000000019623,-16.21539030917));
#2891 = CARTESIAN_POINT('',(15.999999980377,-26.60769515458));
#2892 = CARTESIAN_POINT('',(33.999999980377,-37.));
#2893 = CARTESIAN_POINT('',(15.999999980377,-47.39230484541));
#2894 = CARTESIAN_POINT('',(-2.000000019623,-57.78460969082));
#2895 = CARTESIAN_POINT('',(-2.000000019623,-37.));
#2896 = ( GEOMETRIC_REPRESENTATION_CONTEXT(2) 
PARAMETRIC_REPRESENTATION_CONTEXT() REPRESENTATION_CONTEXT('2D SPACE',''
  ) );
#2897 = PCURVE('',#1644,#2898);
#2898 = DEFINITIONAL_REPRESENTATION('',(#2899),#2903);
#2899 = LINE('',#2900,#2901);
#2900 = CARTESIAN_POINT('',(0.,0.));
#2901 = VECTOR('',#2902,1.);
#2902 = DIRECTION('',(1.,0.));
#2903 = ( GEOMETRIC_REPRESENTATION_CONTEXT(2) 
PARAMETRIC_REPRESENTATION_CONTEXT() REPRESENTATION_CONTEXT('2D SPACE',''
  ) );
#2904 = ORIENTED_EDGE('',*,*,#1585,.F.);
#2905 = ORIENTED_EDGE('',*,*,#2906,.F.);
#2906 = EDGE_CURVE('',#2044,#1552,#2907,.T.);
#2907 = SURFACE_CURVE('',#2908,(#2913,#2920),.PCURVE_S1.);
#2908 = CIRCLE('',#2909,3.2);
#2909 = AXIS2_PLACEMENT_3D('',#2910,#2911,#2912);
#2910 = CARTESIAN_POINT('',(-14.,-41.,0.));
#2911 = DIRECTION('',(0.,0.,1.));
#2912 = DIRECTION('',(-0.944630916054,0.328134777851,0.));
#2913 = PCURVE('',#1025,#2914);
#2914 = DEFINITIONAL_REPRESENTATION('',(#2915),#2919);
#2915 = CIRCLE('',#2916,3.2);
#2916 = AXIS2_PLACEMENT_2D('',#2917,#2918);
#2917 = CARTESIAN_POINT('',(16.000000005475,-41.));
#2918 = DIRECTION('',(-0.944630916054,0.328134777851));
#2919 = ( GEOMETRIC_REPRESENTATION_CONTEXT(2) 
PARAMETRIC_REPRESENTATION_CONTEXT() REPRESENTATION_CONTEXT('2D SPACE',''
  ) );
#2920 = PCURVE('',#1571,#2921);
#2921 = DEFINITIONAL_REPRESENTATION('',(#2922),#2926);
#2922 = LINE('',#2923,#2924);
#2923 = CARTESIAN_POINT('',(2.807264308597,0.));
#2924 = VECTOR('',#2925,1.);
#2925 = DIRECTION('',(1.,0.));
#2926 = ( GEOMETRIC_REPRESENTATION_CONTEXT(2) 
PARAMETRIC_REPRESENTATION_CONTEXT() REPRESENTATION_CONTEXT('2D SPACE',''
  ) );
#2927 = ORIENTED_EDGE('',*,*,#2043,.F.);
#2928 = ORIENTED_EDGE('',*,*,#2795,.T.);
#2929 = FACE_BOUND('',#2930,.F.);
#2930 = EDGE_LOOP('',(#2931));
#2931 = ORIENTED_EDGE('',*,*,#2328,.T.);
#2932 = FACE_BOUND('',#2933,.F.);
#2933 = EDGE_LOOP('',(#2934));
#2934 = ORIENTED_EDGE('',*,*,#2935,.T.);
#2935 = EDGE_CURVE('',#2936,#2936,#2938,.T.);
#2936 = VERTEX_POINT('',#2937);
#2937 = CARTESIAN_POINT('',(-22.,-46.,0.));
#2938 = SURFACE_CURVE('',#2939,(#2944,#2955),.PCURVE_S1.);
#2939 = CIRCLE('',#2940,1.);
#2940 = AXIS2_PLACEMENT_3D('',#2941,#2942,#2943);
#2941 = CARTESIAN_POINT('',(-21.,-46.,0.));
#2942 = DIRECTION('',(0.,0.,-1.));
#2943 = DIRECTION('',(-1.,0.,0.));
#2944 = PCURVE('',#1025,#2945);
#2945 = DEFINITIONAL_REPRESENTATION('',(#2946),#2954);
#2946 = ( BOUNDED_CURVE() B_SPLINE_CURVE(2,(#2947,#2948,#2949,#2950,
#2951,#2952,#2953),.UNSPECIFIED.,.T.,.F.) B_SPLINE_CURVE_WITH_KNOTS((1,2
    ,2,2,2,1),(-2.094395102393,0.,2.094395102393,4.188790204786,
6.28318530718,8.377580409573),.UNSPECIFIED.) CURVE() 
GEOMETRIC_REPRESENTATION_ITEM() RATIONAL_B_SPLINE_CURVE((1.,0.5,1.,0.5,
1.,0.5,1.)) REPRESENTATION_ITEM('') );
#2947 = CARTESIAN_POINT('',(8.000000005475,-46.));
#2948 = CARTESIAN_POINT('',(8.000000005475,-44.26794919243));
#2949 = CARTESIAN_POINT('',(9.500000005475,-45.13397459621));
#2950 = CARTESIAN_POINT('',(11.000000005475,-46.));
#2951 = CARTESIAN_POINT('',(9.500000005475,-46.86602540378));
#2952 = CARTESIAN_POINT('',(8.000000005475,-47.73205080756));
#2953 = CARTESIAN_POINT('',(8.000000005475,-46.));
#2954 = ( GEOMETRIC_REPRESENTATION_CONTEXT(2) 
PARAMETRIC_REPRESENTATION_CONTEXT() REPRESENTATION_CONTEXT('2D SPACE',''
  ) );
#2955 = PCURVE('',#2429,#2956);
#2956 = DEFINITIONAL_REPRESENTATION('',(#2957),#2961);
#2957 = LINE('',#2958,#2959);
#2958 = CARTESIAN_POINT('',(0.,5.2));
#2959 = VECTOR('',#2960,1.);
#2960 = DIRECTION('',(1.,0.));
#2961 = ( GEOMETRIC_REPRESENTATION_CONTEXT(2) 
PARAMETRIC_REPRESENTATION_CONTEXT() REPRESENTATION_CONTEXT('2D SPACE',''
  ) );
#2962 = ADVANCED_FACE('',(#2963),#987,.T.);
#2963 = FACE_BOUND('',#2964,.T.);
#2964 = EDGE_LOOP('',(#2965,#2966,#2989,#3022,#3048,#3081,#3100,#3101,
    #3102,#3103,#3104,#3105,#3126));
#2965 = ORIENTED_EDGE('',*,*,#2828,.F.);
#2966 = ORIENTED_EDGE('',*,*,#2967,.T.);
#2967 = EDGE_CURVE('',#2829,#2968,#2970,.T.);
#2968 = VERTEX_POINT('',#2969);
#2969 = CARTESIAN_POINT('',(-40.,-49.,21.));
#2970 = SURFACE_CURVE('',#2971,(#2975,#2982),.PCURVE_S1.);
#2971 = LINE('',#2972,#2973);
#2972 = CARTESIAN_POINT('',(-40.,-49.,0.));
#2973 = VECTOR('',#2974,1.);
#2974 = DIRECTION('',(0.,0.,1.));
#2975 = PCURVE('',#987,#2976);
#2976 = DEFINITIONAL_REPRESENTATION('',(#2977),#2981);
#2977 = LINE('',#2978,#2979);
#2978 = CARTESIAN_POINT('',(4.712388980385,0.));
#2979 = VECTOR('',#2980,1.);
#2980 = DIRECTION('',(0.,-1.));
#2981 = ( GEOMETRIC_REPRESENTATION_CONTEXT(2) 
PARAMETRIC_REPRESENTATION_CONTEXT() REPRESENTATION_CONTEXT('2D SPACE',''
  ) );
#2982 = PCURVE('',#2519,#2983);
#2983 = DEFINITIONAL_REPRESENTATION('',(#2984),#2988);
#2984 = LINE('',#2985,#2986);
#2985 = CARTESIAN_POINT('',(1.7763568394E-15,0.));
#2986 = VECTOR('',#2987,1.);
#2987 = DIRECTION('',(0.,-1.));
#2988 = ( GEOMETRIC_REPRESENTATION_CONTEXT(2) 
PARAMETRIC_REPRESENTATION_CONTEXT() REPRESENTATION_CONTEXT('2D SPACE',''
  ) );
#2989 = ORIENTED_EDGE('',*,*,#2990,.T.);
#2990 = EDGE_CURVE('',#2968,#2991,#2993,.T.);
#2991 = VERTEX_POINT('',#2992);
#2992 = CARTESIAN_POINT('',(-45.01896403653,-47.9,21.));
#2993 = SURFACE_CURVE('',#2994,(#2999,#3006),.PCURVE_S1.);
#2994 = CIRCLE('',#2995,12.);
#2995 = AXIS2_PLACEMENT_3D('',#2996,#2997,#2998);
#2996 = CARTESIAN_POINT('',(-40.,-37.,21.));
#2997 = DIRECTION('',(0.,0.,-1.));
#2998 = DIRECTION('',(-1.,0.,0.));
#2999 = PCURVE('',#987,#3000);
#3000 = DEFINITIONAL_REPRESENTATION('',(#3001),#3005);
#3001 = LINE('',#3002,#3003);
#3002 = CARTESIAN_POINT('',(0.,-21.));
#3003 = VECTOR('',#3004,1.);
#3004 = DIRECTION('',(1.,0.));
#3005 = ( GEOMETRIC_REPRESENTATION_CONTEXT(2) 
PARAMETRIC_REPRESENTATION_CONTEXT() REPRESENTATION_CONTEXT('2D SPACE',''
  ) );
#3006 = PCURVE('',#3007,#3012);
#3007 = PLANE('',#3008);
#3008 = AXIS2_PLACEMENT_3D('',#3009,#3010,#3011);
#3009 = CARTESIAN_POINT('',(-30.00000000547,-1.73210767953E-15,21.));
#3010 = DIRECTION('',(0.,0.,1.));
#3011 = DIRECTION('',(1.,0.,0.));
#3012 = DEFINITIONAL_REPRESENTATION('',(#3013),#3021);
#3013 = ( BOUNDED_CURVE() B_SPLINE_CURVE(2,(#3014,#3015,#3016,#3017,
#3018,#3019,#3020),.UNSPECIFIED.,.T.,.F.) B_SPLINE_CURVE_WITH_KNOTS((1,2
    ,2,2,2,1),(-2.094395102393,0.,2.094395102393,4.188790204786,
6.28318530718,8.377580409573),.UNSPECIFIED.) CURVE() 
GEOMETRIC_REPRESENTATION_ITEM() RATIONAL_B_SPLINE_CURVE((1.,0.5,1.,0.5,
1.,0.5,1.)) REPRESENTATION_ITEM('') );
#3014 = CARTESIAN_POINT('',(-21.99999999452,-37.));
#3015 = CARTESIAN_POINT('',(-21.99999999452,-16.21539030917));
#3016 = CARTESIAN_POINT('',(-3.999999994525,-26.60769515458));
#3017 = CARTESIAN_POINT('',(14.000000005475,-37.));
#3018 = CARTESIAN_POINT('',(-3.999999994525,-47.39230484541));
#3019 = CARTESIAN_POINT('',(-21.99999999452,-57.78460969082));
#3020 = CARTESIAN_POINT('',(-21.99999999452,-37.));
#3021 = ( GEOMETRIC_REPRESENTATION_CONTEXT(2) 
PARAMETRIC_REPRESENTATION_CONTEXT() REPRESENTATION_CONTEXT('2D SPACE',''
  ) );
#3022 = ORIENTED_EDGE('',*,*,#3023,.T.);
#3023 = EDGE_CURVE('',#2991,#3024,#3026,.T.);
#3024 = VERTEX_POINT('',#3025);
#3025 = CARTESIAN_POINT('',(-45.01896403653,-47.9,19.5));
#3026 = SURFACE_CURVE('',#3027,(#3031,#3037),.PCURVE_S1.);
#3027 = LINE('',#3028,#3029);
#3028 = CARTESIAN_POINT('',(-45.01896403653,-47.9,0.));
#3029 = VECTOR('',#3030,1.);
#3030 = DIRECTION('',(0.,0.,-1.));
#3031 = PCURVE('',#987,#3032);
#3032 = DEFINITIONAL_REPRESENTATION('',(#3033),#3036);
#3033 = B_SPLINE_CURVE_WITH_KNOTS('',1,(#3034,#3035),.UNSPECIFIED.,.F.,
  .F.,(2,2),(-21.0000006,-19.35),.PIECEWISE_BEZIER_KNOTS.);
#3034 = CARTESIAN_POINT('',(5.143903536095,-21.0000006));
#3035 = CARTESIAN_POINT('',(5.143903536095,-19.35));
#3036 = ( GEOMETRIC_REPRESENTATION_CONTEXT(2) 
PARAMETRIC_REPRESENTATION_CONTEXT() REPRESENTATION_CONTEXT('2D SPACE',''
  ) );
#3037 = PCURVE('',#3038,#3043);
#3038 = PLANE('',#3039);
#3039 = AXIS2_PLACEMENT_3D('',#3040,#3041,#3042);
#3040 = CARTESIAN_POINT('',(-50.9,-47.9,21.));
#3041 = DIRECTION('',(0.,-1.,0.));
#3042 = DIRECTION('',(1.,0.,0.));
#3043 = DEFINITIONAL_REPRESENTATION('',(#3044),#3047);
#3044 = B_SPLINE_CURVE_WITH_KNOTS('',1,(#3045,#3046),.UNSPECIFIED.,.F.,
  .F.,(2,2),(-21.0000006,-19.35),.PIECEWISE_BEZIER_KNOTS.);
#3045 = CARTESIAN_POINT('',(5.881035963468,5.999999999062E-07));
#3046 = CARTESIAN_POINT('',(5.881035963468,-1.65));
#3047 = ( GEOMETRIC_REPRESENTATION_CONTEXT(2) 
PARAMETRIC_REPRESENTATION_CONTEXT() REPRESENTATION_CONTEXT('2D SPACE',''
  ) );
#3048 = ORIENTED_EDGE('',*,*,#3049,.T.);
#3049 = EDGE_CURVE('',#3024,#3050,#3052,.T.);
#3050 = VERTEX_POINT('',#3051);
#3051 = CARTESIAN_POINT('',(-46.63324958071,-47.,19.5));
#3052 = SURFACE_CURVE('',#3053,(#3058,#3065),.PCURVE_S1.);
#3053 = CIRCLE('',#3054,12.);
#3054 = AXIS2_PLACEMENT_3D('',#3055,#3056,#3057);
#3055 = CARTESIAN_POINT('',(-40.,-37.,19.5));
#3056 = DIRECTION('',(0.,0.,-1.));
#3057 = DIRECTION('',(-1.,0.,0.));
#3058 = PCURVE('',#987,#3059);
#3059 = DEFINITIONAL_REPRESENTATION('',(#3060),#3064);
#3060 = LINE('',#3061,#3062);
#3061 = CARTESIAN_POINT('',(0.,-19.5));
#3062 = VECTOR('',#3063,1.);
#3063 = DIRECTION('',(1.,0.));
#3064 = ( GEOMETRIC_REPRESENTATION_CONTEXT(2) 
PARAMETRIC_REPRESENTATION_CONTEXT() REPRESENTATION_CONTEXT('2D SPACE',''
  ) );
#3065 = PCURVE('',#3066,#3071);
#3066 = PLANE('',#3067);
#3067 = AXIS2_PLACEMENT_3D('',#3068,#3069,#3070);
#3068 = CARTESIAN_POINT('',(-30.,0.,19.5));
#3069 = DIRECTION('',(0.,0.,1.));
#3070 = DIRECTION('',(1.,0.,0.));
#3071 = DEFINITIONAL_REPRESENTATION('',(#3072),#3080);
#3072 = ( BOUNDED_CURVE() B_SPLINE_CURVE(2,(#3073,#3074,#3075,#3076,
#3077,#3078,#3079),.UNSPECIFIED.,.T.,.F.) B_SPLINE_CURVE_WITH_KNOTS((1,2
    ,2,2,2,1),(-2.094395102393,0.,2.094395102393,4.188790204786,
6.28318530718,8.377580409573),.UNSPECIFIED.) CURVE() 
GEOMETRIC_REPRESENTATION_ITEM() RATIONAL_B_SPLINE_CURVE((1.,0.5,1.,0.5,
1.,0.5,1.)) REPRESENTATION_ITEM('') );
#3073 = CARTESIAN_POINT('',(-22.,-37.));
#3074 = CARTESIAN_POINT('',(-22.,-16.21539030917));
#3075 = CARTESIAN_POINT('',(-4.,-26.60769515458));
#3076 = CARTESIAN_POINT('',(14.,-37.));
#3077 = CARTESIAN_POINT('',(-4.,-47.39230484541));
#3078 = CARTESIAN_POINT('',(-22.,-57.78460969082));
#3079 = CARTESIAN_POINT('',(-22.,-37.));
#3080 = ( GEOMETRIC_REPRESENTATION_CONTEXT(2) 
PARAMETRIC_REPRESENTATION_CONTEXT() REPRESENTATION_CONTEXT('2D SPACE',''
  ) );
#3081 = ORIENTED_EDGE('',*,*,#3082,.F.);
#3082 = EDGE_CURVE('',#2196,#3050,#3083,.T.);
#3083 = SURFACE_CURVE('',#3084,(#3088,#3094),.PCURVE_S1.);
#3084 = LINE('',#3085,#3086);
#3085 = CARTESIAN_POINT('',(-46.63324958071,-47.,0.));
#3086 = VECTOR('',#3087,1.);
#3087 = DIRECTION('',(0.,0.,-1.));
#3088 = PCURVE('',#987,#3089);
#3089 = DEFINITIONAL_REPRESENTATION('',(#3090),#3093);
#3090 = B_SPLINE_CURVE_WITH_KNOTS('',1,(#3091,#3092),.UNSPECIFIED.,.F.,
  .F.,(2,2),(-21.0000006,-19.35),.PIECEWISE_BEZIER_KNOTS.);
#3091 = CARTESIAN_POINT('',(5.298074523842,-21.0000006));
#3092 = CARTESIAN_POINT('',(5.298074523842,-19.35));
#3093 = ( GEOMETRIC_REPRESENTATION_CONTEXT(2) 
PARAMETRIC_REPRESENTATION_CONTEXT() REPRESENTATION_CONTEXT('2D SPACE',''
  ) );
#3094 = PCURVE('',#2239,#3095);
#3095 = DEFINITIONAL_REPRESENTATION('',(#3096),#3099);
#3096 = B_SPLINE_CURVE_WITH_KNOTS('',1,(#3097,#3098),.UNSPECIFIED.,.F.,
  .F.,(2,2),(-21.0000006,-19.35),.PIECEWISE_BEZIER_KNOTS.);
#3097 = CARTESIAN_POINT('',(3.366750419289,5.999999999062E-07));
#3098 = CARTESIAN_POINT('',(3.366750419289,-1.65));
#3099 = ( GEOMETRIC_REPRESENTATION_CONTEXT(2) 
PARAMETRIC_REPRESENTATION_CONTEXT() REPRESENTATION_CONTEXT('2D SPACE',''
  ) );
#3100 = ORIENTED_EDGE('',*,*,#2195,.T.);
#3101 = ORIENTED_EDGE('',*,*,#2739,.T.);
#3102 = ORIENTED_EDGE('',*,*,#2685,.T.);
#3103 = ORIENTED_EDGE('',*,*,#2638,.F.);
#3104 = ORIENTED_EDGE('',*,*,#2584,.T.);
#3105 = ORIENTED_EDGE('',*,*,#3106,.F.);
#3106 = EDGE_CURVE('',#917,#2562,#3107,.T.);
#3107 = SURFACE_CURVE('',#3108,(#3112,#3119),.PCURVE_S1.);
#3108 = LINE('',#3109,#3110);
#3109 = CARTESIAN_POINT('',(-52.,-37.,0.));
#3110 = VECTOR('',#3111,1.);
#3111 = DIRECTION('',(0.,0.,1.));
#3112 = PCURVE('',#987,#3113);
#3113 = DEFINITIONAL_REPRESENTATION('',(#3114),#3118);
#3114 = LINE('',#3115,#3116);
#3115 = CARTESIAN_POINT('',(6.28318530718,0.));
#3116 = VECTOR('',#3117,1.);
#3117 = DIRECTION('',(0.,-1.));
#3118 = ( GEOMETRIC_REPRESENTATION_CONTEXT(2) 
PARAMETRIC_REPRESENTATION_CONTEXT() REPRESENTATION_CONTEXT('2D SPACE',''
  ) );
#3119 = PCURVE('',#933,#3120);
#3120 = DEFINITIONAL_REPRESENTATION('',(#3121),#3125);
#3121 = LINE('',#3122,#3123);
#3122 = CARTESIAN_POINT('',(0.,0.));
#3123 = VECTOR('',#3124,1.);
#3124 = DIRECTION('',(0.,-1.));
#3125 = ( GEOMETRIC_REPRESENTATION_CONTEXT(2) 
PARAMETRIC_REPRESENTATION_CONTEXT() REPRESENTATION_CONTEXT('2D SPACE',''
  ) );
#3126 = ORIENTED_EDGE('',*,*,#949,.T.);
#3127 = ADVANCED_FACE('',(#3128),#933,.T.);
#3128 = FACE_BOUND('',#3129,.T.);
#3129 = EDGE_LOOP('',(#3130,#3131,#3132));
#3130 = ORIENTED_EDGE('',*,*,#916,.T.);
#3131 = ORIENTED_EDGE('',*,*,#3106,.T.);
#3132 = ORIENTED_EDGE('',*,*,#2561,.T.);
#3133 = ADVANCED_FACE('',(#3134),#1405,.T.);
#3134 = FACE_BOUND('',#3135,.T.);
#3135 = EDGE_LOOP('',(#3136,#3137,#3138));
#3136 = ORIENTED_EDGE('',*,*,#1831,.T.);
#3137 = ORIENTED_EDGE('',*,*,#1389,.T.);
#3138 = ORIENTED_EDGE('',*,*,#2301,.F.);
#3139 = ADVANCED_FACE('',(#3140),#1798,.T.);
#3140 = FACE_BOUND('',#3141,.T.);
#3141 = EDGE_LOOP('',(#3142,#3143,#3164,#3185));
#3142 = ORIENTED_EDGE('',*,*,#2279,.F.);
#3143 = ORIENTED_EDGE('',*,*,#3144,.T.);
#3144 = EDGE_CURVE('',#2252,#3145,#3147,.T.);
#3145 = VERTEX_POINT('',#3146);
#3146 = CARTESIAN_POINT('',(-10.,-43.63324954287,19.5));
#3147 = SURFACE_CURVE('',#3148,(#3152,#3158),.PCURVE_S1.);
#3148 = LINE('',#3149,#3150);
#3149 = CARTESIAN_POINT('',(-10.,-43.63324954287,0.));
#3150 = VECTOR('',#3151,1.);
#3151 = DIRECTION('',(0.,0.,-1.));
#3152 = PCURVE('',#1798,#3153);
#3153 = DEFINITIONAL_REPRESENTATION('',(#3154),#3157);
#3154 = B_SPLINE_CURVE_WITH_KNOTS('',1,(#3155,#3156),.UNSPECIFIED.,.F.,
  .F.,(2,2),(-21.0000006,-19.35),.PIECEWISE_BEZIER_KNOTS.);
#3155 = CARTESIAN_POINT('',(3.366750457126,5.999999999062E-07));
#3156 = CARTESIAN_POINT('',(3.366750457126,-1.65));
#3157 = ( GEOMETRIC_REPRESENTATION_CONTEXT(2) 
PARAMETRIC_REPRESENTATION_CONTEXT() REPRESENTATION_CONTEXT('2D SPACE',''
  ) );
#3158 = PCURVE('',#1644,#3159);
#3159 = DEFINITIONAL_REPRESENTATION('',(#3160),#3163);
#3160 = B_SPLINE_CURVE_WITH_KNOTS('',1,(#3161,#3162),.UNSPECIFIED.,.F.,
  .F.,(2,2),(-21.0000006,-19.35),.PIECEWISE_BEZIER_KNOTS.);
#3161 = CARTESIAN_POINT('',(3.727278193263,-21.0000006));
#3162 = CARTESIAN_POINT('',(3.727278193263,-19.35));
#3163 = ( GEOMETRIC_REPRESENTATION_CONTEXT(2) 
PARAMETRIC_REPRESENTATION_CONTEXT() REPRESENTATION_CONTEXT('2D SPACE',''
  ) );
#3164 = ORIENTED_EDGE('',*,*,#3165,.T.);
#3165 = EDGE_CURVE('',#3145,#1756,#3166,.T.);
#3166 = SURFACE_CURVE('',#3167,(#3171,#3178),.PCURVE_S1.);
#3167 = LINE('',#3168,#3169);
#3168 = CARTESIAN_POINT('',(-10.,0.,19.5));
#3169 = VECTOR('',#3170,1.);
#3170 = DIRECTION('',(0.,1.,0.));
#3171 = PCURVE('',#1798,#3172);
#3172 = DEFINITIONAL_REPRESENTATION('',(#3173),#3177);
#3173 = LINE('',#3174,#3175);
#3174 = CARTESIAN_POINT('',(47.,-1.5));
#3175 = VECTOR('',#3176,1.);
#3176 = DIRECTION('',(1.,0.));
#3177 = ( GEOMETRIC_REPRESENTATION_CONTEXT(2) 
PARAMETRIC_REPRESENTATION_CONTEXT() REPRESENTATION_CONTEXT('2D SPACE',''
  ) );
#3178 = PCURVE('',#1770,#3179);
#3179 = DEFINITIONAL_REPRESENTATION('',(#3180),#3184);
#3180 = LINE('',#3181,#3182);
#3181 = CARTESIAN_POINT('',(20.,0.));
#3182 = VECTOR('',#3183,1.);
#3183 = DIRECTION('',(0.,1.));
#3184 = ( GEOMETRIC_REPRESENTATION_CONTEXT(2) 
PARAMETRIC_REPRESENTATION_CONTEXT() REPRESENTATION_CONTEXT('2D SPACE',''
  ) );
#3185 = ORIENTED_EDGE('',*,*,#1781,.F.);
#3186 = ADVANCED_FACE('',(#3187),#1770,.T.);
#3187 = FACE_BOUND('',#3188,.T.);
#3188 = EDGE_LOOP('',(#3189,#3217,#3238,#3239));
#3189 = ORIENTED_EDGE('',*,*,#3190,.F.);
#3190 = EDGE_CURVE('',#3191,#3145,#3193,.T.);
#3191 = VERTEX_POINT('',#3192);
#3192 = CARTESIAN_POINT('',(-9.1,-42.01896398202,19.5));
#3193 = SURFACE_CURVE('',#3194,(#3199,#3210),.PCURVE_S1.);
#3194 = CIRCLE('',#3195,12.);
#3195 = AXIS2_PLACEMENT_3D('',#3196,#3197,#3198);
#3196 = CARTESIAN_POINT('',(-20.00000002509,-37.,19.5));
#3197 = DIRECTION('',(0.,0.,-1.));
#3198 = DIRECTION('',(-1.,0.,0.));
#3199 = PCURVE('',#1770,#3200);
#3200 = DEFINITIONAL_REPRESENTATION('',(#3201),#3209);
#3201 = ( BOUNDED_CURVE() B_SPLINE_CURVE(2,(#3202,#3203,#3204,#3205,
#3206,#3207,#3208),.UNSPECIFIED.,.T.,.F.) B_SPLINE_CURVE_WITH_KNOTS((1,2
    ,2,2,2,1),(-2.094395102393,0.,2.094395102393,4.188790204786,
6.28318530718,8.377580409573),.UNSPECIFIED.) CURVE() 
GEOMETRIC_REPRESENTATION_ITEM() RATIONAL_B_SPLINE_CURVE((1.,0.5,1.,0.5,
1.,0.5,1.)) REPRESENTATION_ITEM('') );
#3202 = CARTESIAN_POINT('',(-2.000000025098,-37.));
#3203 = CARTESIAN_POINT('',(-2.000000025098,-16.21539030917));
#3204 = CARTESIAN_POINT('',(15.999999974902,-26.60769515458));
#3205 = CARTESIAN_POINT('',(33.999999974902,-37.));
#3206 = CARTESIAN_POINT('',(15.999999974902,-47.39230484541));
#3207 = CARTESIAN_POINT('',(-2.000000025098,-57.78460969082));
#3208 = CARTESIAN_POINT('',(-2.000000025098,-37.));
#3209 = ( GEOMETRIC_REPRESENTATION_CONTEXT(2) 
PARAMETRIC_REPRESENTATION_CONTEXT() REPRESENTATION_CONTEXT('2D SPACE',''
  ) );
#3210 = PCURVE('',#1644,#3211);
#3211 = DEFINITIONAL_REPRESENTATION('',(#3212),#3216);
#3212 = LINE('',#3213,#3214);
#3213 = CARTESIAN_POINT('',(0.,-19.5));
#3214 = VECTOR('',#3215,1.);
#3215 = DIRECTION('',(1.,0.));
#3216 = ( GEOMETRIC_REPRESENTATION_CONTEXT(2) 
PARAMETRIC_REPRESENTATION_CONTEXT() REPRESENTATION_CONTEXT('2D SPACE',''
  ) );
#3217 = ORIENTED_EDGE('',*,*,#3218,.T.);
#3218 = EDGE_CURVE('',#3191,#1727,#3219,.T.);
#3219 = SURFACE_CURVE('',#3220,(#3224,#3231),.PCURVE_S1.);
#3220 = LINE('',#3221,#3222);
#3221 = CARTESIAN_POINT('',(-9.1,0.,19.5));
#3222 = VECTOR('',#3223,1.);
#3223 = DIRECTION('',(0.,1.,0.));
#3224 = PCURVE('',#1770,#3225);
#3225 = DEFINITIONAL_REPRESENTATION('',(#3226),#3230);
#3226 = LINE('',#3227,#3228);
#3227 = CARTESIAN_POINT('',(20.9,0.));
#3228 = VECTOR('',#3229,1.);
#3229 = DIRECTION('',(0.,1.));
#3230 = ( GEOMETRIC_REPRESENTATION_CONTEXT(2) 
PARAMETRIC_REPRESENTATION_CONTEXT() REPRESENTATION_CONTEXT('2D SPACE',''
  ) );
#3231 = PCURVE('',#1743,#3232);
#3232 = DEFINITIONAL_REPRESENTATION('',(#3233),#3237);
#3233 = LINE('',#3234,#3235);
#3234 = CARTESIAN_POINT('',(47.9,-1.5));
#3235 = VECTOR('',#3236,1.);
#3236 = DIRECTION('',(1.,0.));
#3237 = ( GEOMETRIC_REPRESENTATION_CONTEXT(2) 
PARAMETRIC_REPRESENTATION_CONTEXT() REPRESENTATION_CONTEXT('2D SPACE',''
  ) );
#3238 = ORIENTED_EDGE('',*,*,#1755,.F.);
#3239 = ORIENTED_EDGE('',*,*,#3165,.F.);
#3240 = ADVANCED_FACE('',(#3241),#1743,.F.);
#3241 = FACE_BOUND('',#3242,.F.);
#3242 = EDGE_LOOP('',(#3243,#3266,#3285,#3286));
#3243 = ORIENTED_EDGE('',*,*,#3244,.F.);
#3244 = EDGE_CURVE('',#3245,#1701,#3247,.T.);
#3245 = VERTEX_POINT('',#3246);
#3246 = CARTESIAN_POINT('',(-9.1,-42.01896398202,21.));
#3247 = SURFACE_CURVE('',#3248,(#3252,#3259),.PCURVE_S1.);
#3248 = LINE('',#3249,#3250);
#3249 = CARTESIAN_POINT('',(-9.1,0.,21.));
#3250 = VECTOR('',#3251,1.);
#3251 = DIRECTION('',(0.,1.,0.));
#3252 = PCURVE('',#1743,#3253);
#3253 = DEFINITIONAL_REPRESENTATION('',(#3254),#3258);
#3254 = LINE('',#3255,#3256);
#3255 = CARTESIAN_POINT('',(47.9,0.));
#3256 = VECTOR('',#3257,1.);
#3257 = DIRECTION('',(1.,0.));
#3258 = ( GEOMETRIC_REPRESENTATION_CONTEXT(2) 
PARAMETRIC_REPRESENTATION_CONTEXT() REPRESENTATION_CONTEXT('2D SPACE',''
  ) );
#3259 = PCURVE('',#1715,#3260);
#3260 = DEFINITIONAL_REPRESENTATION('',(#3261),#3265);
#3261 = LINE('',#3262,#3263);
#3262 = CARTESIAN_POINT('',(20.900000005475,1.73210767953E-15));
#3263 = VECTOR('',#3264,1.);
#3264 = DIRECTION('',(0.,1.));
#3265 = ( GEOMETRIC_REPRESENTATION_CONTEXT(2) 
PARAMETRIC_REPRESENTATION_CONTEXT() REPRESENTATION_CONTEXT('2D SPACE',''
  ) );
#3266 = ORIENTED_EDGE('',*,*,#3267,.T.);
#3267 = EDGE_CURVE('',#3245,#3191,#3268,.T.);
#3268 = SURFACE_CURVE('',#3269,(#3273,#3279),.PCURVE_S1.);
#3269 = LINE('',#3270,#3271);
#3270 = CARTESIAN_POINT('',(-9.1,-42.01896398202,0.));
#3271 = VECTOR('',#3272,1.);
#3272 = DIRECTION('',(0.,0.,-1.));
#3273 = PCURVE('',#1743,#3274);
#3274 = DEFINITIONAL_REPRESENTATION('',(#3275),#3278);
#3275 = B_SPLINE_CURVE_WITH_KNOTS('',1,(#3276,#3277),.UNSPECIFIED.,.F.,
  .F.,(2,2),(-21.0000006,-19.35),.PIECEWISE_BEZIER_KNOTS.);
#3276 = CARTESIAN_POINT('',(5.881036017975,5.999999999062E-07));
#3277 = CARTESIAN_POINT('',(5.881036017975,-1.65));
#3278 = ( GEOMETRIC_REPRESENTATION_CONTEXT(2) 
PARAMETRIC_REPRESENTATION_CONTEXT() REPRESENTATION_CONTEXT('2D SPACE',''
  ) );
#3279 = PCURVE('',#1644,#3280);
#3280 = DEFINITIONAL_REPRESENTATION('',(#3281),#3284);
#3281 = B_SPLINE_CURVE_WITH_KNOTS('',1,(#3282,#3283),.UNSPECIFIED.,.F.,
  .F.,(2,2),(-21.0000006,-19.35),.PIECEWISE_BEZIER_KNOTS.);
#3282 = CARTESIAN_POINT('',(3.5731072043,-21.0000006));
#3283 = CARTESIAN_POINT('',(3.5731072043,-19.35));
#3284 = ( GEOMETRIC_REPRESENTATION_CONTEXT(2) 
PARAMETRIC_REPRESENTATION_CONTEXT() REPRESENTATION_CONTEXT('2D SPACE',''
  ) );
#3285 = ORIENTED_EDGE('',*,*,#3218,.T.);
#3286 = ORIENTED_EDGE('',*,*,#1726,.F.);
#3287 = ADVANCED_FACE('',(#3288),#1715,.T.);
#3288 = FACE_BOUND('',#3289,.T.);
#3289 = EDGE_LOOP('',(#3290,#3291,#3319,#3340));
#3290 = ORIENTED_EDGE('',*,*,#3244,.F.);
#3291 = ORIENTED_EDGE('',*,*,#3292,.F.);
#3292 = EDGE_CURVE('',#3293,#3245,#3295,.T.);
#3293 = VERTEX_POINT('',#3294);
#3294 = CARTESIAN_POINT('',(-8.000000012549,-37.,21.));
#3295 = SURFACE_CURVE('',#3296,(#3301,#3312),.PCURVE_S1.);
#3296 = CIRCLE('',#3297,12.);
#3297 = AXIS2_PLACEMENT_3D('',#3298,#3299,#3300);
#3298 = CARTESIAN_POINT('',(-20.00000002509,-37.,21.));
#3299 = DIRECTION('',(0.,0.,-1.));
#3300 = DIRECTION('',(-1.,0.,0.));
#3301 = PCURVE('',#1715,#3302);
#3302 = DEFINITIONAL_REPRESENTATION('',(#3303),#3311);
#3303 = ( BOUNDED_CURVE() B_SPLINE_CURVE(2,(#3304,#3305,#3306,#3307,
#3308,#3309,#3310),.UNSPECIFIED.,.T.,.F.) B_SPLINE_CURVE_WITH_KNOTS((1,2
    ,2,2,2,1),(-2.094395102393,0.,2.094395102393,4.188790204786,
6.28318530718,8.377580409573),.UNSPECIFIED.) CURVE() 
GEOMETRIC_REPRESENTATION_ITEM() RATIONAL_B_SPLINE_CURVE((1.,0.5,1.,0.5,
1.,0.5,1.)) REPRESENTATION_ITEM('') );
#3304 = CARTESIAN_POINT('',(-2.000000019623,-37.));
#3305 = CARTESIAN_POINT('',(-2.000000019623,-16.21539030917));
#3306 = CARTESIAN_POINT('',(15.999999980377,-26.60769515458));
#3307 = CARTESIAN_POINT('',(33.999999980377,-37.));
#3308 = CARTESIAN_POINT('',(15.999999980377,-47.39230484541));
#3309 = CARTESIAN_POINT('',(-2.000000019623,-57.78460969082));
#3310 = CARTESIAN_POINT('',(-2.000000019623,-37.));
#3311 = ( GEOMETRIC_REPRESENTATION_CONTEXT(2) 
PARAMETRIC_REPRESENTATION_CONTEXT() REPRESENTATION_CONTEXT('2D SPACE',''
  ) );
#3312 = PCURVE('',#1644,#3313);
#3313 = DEFINITIONAL_REPRESENTATION('',(#3314),#3318);
#3314 = LINE('',#3315,#3316);
#3315 = CARTESIAN_POINT('',(0.,-21.));
#3316 = VECTOR('',#3317,1.);
#3317 = DIRECTION('',(1.,0.));
#3318 = ( GEOMETRIC_REPRESENTATION_CONTEXT(2) 
PARAMETRIC_REPRESENTATION_CONTEXT() REPRESENTATION_CONTEXT('2D SPACE',''
  ) );
#3319 = ORIENTED_EDGE('',*,*,#3320,.T.);
#3320 = EDGE_CURVE('',#3293,#1668,#3321,.T.);
#3321 = SURFACE_CURVE('',#3322,(#3326,#3333),.PCURVE_S1.);
#3322 = LINE('',#3323,#3324);
#3323 = CARTESIAN_POINT('',(-8.,0.,21.));
#3324 = VECTOR('',#3325,1.);
#3325 = DIRECTION('',(0.,1.,0.));
#3326 = PCURVE('',#1715,#3327);
#3327 = DEFINITIONAL_REPRESENTATION('',(#3328),#3332);
#3328 = LINE('',#3329,#3330);
#3329 = CARTESIAN_POINT('',(22.000000005475,1.73210767953E-15));
#3330 = VECTOR('',#3331,1.);
#3331 = DIRECTION('',(0.,1.));
#3332 = ( GEOMETRIC_REPRESENTATION_CONTEXT(2) 
PARAMETRIC_REPRESENTATION_CONTEXT() REPRESENTATION_CONTEXT('2D SPACE',''
  ) );
#3333 = PCURVE('',#1684,#3334);
#3334 = DEFINITIONAL_REPRESENTATION('',(#3335),#3339);
#3335 = LINE('',#3336,#3337);
#3336 = CARTESIAN_POINT('',(37.,-21.));
#3337 = VECTOR('',#3338,1.);
#3338 = DIRECTION('',(1.,0.));
#3339 = ( GEOMETRIC_REPRESENTATION_CONTEXT(2) 
PARAMETRIC_REPRESENTATION_CONTEXT() REPRESENTATION_CONTEXT('2D SPACE',''
  ) );
#3340 = ORIENTED_EDGE('',*,*,#1700,.F.);
#3341 = ADVANCED_FACE('',(#3342),#1684,.F.);
#3342 = FACE_BOUND('',#3343,.F.);
#3343 = EDGE_LOOP('',(#3344,#3345,#3366));
#3344 = ORIENTED_EDGE('',*,*,#1667,.T.);
#3345 = ORIENTED_EDGE('',*,*,#3346,.T.);
#3346 = EDGE_CURVE('',#1607,#3293,#3347,.T.);
#3347 = SURFACE_CURVE('',#3348,(#3352,#3359),.PCURVE_S1.);
#3348 = LINE('',#3349,#3350);
#3349 = CARTESIAN_POINT('',(-8.000000012549,-37.,0.));
#3350 = VECTOR('',#3351,1.);
#3351 = DIRECTION('',(0.,0.,1.));
#3352 = PCURVE('',#1684,#3353);
#3353 = DEFINITIONAL_REPRESENTATION('',(#3354),#3358);
#3354 = LINE('',#3355,#3356);
#3355 = CARTESIAN_POINT('',(0.,0.));
#3356 = VECTOR('',#3357,1.);
#3357 = DIRECTION('',(0.,-1.));
#3358 = ( GEOMETRIC_REPRESENTATION_CONTEXT(2) 
PARAMETRIC_REPRESENTATION_CONTEXT() REPRESENTATION_CONTEXT('2D SPACE',''
  ) );
#3359 = PCURVE('',#1644,#3360);
#3360 = DEFINITIONAL_REPRESENTATION('',(#3361),#3365);
#3361 = LINE('',#3362,#3363);
#3362 = CARTESIAN_POINT('',(3.14159265359,0.));
#3363 = VECTOR('',#3364,1.);
#3364 = DIRECTION('',(0.,-1.));
#3365 = ( GEOMETRIC_REPRESENTATION_CONTEXT(2) 
PARAMETRIC_REPRESENTATION_CONTEXT() REPRESENTATION_CONTEXT('2D SPACE',''
  ) );
#3366 = ORIENTED_EDGE('',*,*,#3320,.T.);
#3367 = ADVANCED_FACE('',(#3368),#1644,.T.);
#3368 = FACE_BOUND('',#3369,.T.);
#3369 = EDGE_LOOP('',(#3370,#3371,#3372,#3373,#3374,#3375,#3376,#3377,
    #3398,#3426,#3447,#3475,#3496));
#3370 = ORIENTED_EDGE('',*,*,#1606,.F.);
#3371 = ORIENTED_EDGE('',*,*,#3346,.T.);
#3372 = ORIENTED_EDGE('',*,*,#3292,.T.);
#3373 = ORIENTED_EDGE('',*,*,#3267,.T.);
#3374 = ORIENTED_EDGE('',*,*,#3190,.T.);
#3375 = ORIENTED_EDGE('',*,*,#3144,.F.);
#3376 = ORIENTED_EDGE('',*,*,#2251,.T.);
#3377 = ORIENTED_EDGE('',*,*,#3378,.T.);
#3378 = EDGE_CURVE('',#2224,#3379,#3381,.T.);
#3379 = VERTEX_POINT('',#3380);
#3380 = CARTESIAN_POINT('',(-13.36675044438,-47.,19.5));
#3381 = SURFACE_CURVE('',#3382,(#3386,#3392),.PCURVE_S1.);
#3382 = LINE('',#3383,#3384);
#3383 = CARTESIAN_POINT('',(-13.36675044438,-47.,0.));
#3384 = VECTOR('',#3385,1.);
#3385 = DIRECTION('',(0.,0.,-1.));
#3386 = PCURVE('',#1644,#3387);
#3387 = DEFINITIONAL_REPRESENTATION('',(#3388),#3391);
#3388 = B_SPLINE_CURVE_WITH_KNOTS('',1,(#3389,#3390),.UNSPECIFIED.,.F.,
  .F.,(2,2),(-21.0000006,-19.35),.PIECEWISE_BEZIER_KNOTS.);
#3389 = CARTESIAN_POINT('',(4.126703436928,-21.0000006));
#3390 = CARTESIAN_POINT('',(4.126703436928,-19.35));
#3391 = ( GEOMETRIC_REPRESENTATION_CONTEXT(2) 
PARAMETRIC_REPRESENTATION_CONTEXT() REPRESENTATION_CONTEXT('2D SPACE',''
  ) );
#3392 = PCURVE('',#2239,#3393);
#3393 = DEFINITIONAL_REPRESENTATION('',(#3394),#3397);
#3394 = B_SPLINE_CURVE_WITH_KNOTS('',1,(#3395,#3396),.UNSPECIFIED.,.F.,
  .F.,(2,2),(-21.0000006,-19.35),.PIECEWISE_BEZIER_KNOTS.);
#3395 = CARTESIAN_POINT('',(36.633249555613,5.999999999062E-07));
#3396 = CARTESIAN_POINT('',(36.633249555613,-1.65));
#3397 = ( GEOMETRIC_REPRESENTATION_CONTEXT(2) 
PARAMETRIC_REPRESENTATION_CONTEXT() REPRESENTATION_CONTEXT('2D SPACE',''
  ) );
#3398 = ORIENTED_EDGE('',*,*,#3399,.T.);
#3399 = EDGE_CURVE('',#3379,#3400,#3402,.T.);
#3400 = VERTEX_POINT('',#3401);
#3401 = CARTESIAN_POINT('',(-14.98103598856,-47.9,19.5));
#3402 = SURFACE_CURVE('',#3403,(#3408,#3415),.PCURVE_S1.);
#3403 = CIRCLE('',#3404,12.);
#3404 = AXIS2_PLACEMENT_3D('',#3405,#3406,#3407);
#3405 = CARTESIAN_POINT('',(-20.00000002509,-37.,19.5));
#3406 = DIRECTION('',(0.,0.,-1.));
#3407 = DIRECTION('',(-1.,0.,0.));
#3408 = PCURVE('',#1644,#3409);
#3409 = DEFINITIONAL_REPRESENTATION('',(#3410),#3414);
#3410 = LINE('',#3411,#3412);
#3411 = CARTESIAN_POINT('',(0.,-19.5));
#3412 = VECTOR('',#3413,1.);
#3413 = DIRECTION('',(1.,0.));
#3414 = ( GEOMETRIC_REPRESENTATION_CONTEXT(2) 
PARAMETRIC_REPRESENTATION_CONTEXT() REPRESENTATION_CONTEXT('2D SPACE',''
  ) );
#3415 = PCURVE('',#3066,#3416);
#3416 = DEFINITIONAL_REPRESENTATION('',(#3417),#3425);
#3417 = ( BOUNDED_CURVE() B_SPLINE_CURVE(2,(#3418,#3419,#3420,#3421,
#3422,#3423,#3424),.UNSPECIFIED.,.T.,.F.) B_SPLINE_CURVE_WITH_KNOTS((1,2
    ,2,2,2,1),(-2.094395102393,0.,2.094395102393,4.188790204786,
6.28318530718,8.377580409573),.UNSPECIFIED.) CURVE() 
GEOMETRIC_REPRESENTATION_ITEM() RATIONAL_B_SPLINE_CURVE((1.,0.5,1.,0.5,
1.,0.5,1.)) REPRESENTATION_ITEM('') );
#3418 = CARTESIAN_POINT('',(-2.000000025098,-37.));
#3419 = CARTESIAN_POINT('',(-2.000000025098,-16.21539030917));
#3420 = CARTESIAN_POINT('',(15.999999974902,-26.60769515458));
#3421 = CARTESIAN_POINT('',(33.999999974902,-37.));
#3422 = CARTESIAN_POINT('',(15.999999974902,-47.39230484541));
#3423 = CARTESIAN_POINT('',(-2.000000025098,-57.78460969082));
#3424 = CARTESIAN_POINT('',(-2.000000025098,-37.));
#3425 = ( GEOMETRIC_REPRESENTATION_CONTEXT(2) 
PARAMETRIC_REPRESENTATION_CONTEXT() REPRESENTATION_CONTEXT('2D SPACE',''
  ) );
#3426 = ORIENTED_EDGE('',*,*,#3427,.F.);
#3427 = EDGE_CURVE('',#3428,#3400,#3430,.T.);
#3428 = VERTEX_POINT('',#3429);
#3429 = CARTESIAN_POINT('',(-14.98103598856,-47.9,21.));
#3430 = SURFACE_CURVE('',#3431,(#3435,#3441),.PCURVE_S1.);
#3431 = LINE('',#3432,#3433);
#3432 = CARTESIAN_POINT('',(-14.98103598856,-47.9,0.));
#3433 = VECTOR('',#3434,1.);
#3434 = DIRECTION('',(0.,0.,-1.));
#3435 = PCURVE('',#1644,#3436);
#3436 = DEFINITIONAL_REPRESENTATION('',(#3437),#3440);
#3437 = B_SPLINE_CURVE_WITH_KNOTS('',1,(#3438,#3439),.UNSPECIFIED.,.F.,
  .F.,(2,2),(-21.0000006,-19.35),.PIECEWISE_BEZIER_KNOTS.);
#3438 = CARTESIAN_POINT('',(4.280874424674,-21.0000006));
#3439 = CARTESIAN_POINT('',(4.280874424674,-19.35));
#3440 = ( GEOMETRIC_REPRESENTATION_CONTEXT(2) 
PARAMETRIC_REPRESENTATION_CONTEXT() REPRESENTATION_CONTEXT('2D SPACE',''
  ) );
#3441 = PCURVE('',#3038,#3442);
#3442 = DEFINITIONAL_REPRESENTATION('',(#3443),#3446);
#3443 = B_SPLINE_CURVE_WITH_KNOTS('',1,(#3444,#3445),.UNSPECIFIED.,.F.,
  .F.,(2,2),(-21.0000006,-19.35),.PIECEWISE_BEZIER_KNOTS.);
#3444 = CARTESIAN_POINT('',(35.918964011434,5.999999999062E-07));
#3445 = CARTESIAN_POINT('',(35.918964011434,-1.65));
#3446 = ( GEOMETRIC_REPRESENTATION_CONTEXT(2) 
PARAMETRIC_REPRESENTATION_CONTEXT() REPRESENTATION_CONTEXT('2D SPACE',''
  ) );
#3447 = ORIENTED_EDGE('',*,*,#3448,.T.);
#3448 = EDGE_CURVE('',#3428,#3449,#3451,.T.);
#3449 = VERTEX_POINT('',#3450);
#3450 = CARTESIAN_POINT('',(-20.00000002509,-49.,21.));
#3451 = SURFACE_CURVE('',#3452,(#3457,#3464),.PCURVE_S1.);
#3452 = CIRCLE('',#3453,12.);
#3453 = AXIS2_PLACEMENT_3D('',#3454,#3455,#3456);
#3454 = CARTESIAN_POINT('',(-20.00000002509,-37.,21.));
#3455 = DIRECTION('',(0.,0.,-1.));
#3456 = DIRECTION('',(-1.,0.,0.));
#3457 = PCURVE('',#1644,#3458);
#3458 = DEFINITIONAL_REPRESENTATION('',(#3459),#3463);
#3459 = LINE('',#3460,#3461);
#3460 = CARTESIAN_POINT('',(0.,-21.));
#3461 = VECTOR('',#3462,1.);
#3462 = DIRECTION('',(1.,0.));
#3463 = ( GEOMETRIC_REPRESENTATION_CONTEXT(2) 
PARAMETRIC_REPRESENTATION_CONTEXT() REPRESENTATION_CONTEXT('2D SPACE',''
  ) );
#3464 = PCURVE('',#3007,#3465);
#3465 = DEFINITIONAL_REPRESENTATION('',(#3466),#3474);
#3466 = ( BOUNDED_CURVE() B_SPLINE_CURVE(2,(#3467,#3468,#3469,#3470,
#3471,#3472,#3473),.UNSPECIFIED.,.T.,.F.) B_SPLINE_CURVE_WITH_KNOTS((1,2
    ,2,2,2,1),(-2.094395102393,0.,2.094395102393,4.188790204786,
6.28318530718,8.377580409573),.UNSPECIFIED.) CURVE() 
GEOMETRIC_REPRESENTATION_ITEM() RATIONAL_B_SPLINE_CURVE((1.,0.5,1.,0.5,
1.,0.5,1.)) REPRESENTATION_ITEM('') );
#3467 = CARTESIAN_POINT('',(-2.000000019623,-37.));
#3468 = CARTESIAN_POINT('',(-2.000000019623,-16.21539030917));
#3469 = CARTESIAN_POINT('',(15.999999980377,-26.60769515458));
#3470 = CARTESIAN_POINT('',(33.999999980377,-37.));
#3471 = CARTESIAN_POINT('',(15.999999980377,-47.39230484541));
#3472 = CARTESIAN_POINT('',(-2.000000019623,-57.78460969082));
#3473 = CARTESIAN_POINT('',(-2.000000019623,-37.));
#3474 = ( GEOMETRIC_REPRESENTATION_CONTEXT(2) 
PARAMETRIC_REPRESENTATION_CONTEXT() REPRESENTATION_CONTEXT('2D SPACE',''
  ) );
#3475 = ORIENTED_EDGE('',*,*,#3476,.F.);
#3476 = EDGE_CURVE('',#2857,#3449,#3477,.T.);
#3477 = SURFACE_CURVE('',#3478,(#3482,#3489),.PCURVE_S1.);
#3478 = LINE('',#3479,#3480);
#3479 = CARTESIAN_POINT('',(-20.00000002509,-49.,0.));
#3480 = VECTOR('',#3481,1.);
#3481 = DIRECTION('',(0.,0.,1.));
#3482 = PCURVE('',#1644,#3483);
#3483 = DEFINITIONAL_REPRESENTATION('',(#3484),#3488);
#3484 = LINE('',#3485,#3486);
#3485 = CARTESIAN_POINT('',(4.712388980385,0.));
#3486 = VECTOR('',#3487,1.);
#3487 = DIRECTION('',(0.,-1.));
#3488 = ( GEOMETRIC_REPRESENTATION_CONTEXT(2) 
PARAMETRIC_REPRESENTATION_CONTEXT() REPRESENTATION_CONTEXT('2D SPACE',''
  ) );
#3489 = PCURVE('',#2519,#3490);
#3490 = DEFINITIONAL_REPRESENTATION('',(#3491),#3495);
#3491 = LINE('',#3492,#3493);
#3492 = CARTESIAN_POINT('',(19.999999974902,0.));
#3493 = VECTOR('',#3494,1.);
#3494 = DIRECTION('',(0.,-1.));
#3495 = ( GEOMETRIC_REPRESENTATION_CONTEXT(2) 
PARAMETRIC_REPRESENTATION_CONTEXT() REPRESENTATION_CONTEXT('2D SPACE',''
  ) );
#3496 = ORIENTED_EDGE('',*,*,#2879,.F.);
#3497 = ADVANCED_FACE('',(#3498),#1571,.F.);
#3498 = FACE_BOUND('',#3499,.F.);
#3499 = EDGE_LOOP('',(#3500,#3501,#3502,#3524));
#3500 = ORIENTED_EDGE('',*,*,#2906,.T.);
#3501 = ORIENTED_EDGE('',*,*,#1551,.T.);
#3502 = ORIENTED_EDGE('',*,*,#3503,.F.);
#3503 = EDGE_CURVE('',#2065,#1526,#3504,.T.);
#3504 = SURFACE_CURVE('',#3505,(#3510,#3517),.PCURVE_S1.);
#3505 = CIRCLE('',#3506,3.2);
#3506 = AXIS2_PLACEMENT_3D('',#3507,#3508,#3509);
#3507 = CARTESIAN_POINT('',(-14.,-41.,1.2));
#3508 = DIRECTION('',(0.,0.,1.));
#3509 = DIRECTION('',(-0.935787625967,0.352564205623,0.));
#3510 = PCURVE('',#1571,#3511);
#3511 = DEFINITIONAL_REPRESENTATION('',(#3512),#3516);
#3512 = LINE('',#3513,#3514);
#3513 = CARTESIAN_POINT('',(2.781282801846,1.2));
#3514 = VECTOR('',#3515,1.);
#3515 = DIRECTION('',(1.,0.));
#3516 = ( GEOMETRIC_REPRESENTATION_CONTEXT(2) 
PARAMETRIC_REPRESENTATION_CONTEXT() REPRESENTATION_CONTEXT('2D SPACE',''
  ) );
#3517 = PCURVE('',#1540,#3518);
#3518 = DEFINITIONAL_REPRESENTATION('',(#3519),#3523);
#3519 = CIRCLE('',#3520,3.2);
#3520 = AXIS2_PLACEMENT_2D('',#3521,#3522);
#3521 = CARTESIAN_POINT('',(0.,0.));
#3522 = DIRECTION('',(-0.935787625967,0.352564205623));
#3523 = ( GEOMETRIC_REPRESENTATION_CONTEXT(2) 
PARAMETRIC_REPRESENTATION_CONTEXT() REPRESENTATION_CONTEXT('2D SPACE',''
  ) );
#3524 = ORIENTED_EDGE('',*,*,#2064,.T.);
#3525 = ADVANCED_FACE('',(#3526),#1540,.F.);
#3526 = FACE_BOUND('',#3527,.F.);
#3527 = EDGE_LOOP('',(#3528,#3529,#3530,#3531));
#3528 = ORIENTED_EDGE('',*,*,#3503,.T.);
#3529 = ORIENTED_EDGE('',*,*,#1525,.F.);
#3530 = ORIENTED_EDGE('',*,*,#1911,.T.);
#3531 = ORIENTED_EDGE('',*,*,#2093,.F.);
#3532 = ADVANCED_FACE('',(#3533),#2239,.T.);
#3533 = FACE_BOUND('',#3534,.T.);
#3534 = EDGE_LOOP('',(#3535,#3536,#3537,#3558));
#3535 = ORIENTED_EDGE('',*,*,#2223,.F.);
#3536 = ORIENTED_EDGE('',*,*,#3082,.T.);
#3537 = ORIENTED_EDGE('',*,*,#3538,.T.);
#3538 = EDGE_CURVE('',#3050,#3379,#3539,.T.);
#3539 = SURFACE_CURVE('',#3540,(#3544,#3551),.PCURVE_S1.);
#3540 = LINE('',#3541,#3542);
#3541 = CARTESIAN_POINT('',(-30.,-47.,19.5));
#3542 = VECTOR('',#3543,1.);
#3543 = DIRECTION('',(1.,0.,0.));
#3544 = PCURVE('',#2239,#3545);
#3545 = DEFINITIONAL_REPRESENTATION('',(#3546),#3550);
#3546 = LINE('',#3547,#3548);
#3547 = CARTESIAN_POINT('',(20.,-1.5));
#3548 = VECTOR('',#3549,1.);
#3549 = DIRECTION('',(1.,0.));
#3550 = ( GEOMETRIC_REPRESENTATION_CONTEXT(2) 
PARAMETRIC_REPRESENTATION_CONTEXT() REPRESENTATION_CONTEXT('2D SPACE',''
  ) );
#3551 = PCURVE('',#3066,#3552);
#3552 = DEFINITIONAL_REPRESENTATION('',(#3553),#3557);
#3553 = LINE('',#3554,#3555);
#3554 = CARTESIAN_POINT('',(0.,-47.));
#3555 = VECTOR('',#3556,1.);
#3556 = DIRECTION('',(1.,0.));
#3557 = ( GEOMETRIC_REPRESENTATION_CONTEXT(2) 
PARAMETRIC_REPRESENTATION_CONTEXT() REPRESENTATION_CONTEXT('2D SPACE',''
  ) );
#3558 = ORIENTED_EDGE('',*,*,#3378,.F.);
#3559 = ADVANCED_FACE('',(#3560),#2429,.F.);
#3560 = FACE_BOUND('',#3561,.F.);
#3561 = EDGE_LOOP('',(#3562,#3563,#3584,#3585,#3586,#3587));
#3562 = ORIENTED_EDGE('',*,*,#2935,.F.);
#3563 = ORIENTED_EDGE('',*,*,#3564,.F.);
#3564 = EDGE_CURVE('',#2409,#2936,#3565,.T.);
#3565 = SEAM_CURVE('',#3566,(#3570,#3577),.PCURVE_S1.);
#3566 = LINE('',#3567,#3568);
#3567 = CARTESIAN_POINT('',(-22.,-46.,5.2));
#3568 = VECTOR('',#3569,1.);
#3569 = DIRECTION('',(0.,0.,-1.));
#3570 = PCURVE('',#2429,#3571);
#3571 = DEFINITIONAL_REPRESENTATION('',(#3572),#3576);
#3572 = LINE('',#3573,#3574);
#3573 = CARTESIAN_POINT('',(6.28318530718,-0.));
#3574 = VECTOR('',#3575,1.);
#3575 = DIRECTION('',(0.,1.));
#3576 = ( GEOMETRIC_REPRESENTATION_CONTEXT(2) 
PARAMETRIC_REPRESENTATION_CONTEXT() REPRESENTATION_CONTEXT('2D SPACE',''
  ) );
#3577 = PCURVE('',#2429,#3578);
#3578 = DEFINITIONAL_REPRESENTATION('',(#3579),#3583);
#3579 = LINE('',#3580,#3581);
#3580 = CARTESIAN_POINT('',(0.,-0.));
#3581 = VECTOR('',#3582,1.);
#3582 = DIRECTION('',(0.,1.));
#3583 = ( GEOMETRIC_REPRESENTATION_CONTEXT(2) 
PARAMETRIC_REPRESENTATION_CONTEXT() REPRESENTATION_CONTEXT('2D SPACE',''
  ) );
#3584 = ORIENTED_EDGE('',*,*,#2441,.T.);
#3585 = ORIENTED_EDGE('',*,*,#2477,.T.);
#3586 = ORIENTED_EDGE('',*,*,#2408,.T.);
#3587 = ORIENTED_EDGE('',*,*,#3564,.T.);
#3588 = ADVANCED_FACE('',(#3589,#3615),#2519,.F.);
#3589 = FACE_BOUND('',#3590,.F.);
#3590 = EDGE_LOOP('',(#3591,#3592,#3613,#3614));
#3591 = ORIENTED_EDGE('',*,*,#2967,.T.);
#3592 = ORIENTED_EDGE('',*,*,#3593,.T.);
#3593 = EDGE_CURVE('',#2968,#3449,#3594,.T.);
#3594 = SURFACE_CURVE('',#3595,(#3599,#3606),.PCURVE_S1.);
#3595 = LINE('',#3596,#3597);
#3596 = CARTESIAN_POINT('',(-30.,-49.,21.));
#3597 = VECTOR('',#3598,1.);
#3598 = DIRECTION('',(1.,0.,0.));
#3599 = PCURVE('',#2519,#3600);
#3600 = DEFINITIONAL_REPRESENTATION('',(#3601),#3605);
#3601 = LINE('',#3602,#3603);
#3602 = CARTESIAN_POINT('',(10.,-21.));
#3603 = VECTOR('',#3604,1.);
#3604 = DIRECTION('',(1.,0.));
#3605 = ( GEOMETRIC_REPRESENTATION_CONTEXT(2) 
PARAMETRIC_REPRESENTATION_CONTEXT() REPRESENTATION_CONTEXT('2D SPACE',''
  ) );
#3606 = PCURVE('',#3007,#3607);
#3607 = DEFINITIONAL_REPRESENTATION('',(#3608),#3612);
#3608 = LINE('',#3609,#3610);
#3609 = CARTESIAN_POINT('',(5.474810553509E-09,-49.));
#3610 = VECTOR('',#3611,1.);
#3611 = DIRECTION('',(1.,0.));
#3612 = ( GEOMETRIC_REPRESENTATION_CONTEXT(2) 
PARAMETRIC_REPRESENTATION_CONTEXT() REPRESENTATION_CONTEXT('2D SPACE',''
  ) );
#3613 = ORIENTED_EDGE('',*,*,#3476,.F.);
#3614 = ORIENTED_EDGE('',*,*,#2856,.F.);
#3615 = FACE_BOUND('',#3616,.F.);
#3616 = EDGE_LOOP('',(#3617));
#3617 = ORIENTED_EDGE('',*,*,#2502,.T.);
#3618 = ADVANCED_FACE('',(#3619),#3066,.T.);
#3619 = FACE_BOUND('',#3620,.T.);
#3620 = EDGE_LOOP('',(#3621,#3622,#3643,#3644));
#3621 = ORIENTED_EDGE('',*,*,#3049,.F.);
#3622 = ORIENTED_EDGE('',*,*,#3623,.T.);
#3623 = EDGE_CURVE('',#3024,#3400,#3624,.T.);
#3624 = SURFACE_CURVE('',#3625,(#3629,#3636),.PCURVE_S1.);
#3625 = LINE('',#3626,#3627);
#3626 = CARTESIAN_POINT('',(-30.,-47.9,19.5));
#3627 = VECTOR('',#3628,1.);
#3628 = DIRECTION('',(1.,0.,0.));
#3629 = PCURVE('',#3066,#3630);
#3630 = DEFINITIONAL_REPRESENTATION('',(#3631),#3635);
#3631 = LINE('',#3632,#3633);
#3632 = CARTESIAN_POINT('',(0.,-47.9));
#3633 = VECTOR('',#3634,1.);
#3634 = DIRECTION('',(1.,0.));
#3635 = ( GEOMETRIC_REPRESENTATION_CONTEXT(2) 
PARAMETRIC_REPRESENTATION_CONTEXT() REPRESENTATION_CONTEXT('2D SPACE',''
  ) );
#3636 = PCURVE('',#3038,#3637);
#3637 = DEFINITIONAL_REPRESENTATION('',(#3638),#3642);
#3638 = LINE('',#3639,#3640);
#3639 = CARTESIAN_POINT('',(20.9,-1.5));
#3640 = VECTOR('',#3641,1.);
#3641 = DIRECTION('',(1.,0.));
#3642 = ( GEOMETRIC_REPRESENTATION_CONTEXT(2) 
PARAMETRIC_REPRESENTATION_CONTEXT() REPRESENTATION_CONTEXT('2D SPACE',''
  ) );
#3643 = ORIENTED_EDGE('',*,*,#3399,.F.);
#3644 = ORIENTED_EDGE('',*,*,#3538,.F.);
#3645 = ADVANCED_FACE('',(#3646),#3038,.F.);
#3646 = FACE_BOUND('',#3647,.F.);
#3647 = EDGE_LOOP('',(#3648,#3669,#3670,#3671));
#3648 = ORIENTED_EDGE('',*,*,#3649,.F.);
#3649 = EDGE_CURVE('',#2991,#3428,#3650,.T.);
#3650 = SURFACE_CURVE('',#3651,(#3655,#3662),.PCURVE_S1.);
#3651 = LINE('',#3652,#3653);
#3652 = CARTESIAN_POINT('',(-30.,-47.9,21.));
#3653 = VECTOR('',#3654,1.);
#3654 = DIRECTION('',(1.,0.,0.));
#3655 = PCURVE('',#3038,#3656);
#3656 = DEFINITIONAL_REPRESENTATION('',(#3657),#3661);
#3657 = LINE('',#3658,#3659);
#3658 = CARTESIAN_POINT('',(20.9,0.));
#3659 = VECTOR('',#3660,1.);
#3660 = DIRECTION('',(1.,0.));
#3661 = ( GEOMETRIC_REPRESENTATION_CONTEXT(2) 
PARAMETRIC_REPRESENTATION_CONTEXT() REPRESENTATION_CONTEXT('2D SPACE',''
  ) );
#3662 = PCURVE('',#3007,#3663);
#3663 = DEFINITIONAL_REPRESENTATION('',(#3664),#3668);
#3664 = LINE('',#3665,#3666);
#3665 = CARTESIAN_POINT('',(5.474810553509E-09,-47.9));
#3666 = VECTOR('',#3667,1.);
#3667 = DIRECTION('',(1.,0.));
#3668 = ( GEOMETRIC_REPRESENTATION_CONTEXT(2) 
PARAMETRIC_REPRESENTATION_CONTEXT() REPRESENTATION_CONTEXT('2D SPACE',''
  ) );
#3669 = ORIENTED_EDGE('',*,*,#3023,.T.);
#3670 = ORIENTED_EDGE('',*,*,#3623,.T.);
#3671 = ORIENTED_EDGE('',*,*,#3427,.F.);
#3672 = ADVANCED_FACE('',(#3673),#3007,.T.);
#3673 = FACE_BOUND('',#3674,.T.);
#3674 = EDGE_LOOP('',(#3675,#3676,#3677,#3678));
#3675 = ORIENTED_EDGE('',*,*,#3649,.F.);
#3676 = ORIENTED_EDGE('',*,*,#2990,.F.);
#3677 = ORIENTED_EDGE('',*,*,#3593,.T.);
#3678 = ORIENTED_EDGE('',*,*,#3448,.F.);
#3679 = MANIFOLD_SOLID_BREP('',#3680);
#3680 = CLOSED_SHELL('',(#3681,#3798,#3918,#3998,#4033,#4060,#4114));
#3681 = ADVANCED_FACE('',(#3682),#3697,.T.);
#3682 = FACE_BOUND('',#3683,.T.);
#3683 = EDGE_LOOP('',(#3684,#3720,#3746,#3779));
#3684 = ORIENTED_EDGE('',*,*,#3685,.T.);
#3685 = EDGE_CURVE('',#3686,#3688,#3690,.T.);
#3686 = VERTEX_POINT('',#3687);
#3687 = CARTESIAN_POINT('',(-20.7579762337,-19.81335313858,2.2));
#3688 = VERTEX_POINT('',#3689);
#3689 = CARTESIAN_POINT('',(-18.89284343843,-21.36763046797,2.2));
#3690 = SURFACE_CURVE('',#3691,(#3696,#3708),.PCURVE_S1.);
#3691 = CIRCLE('',#3692,2.2);
#3692 = AXIS2_PLACEMENT_3D('',#3693,#3694,#3695);
#3693 = CARTESIAN_POINT('',(-21.,-22.,2.2));
#3694 = DIRECTION('',(0.,-0.,1.));
#3695 = DIRECTION('',(0.110010802863,0.993930391553,0.));
#3696 = PCURVE('',#3697,#3702);
#3697 = CYLINDRICAL_SURFACE('',#3698,2.2);
#3698 = AXIS2_PLACEMENT_3D('',#3699,#3700,#3701);
#3699 = CARTESIAN_POINT('',(-21.,-22.,2.2));
#3700 = DIRECTION('',(0.,0.,1.));
#3701 = DIRECTION('',(1.,0.,0.));
#3702 = DEFINITIONAL_REPRESENTATION('',(#3703),#3707);
#3703 = LINE('',#3704,#3705);
#3704 = CARTESIAN_POINT('',(1.460562407981,0.));
#3705 = VECTOR('',#3706,1.);
#3706 = DIRECTION('',(1.,0.));
#3707 = ( GEOMETRIC_REPRESENTATION_CONTEXT(2) 
PARAMETRIC_REPRESENTATION_CONTEXT() REPRESENTATION_CONTEXT('2D SPACE',''
  ) );
#3708 = PCURVE('',#3709,#3714);
#3709 = PLANE('',#3710);
#3710 = AXIS2_PLACEMENT_3D('',#3711,#3712,#3713);
#3711 = CARTESIAN_POINT('',(-21.,-22.,2.2));
#3712 = DIRECTION('',(0.,0.,1.));
#3713 = DIRECTION('',(1.,0.,0.));
#3714 = DEFINITIONAL_REPRESENTATION('',(#3715),#3719);
#3715 = CIRCLE('',#3716,2.2);
#3716 = AXIS2_PLACEMENT_2D('',#3717,#3718);
#3717 = CARTESIAN_POINT('',(0.,0.));
#3718 = DIRECTION('',(0.110010802863,0.993930391553));
#3719 = ( GEOMETRIC_REPRESENTATION_CONTEXT(2) 
PARAMETRIC_REPRESENTATION_CONTEXT() REPRESENTATION_CONTEXT('2D SPACE',''
  ) );
#3720 = ORIENTED_EDGE('',*,*,#3721,.T.);
#3721 = EDGE_CURVE('',#3688,#3722,#3724,.T.);
#3722 = VERTEX_POINT('',#3723);
#3723 = CARTESIAN_POINT('',(-18.89284343843,-21.36763046797,5.2));
#3724 = SURFACE_CURVE('',#3725,(#3729,#3735),.PCURVE_S1.);
#3725 = LINE('',#3726,#3727);
#3726 = CARTESIAN_POINT('',(-18.89284343843,-21.36763046797,2.2));
#3727 = VECTOR('',#3728,1.);
#3728 = DIRECTION('',(0.,0.,1.));
#3729 = PCURVE('',#3697,#3730);
#3730 = DEFINITIONAL_REPRESENTATION('',(#3731),#3734);
#3731 = B_SPLINE_CURVE_WITH_KNOTS('',1,(#3732,#3733),.UNSPECIFIED.,.F.,
  .F.,(2,2),(0.,3.),.PIECEWISE_BEZIER_KNOTS.);
#3732 = CARTESIAN_POINT('',(6.574739000395,0.));
#3733 = CARTESIAN_POINT('',(6.574739000395,3.));
#3734 = ( GEOMETRIC_REPRESENTATION_CONTEXT(2) 
PARAMETRIC_REPRESENTATION_CONTEXT() REPRESENTATION_CONTEXT('2D SPACE',''
  ) );
#3735 = PCURVE('',#3736,#3741);
#3736 = CYLINDRICAL_SURFACE('',#3737,2.4);
#3737 = AXIS2_PLACEMENT_3D('',#3738,#3739,#3740);
#3738 = CARTESIAN_POINT('',(-18.5,-19.,2.2));
#3739 = DIRECTION('',(0.,0.,1.));
#3740 = DIRECTION('',(1.,0.,0.));
#3741 = DEFINITIONAL_REPRESENTATION('',(#3742),#3745);
#3742 = B_SPLINE_CURVE_WITH_KNOTS('',1,(#3743,#3744),.UNSPECIFIED.,.F.,
  .F.,(2,2),(-5.999999999062E-07,3.0000006),.PIECEWISE_BEZIER_KNOTS.);
#3743 = CARTESIAN_POINT('',(4.547964332435,-5.999999999062E-07));
#3744 = CARTESIAN_POINT('',(4.547964332435,3.0000006));
#3745 = ( GEOMETRIC_REPRESENTATION_CONTEXT(2) 
PARAMETRIC_REPRESENTATION_CONTEXT() REPRESENTATION_CONTEXT('2D SPACE',''
  ) );
#3746 = ORIENTED_EDGE('',*,*,#3747,.T.);
#3747 = EDGE_CURVE('',#3722,#3748,#3750,.T.);
#3748 = VERTEX_POINT('',#3749);
#3749 = CARTESIAN_POINT('',(-20.7579762337,-19.81335313858,5.2));
#3750 = SURFACE_CURVE('',#3751,(#3756,#3763),.PCURVE_S1.);
#3751 = CIRCLE('',#3752,2.2);
#3752 = AXIS2_PLACEMENT_3D('',#3753,#3754,#3755);
#3753 = CARTESIAN_POINT('',(-21.,-22.,5.2));
#3754 = DIRECTION('',(0.,0.,-1.));
#3755 = DIRECTION('',(0.957798437077,0.287440696375,0.));
#3756 = PCURVE('',#3697,#3757);
#3757 = DEFINITIONAL_REPRESENTATION('',(#3758),#3762);
#3758 = LINE('',#3759,#3760);
#3759 = CARTESIAN_POINT('',(6.574739000395,3.));
#3760 = VECTOR('',#3761,1.);
#3761 = DIRECTION('',(-1.,-0.));
#3762 = ( GEOMETRIC_REPRESENTATION_CONTEXT(2) 
PARAMETRIC_REPRESENTATION_CONTEXT() REPRESENTATION_CONTEXT('2D SPACE',''
  ) );
#3763 = PCURVE('',#3764,#3769);
#3764 = PLANE('',#3765);
#3765 = AXIS2_PLACEMENT_3D('',#3766,#3767,#3768);
#3766 = CARTESIAN_POINT('',(-21.,-22.,5.2));
#3767 = DIRECTION('',(0.,0.,1.));
#3768 = DIRECTION('',(1.,0.,0.));
#3769 = DEFINITIONAL_REPRESENTATION('',(#3770),#3778);
#3770 = ( BOUNDED_CURVE() B_SPLINE_CURVE(2,(#3771,#3772,#3773,#3774,
#3775,#3776,#3777),.UNSPECIFIED.,.T.,.F.) B_SPLINE_CURVE_WITH_KNOTS((1,2
    ,2,2,2,1),(-2.094395102393,0.,2.094395102393,4.188790204786,
6.28318530718,8.377580409573),.UNSPECIFIED.) CURVE() 
GEOMETRIC_REPRESENTATION_ITEM() RATIONAL_B_SPLINE_CURVE((1.,0.5,1.,0.5,
1.,0.5,1.)) REPRESENTATION_ITEM('') );
#3771 = CARTESIAN_POINT('',(2.10715656157,0.632369532025));
#3772 = CARTESIAN_POINT('',(3.202452720196,-3.017332692116));
#3773 = CARTESIAN_POINT('',(-0.505930201472,-2.141035878083));
#3774 = CARTESIAN_POINT('',(-4.214313123139,-1.264739064051));
#3775 = CARTESIAN_POINT('',(-1.601226360098,1.508666346058));
#3776 = CARTESIAN_POINT('',(1.011860402943,4.282071756166));
#3777 = CARTESIAN_POINT('',(2.10715656157,0.632369532025));
#3778 = ( GEOMETRIC_REPRESENTATION_CONTEXT(2) 
PARAMETRIC_REPRESENTATION_CONTEXT() REPRESENTATION_CONTEXT('2D SPACE',''
  ) );
#3779 = ORIENTED_EDGE('',*,*,#3780,.F.);
#3780 = EDGE_CURVE('',#3686,#3748,#3781,.T.);
#3781 = SURFACE_CURVE('',#3782,(#3786,#3792),.PCURVE_S1.);
#3782 = LINE('',#3783,#3784);
#3783 = CARTESIAN_POINT('',(-20.7579762337,-19.81335313858,2.2));
#3784 = VECTOR('',#3785,1.);
#3785 = DIRECTION('',(0.,0.,1.));
#3786 = PCURVE('',#3697,#3787);
#3787 = DEFINITIONAL_REPRESENTATION('',(#3788),#3791);
#3788 = B_SPLINE_CURVE_WITH_KNOTS('',1,(#3789,#3790),.UNSPECIFIED.,.F.,
  .F.,(2,2),(0.,3.),.PIECEWISE_BEZIER_KNOTS.);
#3789 = CARTESIAN_POINT('',(1.460562407981,0.));
#3790 = CARTESIAN_POINT('',(1.460562407981,3.));
#3791 = ( GEOMETRIC_REPRESENTATION_CONTEXT(2) 
PARAMETRIC_REPRESENTATION_CONTEXT() REPRESENTATION_CONTEXT('2D SPACE',''
  ) );
#3792 = PCURVE('',#3736,#3793);
#3793 = DEFINITIONAL_REPRESENTATION('',(#3794),#3797);
#3794 = B_SPLINE_CURVE_WITH_KNOTS('',1,(#3795,#3796),.UNSPECIFIED.,.F.,
  .F.,(2,2),(-5.999999999062E-07,3.0000006),.PIECEWISE_BEZIER_KNOTS.);
#3795 = CARTESIAN_POINT('',(3.487337075941,-5.999999999062E-07));
#3796 = CARTESIAN_POINT('',(3.487337075941,3.0000006));
#3797 = ( GEOMETRIC_REPRESENTATION_CONTEXT(2) 
PARAMETRIC_REPRESENTATION_CONTEXT() REPRESENTATION_CONTEXT('2D SPACE',''
  ) );
#3798 = ADVANCED_FACE('',(#3799,#3848,#3883),#3709,.F.);
#3799 = FACE_BOUND('',#3800,.F.);
#3800 = EDGE_LOOP('',(#3801,#3802,#3826));
#3801 = ORIENTED_EDGE('',*,*,#3685,.T.);
#3802 = ORIENTED_EDGE('',*,*,#3803,.T.);
#3803 = EDGE_CURVE('',#3688,#3804,#3806,.T.);
#3804 = VERTEX_POINT('',#3805);
#3805 = CARTESIAN_POINT('',(-16.1,-19.,2.2));
#3806 = SURFACE_CURVE('',#3807,(#3812,#3819),.PCURVE_S1.);
#3807 = CIRCLE('',#3808,2.4);
#3808 = AXIS2_PLACEMENT_3D('',#3809,#3810,#3811);
#3809 = CARTESIAN_POINT('',(-18.5,-19.,2.2));
#3810 = DIRECTION('',(0.,0.,1.));
#3811 = DIRECTION('',(1.,0.,0.));
#3812 = PCURVE('',#3709,#3813);
#3813 = DEFINITIONAL_REPRESENTATION('',(#3814),#3818);
#3814 = CIRCLE('',#3815,2.4);
#3815 = AXIS2_PLACEMENT_2D('',#3816,#3817);
#3816 = CARTESIAN_POINT('',(2.5,3.));
#3817 = DIRECTION('',(1.,0.));
#3818 = ( GEOMETRIC_REPRESENTATION_CONTEXT(2) 
PARAMETRIC_REPRESENTATION_CONTEXT() REPRESENTATION_CONTEXT('2D SPACE',''
  ) );
#3819 = PCURVE('',#3736,#3820);
#3820 = DEFINITIONAL_REPRESENTATION('',(#3821),#3825);
#3821 = LINE('',#3822,#3823);
#3822 = CARTESIAN_POINT('',(0.,0.));
#3823 = VECTOR('',#3824,1.);
#3824 = DIRECTION('',(1.,0.));
#3825 = ( GEOMETRIC_REPRESENTATION_CONTEXT(2) 
PARAMETRIC_REPRESENTATION_CONTEXT() REPRESENTATION_CONTEXT('2D SPACE',''
  ) );
#3826 = ORIENTED_EDGE('',*,*,#3827,.T.);
#3827 = EDGE_CURVE('',#3804,#3686,#3828,.T.);
#3828 = SURFACE_CURVE('',#3829,(#3834,#3841),.PCURVE_S1.);
#3829 = CIRCLE('',#3830,2.4);
#3830 = AXIS2_PLACEMENT_3D('',#3831,#3832,#3833);
#3831 = CARTESIAN_POINT('',(-18.5,-19.,2.2));
#3832 = DIRECTION('',(0.,0.,1.));
#3833 = DIRECTION('',(1.,0.,0.));
#3834 = PCURVE('',#3709,#3835);
#3835 = DEFINITIONAL_REPRESENTATION('',(#3836),#3840);
#3836 = CIRCLE('',#3837,2.4);
#3837 = AXIS2_PLACEMENT_2D('',#3838,#3839);
#3838 = CARTESIAN_POINT('',(2.5,3.));
#3839 = DIRECTION('',(1.,0.));
#3840 = ( GEOMETRIC_REPRESENTATION_CONTEXT(2) 
PARAMETRIC_REPRESENTATION_CONTEXT() REPRESENTATION_CONTEXT('2D SPACE',''
  ) );
#3841 = PCURVE('',#3736,#3842);
#3842 = DEFINITIONAL_REPRESENTATION('',(#3843),#3847);
#3843 = LINE('',#3844,#3845);
#3844 = CARTESIAN_POINT('',(0.,0.));
#3845 = VECTOR('',#3846,1.);
#3846 = DIRECTION('',(1.,0.));
#3847 = ( GEOMETRIC_REPRESENTATION_CONTEXT(2) 
PARAMETRIC_REPRESENTATION_CONTEXT() REPRESENTATION_CONTEXT('2D SPACE',''
  ) );
#3848 = FACE_BOUND('',#3849,.F.);
#3849 = EDGE_LOOP('',(#3850));
#3850 = ORIENTED_EDGE('',*,*,#3851,.T.);
#3851 = EDGE_CURVE('',#3852,#3852,#3854,.T.);
#3852 = VERTEX_POINT('',#3853);
#3853 = CARTESIAN_POINT('',(-22.,-22.,2.2));
#3854 = SURFACE_CURVE('',#3855,(#3860,#3871),.PCURVE_S1.);
#3855 = CIRCLE('',#3856,1.);
#3856 = AXIS2_PLACEMENT_3D('',#3857,#3858,#3859);
#3857 = CARTESIAN_POINT('',(-21.,-22.,2.2));
#3858 = DIRECTION('',(0.,0.,-1.));
#3859 = DIRECTION('',(-1.,0.,0.));
#3860 = PCURVE('',#3709,#3861);
#3861 = DEFINITIONAL_REPRESENTATION('',(#3862),#3870);
#3862 = ( BOUNDED_CURVE() B_SPLINE_CURVE(2,(#3863,#3864,#3865,#3866,
#3867,#3868,#3869),.UNSPECIFIED.,.T.,.F.) B_SPLINE_CURVE_WITH_KNOTS((1,2
    ,2,2,2,1),(-2.094395102393,0.,2.094395102393,4.188790204786,
6.28318530718,8.377580409573),.UNSPECIFIED.) CURVE() 
GEOMETRIC_REPRESENTATION_ITEM() RATIONAL_B_SPLINE_CURVE((1.,0.5,1.,0.5,
1.,0.5,1.)) REPRESENTATION_ITEM('') );
#3863 = CARTESIAN_POINT('',(-1.,0.));
#3864 = CARTESIAN_POINT('',(-1.,1.732050807569));
#3865 = CARTESIAN_POINT('',(0.5,0.866025403784));
#3866 = CARTESIAN_POINT('',(2.,2.449293598295E-16));
#3867 = CARTESIAN_POINT('',(0.5,-0.866025403784));
#3868 = CARTESIAN_POINT('',(-1.,-1.732050807569));
#3869 = CARTESIAN_POINT('',(-1.,0.));
#3870 = ( GEOMETRIC_REPRESENTATION_CONTEXT(2) 
PARAMETRIC_REPRESENTATION_CONTEXT() REPRESENTATION_CONTEXT('2D SPACE',''
  ) );
#3871 = PCURVE('',#3872,#3877);
#3872 = CYLINDRICAL_SURFACE('',#3873,1.);
#3873 = AXIS2_PLACEMENT_3D('',#3874,#3875,#3876);
#3874 = CARTESIAN_POINT('',(-21.,-22.,5.2));
#3875 = DIRECTION('',(0.,0.,-1.));
#3876 = DIRECTION('',(-1.,0.,0.));
#3877 = DEFINITIONAL_REPRESENTATION('',(#3878),#3882);
#3878 = LINE('',#3879,#3880);
#3879 = CARTESIAN_POINT('',(0.,3.));
#3880 = VECTOR('',#3881,1.);
#3881 = DIRECTION('',(1.,0.));
#3882 = ( GEOMETRIC_REPRESENTATION_CONTEXT(2) 
PARAMETRIC_REPRESENTATION_CONTEXT() REPRESENTATION_CONTEXT('2D SPACE',''
  ) );
#3883 = FACE_BOUND('',#3884,.F.);
#3884 = EDGE_LOOP('',(#3885));
#3885 = ORIENTED_EDGE('',*,*,#3886,.T.);
#3886 = EDGE_CURVE('',#3887,#3887,#3889,.T.);
#3887 = VERTEX_POINT('',#3888);
#3888 = CARTESIAN_POINT('',(-19.6,-19.,2.2));
#3889 = SURFACE_CURVE('',#3890,(#3895,#3906),.PCURVE_S1.);
#3890 = CIRCLE('',#3891,1.1);
#3891 = AXIS2_PLACEMENT_3D('',#3892,#3893,#3894);
#3892 = CARTESIAN_POINT('',(-18.5,-19.,2.2));
#3893 = DIRECTION('',(0.,0.,-1.));
#3894 = DIRECTION('',(-1.,0.,0.));
#3895 = PCURVE('',#3709,#3896);
#3896 = DEFINITIONAL_REPRESENTATION('',(#3897),#3905);
#3897 = ( BOUNDED_CURVE() B_SPLINE_CURVE(2,(#3898,#3899,#3900,#3901,
#3902,#3903,#3904),.UNSPECIFIED.,.T.,.F.) B_SPLINE_CURVE_WITH_KNOTS((1,2
    ,2,2,2,1),(-2.094395102393,0.,2.094395102393,4.188790204786,
6.28318530718,8.377580409573),.UNSPECIFIED.) CURVE() 
GEOMETRIC_REPRESENTATION_ITEM() RATIONAL_B_SPLINE_CURVE((1.,0.5,1.,0.5,
1.,0.5,1.)) REPRESENTATION_ITEM('') );
#3898 = CARTESIAN_POINT('',(1.4,3.));
#3899 = CARTESIAN_POINT('',(1.4,4.905255888326));
#3900 = CARTESIAN_POINT('',(3.05,3.952627944163));
#3901 = CARTESIAN_POINT('',(4.7,3.));
#3902 = CARTESIAN_POINT('',(3.05,2.047372055837));
#3903 = CARTESIAN_POINT('',(1.4,1.094744111674));
#3904 = CARTESIAN_POINT('',(1.4,3.));
#3905 = ( GEOMETRIC_REPRESENTATION_CONTEXT(2) 
PARAMETRIC_REPRESENTATION_CONTEXT() REPRESENTATION_CONTEXT('2D SPACE',''
  ) );
#3906 = PCURVE('',#3907,#3912);
#3907 = CYLINDRICAL_SURFACE('',#3908,1.1);
#3908 = AXIS2_PLACEMENT_3D('',#3909,#3910,#3911);
#3909 = CARTESIAN_POINT('',(-18.5,-19.,6.7));
#3910 = DIRECTION('',(0.,0.,-1.));
#3911 = DIRECTION('',(-1.,0.,0.));
#3912 = DEFINITIONAL_REPRESENTATION('',(#3913),#3917);
#3913 = LINE('',#3914,#3915);
#3914 = CARTESIAN_POINT('',(0.,4.5));
#3915 = VECTOR('',#3916,1.);
#3916 = DIRECTION('',(1.,0.));
#3917 = ( GEOMETRIC_REPRESENTATION_CONTEXT(2) 
PARAMETRIC_REPRESENTATION_CONTEXT() REPRESENTATION_CONTEXT('2D SPACE',''
  ) );
#3918 = ADVANCED_FACE('',(#3919),#3736,.T.);
#3919 = FACE_BOUND('',#3920,.T.);
#3920 = EDGE_LOOP('',(#3921,#3944,#3971,#3972,#3973,#3974,#3996,#3997));
#3921 = ORIENTED_EDGE('',*,*,#3922,.T.);
#3922 = EDGE_CURVE('',#3804,#3923,#3925,.T.);
#3923 = VERTEX_POINT('',#3924);
#3924 = CARTESIAN_POINT('',(-16.1,-19.,5.7));
#3925 = SEAM_CURVE('',#3926,(#3930,#3937),.PCURVE_S1.);
#3926 = LINE('',#3927,#3928);
#3927 = CARTESIAN_POINT('',(-16.1,-19.,2.2));
#3928 = VECTOR('',#3929,1.);
#3929 = DIRECTION('',(0.,0.,1.));
#3930 = PCURVE('',#3736,#3931);
#3931 = DEFINITIONAL_REPRESENTATION('',(#3932),#3936);
#3932 = LINE('',#3933,#3934);
#3933 = CARTESIAN_POINT('',(6.28318530718,-0.));
#3934 = VECTOR('',#3935,1.);
#3935 = DIRECTION('',(0.,1.));
#3936 = ( GEOMETRIC_REPRESENTATION_CONTEXT(2) 
PARAMETRIC_REPRESENTATION_CONTEXT() REPRESENTATION_CONTEXT('2D SPACE',''
  ) );
#3937 = PCURVE('',#3736,#3938);
#3938 = DEFINITIONAL_REPRESENTATION('',(#3939),#3943);
#3939 = LINE('',#3940,#3941);
#3940 = CARTESIAN_POINT('',(0.,-0.));
#3941 = VECTOR('',#3942,1.);
#3942 = DIRECTION('',(0.,1.));
#3943 = ( GEOMETRIC_REPRESENTATION_CONTEXT(2) 
PARAMETRIC_REPRESENTATION_CONTEXT() REPRESENTATION_CONTEXT('2D SPACE',''
  ) );
#3944 = ORIENTED_EDGE('',*,*,#3945,.F.);
#3945 = EDGE_CURVE('',#3923,#3923,#3946,.T.);
#3946 = SURFACE_CURVE('',#3947,(#3952,#3959),.PCURVE_S1.);
#3947 = CIRCLE('',#3948,2.4);
#3948 = AXIS2_PLACEMENT_3D('',#3949,#3950,#3951);
#3949 = CARTESIAN_POINT('',(-18.5,-19.,5.7));
#3950 = DIRECTION('',(0.,0.,1.));
#3951 = DIRECTION('',(1.,0.,0.));
#3952 = PCURVE('',#3736,#3953);
#3953 = DEFINITIONAL_REPRESENTATION('',(#3954),#3958);
#3954 = LINE('',#3955,#3956);
#3955 = CARTESIAN_POINT('',(0.,3.5));
#3956 = VECTOR('',#3957,1.);
#3957 = DIRECTION('',(1.,0.));
#3958 = ( GEOMETRIC_REPRESENTATION_CONTEXT(2) 
PARAMETRIC_REPRESENTATION_CONTEXT() REPRESENTATION_CONTEXT('2D SPACE',''
  ) );
#3959 = PCURVE('',#3960,#3965);
#3960 = PLANE('',#3961);
#3961 = AXIS2_PLACEMENT_3D('',#3962,#3963,#3964);
#3962 = CARTESIAN_POINT('',(-18.5,-19.,5.7));
#3963 = DIRECTION('',(0.,0.,1.));
#3964 = DIRECTION('',(1.,0.,0.));
#3965 = DEFINITIONAL_REPRESENTATION('',(#3966),#3970);
#3966 = CIRCLE('',#3967,2.4);
#3967 = AXIS2_PLACEMENT_2D('',#3968,#3969);
#3968 = CARTESIAN_POINT('',(0.,0.));
#3969 = DIRECTION('',(1.,0.));
#3970 = ( GEOMETRIC_REPRESENTATION_CONTEXT(2) 
PARAMETRIC_REPRESENTATION_CONTEXT() REPRESENTATION_CONTEXT('2D SPACE',''
  ) );
#3971 = ORIENTED_EDGE('',*,*,#3922,.F.);
#3972 = ORIENTED_EDGE('',*,*,#3827,.T.);
#3973 = ORIENTED_EDGE('',*,*,#3780,.T.);
#3974 = ORIENTED_EDGE('',*,*,#3975,.T.);
#3975 = EDGE_CURVE('',#3748,#3722,#3976,.T.);
#3976 = SURFACE_CURVE('',#3977,(#3982,#3989),.PCURVE_S1.);
#3977 = CIRCLE('',#3978,2.4);
#3978 = AXIS2_PLACEMENT_3D('',#3979,#3980,#3981);
#3979 = CARTESIAN_POINT('',(-18.5,-19.,5.2));
#3980 = DIRECTION('',(0.,0.,1.));
#3981 = DIRECTION('',(1.,0.,-0.));
#3982 = PCURVE('',#3736,#3983);
#3983 = DEFINITIONAL_REPRESENTATION('',(#3984),#3988);
#3984 = LINE('',#3985,#3986);
#3985 = CARTESIAN_POINT('',(0.,3.));
#3986 = VECTOR('',#3987,1.);
#3987 = DIRECTION('',(1.,0.));
#3988 = ( GEOMETRIC_REPRESENTATION_CONTEXT(2) 
PARAMETRIC_REPRESENTATION_CONTEXT() REPRESENTATION_CONTEXT('2D SPACE',''
  ) );
#3989 = PCURVE('',#3764,#3990);
#3990 = DEFINITIONAL_REPRESENTATION('',(#3991),#3995);
#3991 = CIRCLE('',#3992,2.4);
#3992 = AXIS2_PLACEMENT_2D('',#3993,#3994);
#3993 = CARTESIAN_POINT('',(2.5,3.));
#3994 = DIRECTION('',(1.,0.));
#3995 = ( GEOMETRIC_REPRESENTATION_CONTEXT(2) 
PARAMETRIC_REPRESENTATION_CONTEXT() REPRESENTATION_CONTEXT('2D SPACE',''
  ) );
#3996 = ORIENTED_EDGE('',*,*,#3721,.F.);
#3997 = ORIENTED_EDGE('',*,*,#3803,.T.);
#3998 = ADVANCED_FACE('',(#3999,#4003),#3764,.T.);
#3999 = FACE_BOUND('',#4000,.T.);
#4000 = EDGE_LOOP('',(#4001,#4002));
#4001 = ORIENTED_EDGE('',*,*,#3975,.F.);
#4002 = ORIENTED_EDGE('',*,*,#3747,.F.);
#4003 = FACE_BOUND('',#4004,.T.);
#4004 = EDGE_LOOP('',(#4005));
#4005 = ORIENTED_EDGE('',*,*,#4006,.T.);
#4006 = EDGE_CURVE('',#4007,#4007,#4009,.T.);
#4007 = VERTEX_POINT('',#4008);
#4008 = CARTESIAN_POINT('',(-22.,-22.,5.2));
#4009 = SURFACE_CURVE('',#4010,(#4015,#4026),.PCURVE_S1.);
#4010 = CIRCLE('',#4011,1.);
#4011 = AXIS2_PLACEMENT_3D('',#4012,#4013,#4014);
#4012 = CARTESIAN_POINT('',(-21.,-22.,5.2));
#4013 = DIRECTION('',(0.,0.,-1.));
#4014 = DIRECTION('',(-1.,0.,0.));
#4015 = PCURVE('',#3764,#4016);
#4016 = DEFINITIONAL_REPRESENTATION('',(#4017),#4025);
#4017 = ( BOUNDED_CURVE() B_SPLINE_CURVE(2,(#4018,#4019,#4020,#4021,
#4022,#4023,#4024),.UNSPECIFIED.,.T.,.F.) B_SPLINE_CURVE_WITH_KNOTS((1,2
    ,2,2,2,1),(-2.094395102393,0.,2.094395102393,4.188790204786,
6.28318530718,8.377580409573),.UNSPECIFIED.) CURVE() 
GEOMETRIC_REPRESENTATION_ITEM() RATIONAL_B_SPLINE_CURVE((1.,0.5,1.,0.5,
1.,0.5,1.)) REPRESENTATION_ITEM('') );
#4018 = CARTESIAN_POINT('',(-1.,0.));
#4019 = CARTESIAN_POINT('',(-1.,1.732050807569));
#4020 = CARTESIAN_POINT('',(0.5,0.866025403784));
#4021 = CARTESIAN_POINT('',(2.,2.449293598295E-16));
#4022 = CARTESIAN_POINT('',(0.5,-0.866025403784));
#4023 = CARTESIAN_POINT('',(-1.,-1.732050807569));
#4024 = CARTESIAN_POINT('',(-1.,0.));
#4025 = ( GEOMETRIC_REPRESENTATION_CONTEXT(2) 
PARAMETRIC_REPRESENTATION_CONTEXT() REPRESENTATION_CONTEXT('2D SPACE',''
  ) );
#4026 = PCURVE('',#3872,#4027);
#4027 = DEFINITIONAL_REPRESENTATION('',(#4028),#4032);
#4028 = LINE('',#4029,#4030);
#4029 = CARTESIAN_POINT('',(0.,0.));
#4030 = VECTOR('',#4031,1.);
#4031 = DIRECTION('',(1.,0.));
#4032 = ( GEOMETRIC_REPRESENTATION_CONTEXT(2) 
PARAMETRIC_REPRESENTATION_CONTEXT() REPRESENTATION_CONTEXT('2D SPACE',''
  ) );
#4033 = ADVANCED_FACE('',(#4034),#3872,.F.);
#4034 = FACE_BOUND('',#4035,.F.);
#4035 = EDGE_LOOP('',(#4036,#4037,#4058,#4059));
#4036 = ORIENTED_EDGE('',*,*,#3851,.F.);
#4037 = ORIENTED_EDGE('',*,*,#4038,.F.);
#4038 = EDGE_CURVE('',#4007,#3852,#4039,.T.);
#4039 = SEAM_CURVE('',#4040,(#4044,#4051),.PCURVE_S1.);
#4040 = LINE('',#4041,#4042);
#4041 = CARTESIAN_POINT('',(-22.,-22.,5.2));
#4042 = VECTOR('',#4043,1.);
#4043 = DIRECTION('',(0.,0.,-1.));
#4044 = PCURVE('',#3872,#4045);
#4045 = DEFINITIONAL_REPRESENTATION('',(#4046),#4050);
#4046 = LINE('',#4047,#4048);
#4047 = CARTESIAN_POINT('',(6.28318530718,-0.));
#4048 = VECTOR('',#4049,1.);
#4049 = DIRECTION('',(0.,1.));
#4050 = ( GEOMETRIC_REPRESENTATION_CONTEXT(2) 
PARAMETRIC_REPRESENTATION_CONTEXT() REPRESENTATION_CONTEXT('2D SPACE',''
  ) );
#4051 = PCURVE('',#3872,#4052);
#4052 = DEFINITIONAL_REPRESENTATION('',(#4053),#4057);
#4053 = LINE('',#4054,#4055);
#4054 = CARTESIAN_POINT('',(0.,-0.));
#4055 = VECTOR('',#4056,1.);
#4056 = DIRECTION('',(0.,1.));
#4057 = ( GEOMETRIC_REPRESENTATION_CONTEXT(2) 
PARAMETRIC_REPRESENTATION_CONTEXT() REPRESENTATION_CONTEXT('2D SPACE',''
  ) );
#4058 = ORIENTED_EDGE('',*,*,#4006,.T.);
#4059 = ORIENTED_EDGE('',*,*,#4038,.T.);
#4060 = ADVANCED_FACE('',(#4061),#3907,.F.);
#4061 = FACE_BOUND('',#4062,.F.);
#4062 = EDGE_LOOP('',(#4063,#4064,#4087,#4113));
#4063 = ORIENTED_EDGE('',*,*,#3886,.F.);
#4064 = ORIENTED_EDGE('',*,*,#4065,.F.);
#4065 = EDGE_CURVE('',#4066,#3887,#4068,.T.);
#4066 = VERTEX_POINT('',#4067);
#4067 = CARTESIAN_POINT('',(-19.6,-19.,5.7));
#4068 = SEAM_CURVE('',#4069,(#4073,#4080),.PCURVE_S1.);
#4069 = LINE('',#4070,#4071);
#4070 = CARTESIAN_POINT('',(-19.6,-19.,6.7));
#4071 = VECTOR('',#4072,1.);
#4072 = DIRECTION('',(0.,0.,-1.));
#4073 = PCURVE('',#3907,#4074);
#4074 = DEFINITIONAL_REPRESENTATION('',(#4075),#4079);
#4075 = LINE('',#4076,#4077);
#4076 = CARTESIAN_POINT('',(6.28318530718,-0.));
#4077 = VECTOR('',#4078,1.);
#4078 = DIRECTION('',(0.,1.));
#4079 = ( GEOMETRIC_REPRESENTATION_CONTEXT(2) 
PARAMETRIC_REPRESENTATION_CONTEXT() REPRESENTATION_CONTEXT('2D SPACE',''
  ) );
#4080 = PCURVE('',#3907,#4081);
#4081 = DEFINITIONAL_REPRESENTATION('',(#4082),#4086);
#4082 = LINE('',#4083,#4084);
#4083 = CARTESIAN_POINT('',(0.,-0.));
#4084 = VECTOR('',#4085,1.);
#4085 = DIRECTION('',(0.,1.));
#4086 = ( GEOMETRIC_REPRESENTATION_CONTEXT(2) 
PARAMETRIC_REPRESENTATION_CONTEXT() REPRESENTATION_CONTEXT('2D SPACE',''
  ) );
#4087 = ORIENTED_EDGE('',*,*,#4088,.T.);
#4088 = EDGE_CURVE('',#4066,#4066,#4089,.T.);
#4089 = SURFACE_CURVE('',#4090,(#4095,#4102),.PCURVE_S1.);
#4090 = CIRCLE('',#4091,1.1);
#4091 = AXIS2_PLACEMENT_3D('',#4092,#4093,#4094);
#4092 = CARTESIAN_POINT('',(-18.5,-19.,5.7));
#4093 = DIRECTION('',(0.,0.,-1.));
#4094 = DIRECTION('',(-1.,0.,0.));
#4095 = PCURVE('',#3907,#4096);
#4096 = DEFINITIONAL_REPRESENTATION('',(#4097),#4101);
#4097 = LINE('',#4098,#4099);
#4098 = CARTESIAN_POINT('',(0.,1.));
#4099 = VECTOR('',#4100,1.);
#4100 = DIRECTION('',(1.,0.));
#4101 = ( GEOMETRIC_REPRESENTATION_CONTEXT(2) 
PARAMETRIC_REPRESENTATION_CONTEXT() REPRESENTATION_CONTEXT('2D SPACE',''
  ) );
#4102 = PCURVE('',#3960,#4103);
#4103 = DEFINITIONAL_REPRESENTATION('',(#4104),#4112);
#4104 = ( BOUNDED_CURVE() B_SPLINE_CURVE(2,(#4105,#4106,#4107,#4108,
#4109,#4110,#4111),.UNSPECIFIED.,.T.,.F.) B_SPLINE_CURVE_WITH_KNOTS((1,2
    ,2,2,2,1),(-2.094395102393,0.,2.094395102393,4.188790204786,
6.28318530718,8.377580409573),.UNSPECIFIED.) CURVE() 
GEOMETRIC_REPRESENTATION_ITEM() RATIONAL_B_SPLINE_CURVE((1.,0.5,1.,0.5,
1.,0.5,1.)) REPRESENTATION_ITEM('') );
#4105 = CARTESIAN_POINT('',(-1.1,0.));
#4106 = CARTESIAN_POINT('',(-1.1,1.905255888326));
#4107 = CARTESIAN_POINT('',(0.55,0.952627944163));
#4108 = CARTESIAN_POINT('',(2.2,2.694222958124E-16));
#4109 = CARTESIAN_POINT('',(0.55,-0.952627944163));
#4110 = CARTESIAN_POINT('',(-1.1,-1.905255888326));
#4111 = CARTESIAN_POINT('',(-1.1,0.));
#4112 = ( GEOMETRIC_REPRESENTATION_CONTEXT(2) 
PARAMETRIC_REPRESENTATION_CONTEXT() REPRESENTATION_CONTEXT('2D SPACE',''
  ) );
#4113 = ORIENTED_EDGE('',*,*,#4065,.T.);
#4114 = ADVANCED_FACE('',(#4115,#4118),#3960,.T.);
#4115 = FACE_BOUND('',#4116,.T.);
#4116 = EDGE_LOOP('',(#4117));
#4117 = ORIENTED_EDGE('',*,*,#3945,.T.);
#4118 = FACE_BOUND('',#4119,.T.);
#4119 = EDGE_LOOP('',(#4120));
#4120 = ORIENTED_EDGE('',*,*,#4088,.T.);
#4121 = MANIFOLD_SOLID_BREP('',#4122);
#4122 = CLOSED_SHELL('',(#4123,#4240,#4360,#4440,#4475,#4502,#4556));
#4123 = ADVANCED_FACE('',(#4124),#4139,.T.);
#4124 = FACE_BOUND('',#4125,.T.);
#4125 = EDGE_LOOP('',(#4126,#4162,#4188,#4221));
#4126 = ORIENTED_EDGE('',*,*,#4127,.T.);
#4127 = EDGE_CURVE('',#4128,#4130,#4132,.T.);
#4128 = VERTEX_POINT('',#4129);
#4129 = CARTESIAN_POINT('',(-41.10715656157,-21.36763046797,2.2));
#4130 = VERTEX_POINT('',#4131);
#4131 = CARTESIAN_POINT('',(-39.24202376629,-19.81335313858,2.2));
#4132 = SURFACE_CURVE('',#4133,(#4138,#4150),.PCURVE_S1.);
#4133 = CIRCLE('',#4134,2.2);
#4134 = AXIS2_PLACEMENT_3D('',#4135,#4136,#4137);
#4135 = CARTESIAN_POINT('',(-39.,-22.,2.2));
#4136 = DIRECTION('',(0.,0.,1.));
#4137 = DIRECTION('',(-0.957798437077,0.287440696375,0.));
#4138 = PCURVE('',#4139,#4144);
#4139 = CYLINDRICAL_SURFACE('',#4140,2.2);
#4140 = AXIS2_PLACEMENT_3D('',#4141,#4142,#4143);
#4141 = CARTESIAN_POINT('',(-39.,-22.,2.2));
#4142 = DIRECTION('',(0.,0.,1.));
#4143 = DIRECTION('',(1.,0.,0.));
#4144 = DEFINITIONAL_REPRESENTATION('',(#4145),#4149);
#4145 = LINE('',#4146,#4147);
#4146 = CARTESIAN_POINT('',(2.850038960374,0.));
#4147 = VECTOR('',#4148,1.);
#4148 = DIRECTION('',(1.,0.));
#4149 = ( GEOMETRIC_REPRESENTATION_CONTEXT(2) 
PARAMETRIC_REPRESENTATION_CONTEXT() REPRESENTATION_CONTEXT('2D SPACE',''
  ) );
#4150 = PCURVE('',#4151,#4156);
#4151 = PLANE('',#4152);
#4152 = AXIS2_PLACEMENT_3D('',#4153,#4154,#4155);
#4153 = CARTESIAN_POINT('',(-39.,-22.,2.2));
#4154 = DIRECTION('',(0.,0.,1.));
#4155 = DIRECTION('',(1.,0.,0.));
#4156 = DEFINITIONAL_REPRESENTATION('',(#4157),#4161);
#4157 = CIRCLE('',#4158,2.2);
#4158 = AXIS2_PLACEMENT_2D('',#4159,#4160);
#4159 = CARTESIAN_POINT('',(0.,0.));
#4160 = DIRECTION('',(-0.957798437077,0.287440696375));
#4161 = ( GEOMETRIC_REPRESENTATION_CONTEXT(2) 
PARAMETRIC_REPRESENTATION_CONTEXT() REPRESENTATION_CONTEXT('2D SPACE',''
  ) );
#4162 = ORIENTED_EDGE('',*,*,#4163,.T.);
#4163 = EDGE_CURVE('',#4130,#4164,#4166,.T.);
#4164 = VERTEX_POINT('',#4165);
#4165 = CARTESIAN_POINT('',(-39.24202376629,-19.81335313858,5.2));
#4166 = SURFACE_CURVE('',#4167,(#4171,#4177),.PCURVE_S1.);
#4167 = LINE('',#4168,#4169);
#4168 = CARTESIAN_POINT('',(-39.24202376629,-19.81335313858,2.2));
#4169 = VECTOR('',#4170,1.);
#4170 = DIRECTION('',(0.,0.,1.));
#4171 = PCURVE('',#4139,#4172);
#4172 = DEFINITIONAL_REPRESENTATION('',(#4173),#4176);
#4173 = B_SPLINE_CURVE_WITH_KNOTS('',1,(#4174,#4175),.UNSPECIFIED.,.F.,
  .F.,(2,2),(0.,3.),.PIECEWISE_BEZIER_KNOTS.);
#4174 = CARTESIAN_POINT('',(7.964215552789,0.));
#4175 = CARTESIAN_POINT('',(7.964215552789,3.));
#4176 = ( GEOMETRIC_REPRESENTATION_CONTEXT(2) 
PARAMETRIC_REPRESENTATION_CONTEXT() REPRESENTATION_CONTEXT('2D SPACE',''
  ) );
#4177 = PCURVE('',#4178,#4183);
#4178 = CYLINDRICAL_SURFACE('',#4179,2.4);
#4179 = AXIS2_PLACEMENT_3D('',#4180,#4181,#4182);
#4180 = CARTESIAN_POINT('',(-41.5,-19.,2.2));
#4181 = DIRECTION('',(0.,0.,1.));
#4182 = DIRECTION('',(1.,0.,0.));
#4183 = DEFINITIONAL_REPRESENTATION('',(#4184),#4187);
#4184 = B_SPLINE_CURVE_WITH_KNOTS('',1,(#4185,#4186),.UNSPECIFIED.,.F.,
  .F.,(2,2),(-5.999999999062E-07,3.0000006),.PIECEWISE_BEZIER_KNOTS.);
#4185 = CARTESIAN_POINT('',(5.937440884828,-5.999999999062E-07));
#4186 = CARTESIAN_POINT('',(5.937440884828,3.0000006));
#4187 = ( GEOMETRIC_REPRESENTATION_CONTEXT(2) 
PARAMETRIC_REPRESENTATION_CONTEXT() REPRESENTATION_CONTEXT('2D SPACE',''
  ) );
#4188 = ORIENTED_EDGE('',*,*,#4189,.T.);
#4189 = EDGE_CURVE('',#4164,#4190,#4192,.T.);
#4190 = VERTEX_POINT('',#4191);
#4191 = CARTESIAN_POINT('',(-41.10715656157,-21.36763046797,5.2));
#4192 = SURFACE_CURVE('',#4193,(#4198,#4205),.PCURVE_S1.);
#4193 = CIRCLE('',#4194,2.2);
#4194 = AXIS2_PLACEMENT_3D('',#4195,#4196,#4197);
#4195 = CARTESIAN_POINT('',(-39.,-22.,5.2));
#4196 = DIRECTION('',(0.,0.,-1.));
#4197 = DIRECTION('',(-0.110010802863,0.993930391553,0.));
#4198 = PCURVE('',#4139,#4199);
#4199 = DEFINITIONAL_REPRESENTATION('',(#4200),#4204);
#4200 = LINE('',#4201,#4202);
#4201 = CARTESIAN_POINT('',(7.964215552789,3.));
#4202 = VECTOR('',#4203,1.);
#4203 = DIRECTION('',(-1.,-0.));
#4204 = ( GEOMETRIC_REPRESENTATION_CONTEXT(2) 
PARAMETRIC_REPRESENTATION_CONTEXT() REPRESENTATION_CONTEXT('2D SPACE',''
  ) );
#4205 = PCURVE('',#4206,#4211);
#4206 = PLANE('',#4207);
#4207 = AXIS2_PLACEMENT_3D('',#4208,#4209,#4210);
#4208 = CARTESIAN_POINT('',(-39.,-22.,5.2));
#4209 = DIRECTION('',(0.,0.,1.));
#4210 = DIRECTION('',(1.,0.,0.));
#4211 = DEFINITIONAL_REPRESENTATION('',(#4212),#4220);
#4212 = ( BOUNDED_CURVE() B_SPLINE_CURVE(2,(#4213,#4214,#4215,#4216,
#4217,#4218,#4219),.UNSPECIFIED.,.T.,.F.) B_SPLINE_CURVE_WITH_KNOTS((1,2
    ,2,2,2,1),(-2.094395102393,0.,2.094395102393,4.188790204786,
6.28318530718,8.377580409573),.UNSPECIFIED.) CURVE() 
GEOMETRIC_REPRESENTATION_ITEM() RATIONAL_B_SPLINE_CURVE((1.,0.5,1.,0.5,
1.,0.5,1.)) REPRESENTATION_ITEM('') );
#4213 = CARTESIAN_POINT('',(-0.242023766299,2.186646861417));
#4214 = CARTESIAN_POINT('',(3.545359695887,2.605844321287));
#4215 = CARTESIAN_POINT('',(2.014703614243,-0.883724700774));
#4216 = CARTESIAN_POINT('',(0.484047532598,-4.373293722835));
#4217 = CARTESIAN_POINT('',(-1.772679847943,-1.302922160643));
#4218 = CARTESIAN_POINT('',(-4.029407228485,1.767449401548));
#4219 = CARTESIAN_POINT('',(-0.242023766299,2.186646861417));
#4220 = ( GEOMETRIC_REPRESENTATION_CONTEXT(2) 
PARAMETRIC_REPRESENTATION_CONTEXT() REPRESENTATION_CONTEXT('2D SPACE',''
  ) );
#4221 = ORIENTED_EDGE('',*,*,#4222,.F.);
#4222 = EDGE_CURVE('',#4128,#4190,#4223,.T.);
#4223 = SURFACE_CURVE('',#4224,(#4228,#4234),.PCURVE_S1.);
#4224 = LINE('',#4225,#4226);
#4225 = CARTESIAN_POINT('',(-41.10715656157,-21.36763046797,2.2));
#4226 = VECTOR('',#4227,1.);
#4227 = DIRECTION('',(0.,0.,1.));
#4228 = PCURVE('',#4139,#4229);
#4229 = DEFINITIONAL_REPRESENTATION('',(#4230),#4233);
#4230 = B_SPLINE_CURVE_WITH_KNOTS('',1,(#4231,#4232),.UNSPECIFIED.,.F.,
  .F.,(2,2),(0.,3.),.PIECEWISE_BEZIER_KNOTS.);
#4231 = CARTESIAN_POINT('',(2.850038960374,0.));
#4232 = CARTESIAN_POINT('',(2.850038960374,3.));
#4233 = ( GEOMETRIC_REPRESENTATION_CONTEXT(2) 
PARAMETRIC_REPRESENTATION_CONTEXT() REPRESENTATION_CONTEXT('2D SPACE',''
  ) );
#4234 = PCURVE('',#4178,#4235);
#4235 = DEFINITIONAL_REPRESENTATION('',(#4236),#4239);
#4236 = B_SPLINE_CURVE_WITH_KNOTS('',1,(#4237,#4238),.UNSPECIFIED.,.F.,
  .F.,(2,2),(-5.999999999062E-07,3.0000006),.PIECEWISE_BEZIER_KNOTS.);
#4237 = CARTESIAN_POINT('',(4.876813628335,-5.999999999062E-07));
#4238 = CARTESIAN_POINT('',(4.876813628335,3.0000006));
#4239 = ( GEOMETRIC_REPRESENTATION_CONTEXT(2) 
PARAMETRIC_REPRESENTATION_CONTEXT() REPRESENTATION_CONTEXT('2D SPACE',''
  ) );
#4240 = ADVANCED_FACE('',(#4241,#4290,#4325),#4151,.F.);
#4241 = FACE_BOUND('',#4242,.F.);
#4242 = EDGE_LOOP('',(#4243,#4244,#4268));
#4243 = ORIENTED_EDGE('',*,*,#4127,.T.);
#4244 = ORIENTED_EDGE('',*,*,#4245,.T.);
#4245 = EDGE_CURVE('',#4130,#4246,#4248,.T.);
#4246 = VERTEX_POINT('',#4247);
#4247 = CARTESIAN_POINT('',(-39.1,-19.,2.2));
#4248 = SURFACE_CURVE('',#4249,(#4254,#4261),.PCURVE_S1.);
#4249 = CIRCLE('',#4250,2.4);
#4250 = AXIS2_PLACEMENT_3D('',#4251,#4252,#4253);
#4251 = CARTESIAN_POINT('',(-41.5,-19.,2.2));
#4252 = DIRECTION('',(0.,0.,1.));
#4253 = DIRECTION('',(1.,0.,0.));
#4254 = PCURVE('',#4151,#4255);
#4255 = DEFINITIONAL_REPRESENTATION('',(#4256),#4260);
#4256 = CIRCLE('',#4257,2.4);
#4257 = AXIS2_PLACEMENT_2D('',#4258,#4259);
#4258 = CARTESIAN_POINT('',(-2.5,3.));
#4259 = DIRECTION('',(1.,0.));
#4260 = ( GEOMETRIC_REPRESENTATION_CONTEXT(2) 
PARAMETRIC_REPRESENTATION_CONTEXT() REPRESENTATION_CONTEXT('2D SPACE',''
  ) );
#4261 = PCURVE('',#4178,#4262);
#4262 = DEFINITIONAL_REPRESENTATION('',(#4263),#4267);
#4263 = LINE('',#4264,#4265);
#4264 = CARTESIAN_POINT('',(0.,0.));
#4265 = VECTOR('',#4266,1.);
#4266 = DIRECTION('',(1.,0.));
#4267 = ( GEOMETRIC_REPRESENTATION_CONTEXT(2) 
PARAMETRIC_REPRESENTATION_CONTEXT() REPRESENTATION_CONTEXT('2D SPACE',''
  ) );
#4268 = ORIENTED_EDGE('',*,*,#4269,.T.);
#4269 = EDGE_CURVE('',#4246,#4128,#4270,.T.);
#4270 = SURFACE_CURVE('',#4271,(#4276,#4283),.PCURVE_S1.);
#4271 = CIRCLE('',#4272,2.4);
#4272 = AXIS2_PLACEMENT_3D('',#4273,#4274,#4275);
#4273 = CARTESIAN_POINT('',(-41.5,-19.,2.2));
#4274 = DIRECTION('',(0.,0.,1.));
#4275 = DIRECTION('',(1.,0.,0.));
#4276 = PCURVE('',#4151,#4277);
#4277 = DEFINITIONAL_REPRESENTATION('',(#4278),#4282);
#4278 = CIRCLE('',#4279,2.4);
#4279 = AXIS2_PLACEMENT_2D('',#4280,#4281);
#4280 = CARTESIAN_POINT('',(-2.5,3.));
#4281 = DIRECTION('',(1.,0.));
#4282 = ( GEOMETRIC_REPRESENTATION_CONTEXT(2) 
PARAMETRIC_REPRESENTATION_CONTEXT() REPRESENTATION_CONTEXT('2D SPACE',''
  ) );
#4283 = PCURVE('',#4178,#4284);
#4284 = DEFINITIONAL_REPRESENTATION('',(#4285),#4289);
#4285 = LINE('',#4286,#4287);
#4286 = CARTESIAN_POINT('',(0.,0.));
#4287 = VECTOR('',#4288,1.);
#4288 = DIRECTION('',(1.,0.));
#4289 = ( GEOMETRIC_REPRESENTATION_CONTEXT(2) 
PARAMETRIC_REPRESENTATION_CONTEXT() REPRESENTATION_CONTEXT('2D SPACE',''
  ) );
#4290 = FACE_BOUND('',#4291,.F.);
#4291 = EDGE_LOOP('',(#4292));
#4292 = ORIENTED_EDGE('',*,*,#4293,.T.);
#4293 = EDGE_CURVE('',#4294,#4294,#4296,.T.);
#4294 = VERTEX_POINT('',#4295);
#4295 = CARTESIAN_POINT('',(-40.,-22.,2.2));
#4296 = SURFACE_CURVE('',#4297,(#4302,#4313),.PCURVE_S1.);
#4297 = CIRCLE('',#4298,1.);
#4298 = AXIS2_PLACEMENT_3D('',#4299,#4300,#4301);
#4299 = CARTESIAN_POINT('',(-39.,-22.,2.2));
#4300 = DIRECTION('',(0.,0.,-1.));
#4301 = DIRECTION('',(-1.,0.,0.));
#4302 = PCURVE('',#4151,#4303);
#4303 = DEFINITIONAL_REPRESENTATION('',(#4304),#4312);
#4304 = ( BOUNDED_CURVE() B_SPLINE_CURVE(2,(#4305,#4306,#4307,#4308,
#4309,#4310,#4311),.UNSPECIFIED.,.T.,.F.) B_SPLINE_CURVE_WITH_KNOTS((1,2
    ,2,2,2,1),(-2.094395102393,0.,2.094395102393,4.188790204786,
6.28318530718,8.377580409573),.UNSPECIFIED.) CURVE() 
GEOMETRIC_REPRESENTATION_ITEM() RATIONAL_B_SPLINE_CURVE((1.,0.5,1.,0.5,
1.,0.5,1.)) REPRESENTATION_ITEM('') );
#4305 = CARTESIAN_POINT('',(-1.,0.));
#4306 = CARTESIAN_POINT('',(-1.,1.732050807569));
#4307 = CARTESIAN_POINT('',(0.5,0.866025403784));
#4308 = CARTESIAN_POINT('',(2.,2.449293598295E-16));
#4309 = CARTESIAN_POINT('',(0.5,-0.866025403784));
#4310 = CARTESIAN_POINT('',(-1.,-1.732050807569));
#4311 = CARTESIAN_POINT('',(-1.,0.));
#4312 = ( GEOMETRIC_REPRESENTATION_CONTEXT(2) 
PARAMETRIC_REPRESENTATION_CONTEXT() REPRESENTATION_CONTEXT('2D SPACE',''
  ) );
#4313 = PCURVE('',#4314,#4319);
#4314 = CYLINDRICAL_SURFACE('',#4315,1.);
#4315 = AXIS2_PLACEMENT_3D('',#4316,#4317,#4318);
#4316 = CARTESIAN_POINT('',(-39.,-22.,5.2));
#4317 = DIRECTION('',(0.,0.,-1.));
#4318 = DIRECTION('',(-1.,0.,0.));
#4319 = DEFINITIONAL_REPRESENTATION('',(#4320),#4324);
#4320 = LINE('',#4321,#4322);
#4321 = CARTESIAN_POINT('',(0.,3.));
#4322 = VECTOR('',#4323,1.);
#4323 = DIRECTION('',(1.,0.));
#4324 = ( GEOMETRIC_REPRESENTATION_CONTEXT(2) 
PARAMETRIC_REPRESENTATION_CONTEXT() REPRESENTATION_CONTEXT('2D SPACE',''
  ) );
#4325 = FACE_BOUND('',#4326,.F.);
#4326 = EDGE_LOOP('',(#4327));
#4327 = ORIENTED_EDGE('',*,*,#4328,.T.);
#4328 = EDGE_CURVE('',#4329,#4329,#4331,.T.);
#4329 = VERTEX_POINT('',#4330);
#4330 = CARTESIAN_POINT('',(-42.6,-19.,2.2));
#4331 = SURFACE_CURVE('',#4332,(#4337,#4348),.PCURVE_S1.);
#4332 = CIRCLE('',#4333,1.1);
#4333 = AXIS2_PLACEMENT_3D('',#4334,#4335,#4336);
#4334 = CARTESIAN_POINT('',(-41.5,-19.,2.2));
#4335 = DIRECTION('',(0.,0.,-1.));
#4336 = DIRECTION('',(-1.,0.,0.));
#4337 = PCURVE('',#4151,#4338);
#4338 = DEFINITIONAL_REPRESENTATION('',(#4339),#4347);
#4339 = ( BOUNDED_CURVE() B_SPLINE_CURVE(2,(#4340,#4341,#4342,#4343,
#4344,#4345,#4346),.UNSPECIFIED.,.T.,.F.) B_SPLINE_CURVE_WITH_KNOTS((1,2
    ,2,2,2,1),(-2.094395102393,0.,2.094395102393,4.188790204786,
6.28318530718,8.377580409573),.UNSPECIFIED.) CURVE() 
GEOMETRIC_REPRESENTATION_ITEM() RATIONAL_B_SPLINE_CURVE((1.,0.5,1.,0.5,
1.,0.5,1.)) REPRESENTATION_ITEM('') );
#4340 = CARTESIAN_POINT('',(-3.6,3.));
#4341 = CARTESIAN_POINT('',(-3.6,4.905255888326));
#4342 = CARTESIAN_POINT('',(-1.95,3.952627944163));
#4343 = CARTESIAN_POINT('',(-0.3,3.));
#4344 = CARTESIAN_POINT('',(-1.95,2.047372055837));
#4345 = CARTESIAN_POINT('',(-3.6,1.094744111674));
#4346 = CARTESIAN_POINT('',(-3.6,3.));
#4347 = ( GEOMETRIC_REPRESENTATION_CONTEXT(2) 
PARAMETRIC_REPRESENTATION_CONTEXT() REPRESENTATION_CONTEXT('2D SPACE',''
  ) );
#4348 = PCURVE('',#4349,#4354);
#4349 = CYLINDRICAL_SURFACE('',#4350,1.1);
#4350 = AXIS2_PLACEMENT_3D('',#4351,#4352,#4353);
#4351 = CARTESIAN_POINT('',(-41.5,-19.,6.7));
#4352 = DIRECTION('',(0.,0.,-1.));
#4353 = DIRECTION('',(-1.,0.,0.));
#4354 = DEFINITIONAL_REPRESENTATION('',(#4355),#4359);
#4355 = LINE('',#4356,#4357);
#4356 = CARTESIAN_POINT('',(0.,4.5));
#4357 = VECTOR('',#4358,1.);
#4358 = DIRECTION('',(1.,0.));
#4359 = ( GEOMETRIC_REPRESENTATION_CONTEXT(2) 
PARAMETRIC_REPRESENTATION_CONTEXT() REPRESENTATION_CONTEXT('2D SPACE',''
  ) );
#4360 = ADVANCED_FACE('',(#4361),#4178,.T.);
#4361 = FACE_BOUND('',#4362,.T.);
#4362 = EDGE_LOOP('',(#4363,#4386,#4413,#4414,#4415,#4416,#4438,#4439));
#4363 = ORIENTED_EDGE('',*,*,#4364,.T.);
#4364 = EDGE_CURVE('',#4246,#4365,#4367,.T.);
#4365 = VERTEX_POINT('',#4366);
#4366 = CARTESIAN_POINT('',(-39.1,-19.,5.7));
#4367 = SEAM_CURVE('',#4368,(#4372,#4379),.PCURVE_S1.);
#4368 = LINE('',#4369,#4370);
#4369 = CARTESIAN_POINT('',(-39.1,-19.,2.2));
#4370 = VECTOR('',#4371,1.);
#4371 = DIRECTION('',(0.,0.,1.));
#4372 = PCURVE('',#4178,#4373);
#4373 = DEFINITIONAL_REPRESENTATION('',(#4374),#4378);
#4374 = LINE('',#4375,#4376);
#4375 = CARTESIAN_POINT('',(6.28318530718,-0.));
#4376 = VECTOR('',#4377,1.);
#4377 = DIRECTION('',(0.,1.));
#4378 = ( GEOMETRIC_REPRESENTATION_CONTEXT(2) 
PARAMETRIC_REPRESENTATION_CONTEXT() REPRESENTATION_CONTEXT('2D SPACE',''
  ) );
#4379 = PCURVE('',#4178,#4380);
#4380 = DEFINITIONAL_REPRESENTATION('',(#4381),#4385);
#4381 = LINE('',#4382,#4383);
#4382 = CARTESIAN_POINT('',(0.,-0.));
#4383 = VECTOR('',#4384,1.);
#4384 = DIRECTION('',(0.,1.));
#4385 = ( GEOMETRIC_REPRESENTATION_CONTEXT(2) 
PARAMETRIC_REPRESENTATION_CONTEXT() REPRESENTATION_CONTEXT('2D SPACE',''
  ) );
#4386 = ORIENTED_EDGE('',*,*,#4387,.F.);
#4387 = EDGE_CURVE('',#4365,#4365,#4388,.T.);
#4388 = SURFACE_CURVE('',#4389,(#4394,#4401),.PCURVE_S1.);
#4389 = CIRCLE('',#4390,2.4);
#4390 = AXIS2_PLACEMENT_3D('',#4391,#4392,#4393);
#4391 = CARTESIAN_POINT('',(-41.5,-19.,5.7));
#4392 = DIRECTION('',(0.,0.,1.));
#4393 = DIRECTION('',(1.,0.,0.));
#4394 = PCURVE('',#4178,#4395);
#4395 = DEFINITIONAL_REPRESENTATION('',(#4396),#4400);
#4396 = LINE('',#4397,#4398);
#4397 = CARTESIAN_POINT('',(0.,3.5));
#4398 = VECTOR('',#4399,1.);
#4399 = DIRECTION('',(1.,0.));
#4400 = ( GEOMETRIC_REPRESENTATION_CONTEXT(2) 
PARAMETRIC_REPRESENTATION_CONTEXT() REPRESENTATION_CONTEXT('2D SPACE',''
  ) );
#4401 = PCURVE('',#4402,#4407);
#4402 = PLANE('',#4403);
#4403 = AXIS2_PLACEMENT_3D('',#4404,#4405,#4406);
#4404 = CARTESIAN_POINT('',(-41.5,-19.,5.7));
#4405 = DIRECTION('',(0.,0.,1.));
#4406 = DIRECTION('',(1.,0.,0.));
#4407 = DEFINITIONAL_REPRESENTATION('',(#4408),#4412);
#4408 = CIRCLE('',#4409,2.4);
#4409 = AXIS2_PLACEMENT_2D('',#4410,#4411);
#4410 = CARTESIAN_POINT('',(0.,0.));
#4411 = DIRECTION('',(1.,0.));
#4412 = ( GEOMETRIC_REPRESENTATION_CONTEXT(2) 
PARAMETRIC_REPRESENTATION_CONTEXT() REPRESENTATION_CONTEXT('2D SPACE',''
  ) );
#4413 = ORIENTED_EDGE('',*,*,#4364,.F.);
#4414 = ORIENTED_EDGE('',*,*,#4269,.T.);
#4415 = ORIENTED_EDGE('',*,*,#4222,.T.);
#4416 = ORIENTED_EDGE('',*,*,#4417,.T.);
#4417 = EDGE_CURVE('',#4190,#4164,#4418,.T.);
#4418 = SURFACE_CURVE('',#4419,(#4424,#4431),.PCURVE_S1.);
#4419 = CIRCLE('',#4420,2.4);
#4420 = AXIS2_PLACEMENT_3D('',#4421,#4422,#4423);
#4421 = CARTESIAN_POINT('',(-41.5,-19.,5.2));
#4422 = DIRECTION('',(0.,0.,1.));
#4423 = DIRECTION('',(1.,0.,-0.));
#4424 = PCURVE('',#4178,#4425);
#4425 = DEFINITIONAL_REPRESENTATION('',(#4426),#4430);
#4426 = LINE('',#4427,#4428);
#4427 = CARTESIAN_POINT('',(0.,3.));
#4428 = VECTOR('',#4429,1.);
#4429 = DIRECTION('',(1.,0.));
#4430 = ( GEOMETRIC_REPRESENTATION_CONTEXT(2) 
PARAMETRIC_REPRESENTATION_CONTEXT() REPRESENTATION_CONTEXT('2D SPACE',''
  ) );
#4431 = PCURVE('',#4206,#4432);
#4432 = DEFINITIONAL_REPRESENTATION('',(#4433),#4437);
#4433 = CIRCLE('',#4434,2.4);
#4434 = AXIS2_PLACEMENT_2D('',#4435,#4436);
#4435 = CARTESIAN_POINT('',(-2.5,3.));
#4436 = DIRECTION('',(1.,0.));
#4437 = ( GEOMETRIC_REPRESENTATION_CONTEXT(2) 
PARAMETRIC_REPRESENTATION_CONTEXT() REPRESENTATION_CONTEXT('2D SPACE',''
  ) );
#4438 = ORIENTED_EDGE('',*,*,#4163,.F.);
#4439 = ORIENTED_EDGE('',*,*,#4245,.T.);
#4440 = ADVANCED_FACE('',(#4441,#4445),#4206,.T.);
#4441 = FACE_BOUND('',#4442,.T.);
#4442 = EDGE_LOOP('',(#4443,#4444));
#4443 = ORIENTED_EDGE('',*,*,#4417,.F.);
#4444 = ORIENTED_EDGE('',*,*,#4189,.F.);
#4445 = FACE_BOUND('',#4446,.T.);
#4446 = EDGE_LOOP('',(#4447));
#4447 = ORIENTED_EDGE('',*,*,#4448,.T.);
#4448 = EDGE_CURVE('',#4449,#4449,#4451,.T.);
#4449 = VERTEX_POINT('',#4450);
#4450 = CARTESIAN_POINT('',(-40.,-22.,5.2));
#4451 = SURFACE_CURVE('',#4452,(#4457,#4468),.PCURVE_S1.);
#4452 = CIRCLE('',#4453,1.);
#4453 = AXIS2_PLACEMENT_3D('',#4454,#4455,#4456);
#4454 = CARTESIAN_POINT('',(-39.,-22.,5.2));
#4455 = DIRECTION('',(0.,0.,-1.));
#4456 = DIRECTION('',(-1.,0.,0.));
#4457 = PCURVE('',#4206,#4458);
#4458 = DEFINITIONAL_REPRESENTATION('',(#4459),#4467);
#4459 = ( BOUNDED_CURVE() B_SPLINE_CURVE(2,(#4460,#4461,#4462,#4463,
#4464,#4465,#4466),.UNSPECIFIED.,.T.,.F.) B_SPLINE_CURVE_WITH_KNOTS((1,2
    ,2,2,2,1),(-2.094395102393,0.,2.094395102393,4.188790204786,
6.28318530718,8.377580409573),.UNSPECIFIED.) CURVE() 
GEOMETRIC_REPRESENTATION_ITEM() RATIONAL_B_SPLINE_CURVE((1.,0.5,1.,0.5,
1.,0.5,1.)) REPRESENTATION_ITEM('') );
#4460 = CARTESIAN_POINT('',(-1.,0.));
#4461 = CARTESIAN_POINT('',(-1.,1.732050807569));
#4462 = CARTESIAN_POINT('',(0.5,0.866025403784));
#4463 = CARTESIAN_POINT('',(2.,2.449293598295E-16));
#4464 = CARTESIAN_POINT('',(0.5,-0.866025403784));
#4465 = CARTESIAN_POINT('',(-1.,-1.732050807569));
#4466 = CARTESIAN_POINT('',(-1.,0.));
#4467 = ( GEOMETRIC_REPRESENTATION_CONTEXT(2) 
PARAMETRIC_REPRESENTATION_CONTEXT() REPRESENTATION_CONTEXT('2D SPACE',''
  ) );
#4468 = PCURVE('',#4314,#4469);
#4469 = DEFINITIONAL_REPRESENTATION('',(#4470),#4474);
#4470 = LINE('',#4471,#4472);
#4471 = CARTESIAN_POINT('',(0.,0.));
#4472 = VECTOR('',#4473,1.);
#4473 = DIRECTION('',(1.,0.));
#4474 = ( GEOMETRIC_REPRESENTATION_CONTEXT(2) 
PARAMETRIC_REPRESENTATION_CONTEXT() REPRESENTATION_CONTEXT('2D SPACE',''
  ) );
#4475 = ADVANCED_FACE('',(#4476),#4314,.F.);
#4476 = FACE_BOUND('',#4477,.F.);
#4477 = EDGE_LOOP('',(#4478,#4479,#4500,#4501));
#4478 = ORIENTED_EDGE('',*,*,#4293,.F.);
#4479 = ORIENTED_EDGE('',*,*,#4480,.F.);
#4480 = EDGE_CURVE('',#4449,#4294,#4481,.T.);
#4481 = SEAM_CURVE('',#4482,(#4486,#4493),.PCURVE_S1.);
#4482 = LINE('',#4483,#4484);
#4483 = CARTESIAN_POINT('',(-40.,-22.,5.2));
#4484 = VECTOR('',#4485,1.);
#4485 = DIRECTION('',(0.,0.,-1.));
#4486 = PCURVE('',#4314,#4487);
#4487 = DEFINITIONAL_REPRESENTATION('',(#4488),#4492);
#4488 = LINE('',#4489,#4490);
#4489 = CARTESIAN_POINT('',(6.28318530718,-0.));
#4490 = VECTOR('',#4491,1.);
#4491 = DIRECTION('',(0.,1.));
#4492 = ( GEOMETRIC_REPRESENTATION_CONTEXT(2) 
PARAMETRIC_REPRESENTATION_CONTEXT() REPRESENTATION_CONTEXT('2D SPACE',''
  ) );
#4493 = PCURVE('',#4314,#4494);
#4494 = DEFINITIONAL_REPRESENTATION('',(#4495),#4499);
#4495 = LINE('',#4496,#4497);
#4496 = CARTESIAN_POINT('',(0.,-0.));
#4497 = VECTOR('',#4498,1.);
#4498 = DIRECTION('',(0.,1.));
#4499 = ( GEOMETRIC_REPRESENTATION_CONTEXT(2) 
PARAMETRIC_REPRESENTATION_CONTEXT() REPRESENTATION_CONTEXT('2D SPACE',''
  ) );
#4500 = ORIENTED_EDGE('',*,*,#4448,.T.);
#4501 = ORIENTED_EDGE('',*,*,#4480,.T.);
#4502 = ADVANCED_FACE('',(#4503),#4349,.F.);
#4503 = FACE_BOUND('',#4504,.F.);
#4504 = EDGE_LOOP('',(#4505,#4506,#4529,#4555));
#4505 = ORIENTED_EDGE('',*,*,#4328,.F.);
#4506 = ORIENTED_EDGE('',*,*,#4507,.F.);
#4507 = EDGE_CURVE('',#4508,#4329,#4510,.T.);
#4508 = VERTEX_POINT('',#4509);
#4509 = CARTESIAN_POINT('',(-42.6,-19.,5.7));
#4510 = SEAM_CURVE('',#4511,(#4515,#4522),.PCURVE_S1.);
#4511 = LINE('',#4512,#4513);
#4512 = CARTESIAN_POINT('',(-42.6,-19.,6.7));
#4513 = VECTOR('',#4514,1.);
#4514 = DIRECTION('',(0.,0.,-1.));
#4515 = PCURVE('',#4349,#4516);
#4516 = DEFINITIONAL_REPRESENTATION('',(#4517),#4521);
#4517 = LINE('',#4518,#4519);
#4518 = CARTESIAN_POINT('',(6.28318530718,-0.));
#4519 = VECTOR('',#4520,1.);
#4520 = DIRECTION('',(0.,1.));
#4521 = ( GEOMETRIC_REPRESENTATION_CONTEXT(2) 
PARAMETRIC_REPRESENTATION_CONTEXT() REPRESENTATION_CONTEXT('2D SPACE',''
  ) );
#4522 = PCURVE('',#4349,#4523);
#4523 = DEFINITIONAL_REPRESENTATION('',(#4524),#4528);
#4524 = LINE('',#4525,#4526);
#4525 = CARTESIAN_POINT('',(0.,-0.));
#4526 = VECTOR('',#4527,1.);
#4527 = DIRECTION('',(0.,1.));
#4528 = ( GEOMETRIC_REPRESENTATION_CONTEXT(2) 
PARAMETRIC_REPRESENTATION_CONTEXT() REPRESENTATION_CONTEXT('2D SPACE',''
  ) );
#4529 = ORIENTED_EDGE('',*,*,#4530,.T.);
#4530 = EDGE_CURVE('',#4508,#4508,#4531,.T.);
#4531 = SURFACE_CURVE('',#4532,(#4537,#4544),.PCURVE_S1.);
#4532 = CIRCLE('',#4533,1.1);
#4533 = AXIS2_PLACEMENT_3D('',#4534,#4535,#4536);
#4534 = CARTESIAN_POINT('',(-41.5,-19.,5.7));
#4535 = DIRECTION('',(0.,0.,-1.));
#4536 = DIRECTION('',(-1.,0.,0.));
#4537 = PCURVE('',#4349,#4538);
#4538 = DEFINITIONAL_REPRESENTATION('',(#4539),#4543);
#4539 = LINE('',#4540,#4541);
#4540 = CARTESIAN_POINT('',(0.,1.));
#4541 = VECTOR('',#4542,1.);
#4542 = DIRECTION('',(1.,0.));
#4543 = ( GEOMETRIC_REPRESENTATION_CONTEXT(2) 
PARAMETRIC_REPRESENTATION_CONTEXT() REPRESENTATION_CONTEXT('2D SPACE',''
  ) );
#4544 = PCURVE('',#4402,#4545);
#4545 = DEFINITIONAL_REPRESENTATION('',(#4546),#4554);
#4546 = ( BOUNDED_CURVE() B_SPLINE_CURVE(2,(#4547,#4548,#4549,#4550,
#4551,#4552,#4553),.UNSPECIFIED.,.T.,.F.) B_SPLINE_CURVE_WITH_KNOTS((1,2
    ,2,2,2,1),(-2.094395102393,0.,2.094395102393,4.188790204786,
6.28318530718,8.377580409573),.UNSPECIFIED.) CURVE() 
GEOMETRIC_REPRESENTATION_ITEM() RATIONAL_B_SPLINE_CURVE((1.,0.5,1.,0.5,
1.,0.5,1.)) REPRESENTATION_ITEM('') );
#4547 = CARTESIAN_POINT('',(-1.1,0.));
#4548 = CARTESIAN_POINT('',(-1.1,1.905255888326));
#4549 = CARTESIAN_POINT('',(0.55,0.952627944163));
#4550 = CARTESIAN_POINT('',(2.2,2.694222958124E-16));
#4551 = CARTESIAN_POINT('',(0.55,-0.952627944163));
#4552 = CARTESIAN_POINT('',(-1.1,-1.905255888326));
#4553 = CARTESIAN_POINT('',(-1.1,0.));
#4554 = ( GEOMETRIC_REPRESENTATION_CONTEXT(2) 
PARAMETRIC_REPRESENTATION_CONTEXT() REPRESENTATION_CONTEXT('2D SPACE',''
  ) );
#4555 = ORIENTED_EDGE('',*,*,#4507,.T.);
#4556 = ADVANCED_FACE('',(#4557,#4560),#4402,.T.);
#4557 = FACE_BOUND('',#4558,.T.);
#4558 = EDGE_LOOP('',(#4559));
#4559 = ORIENTED_EDGE('',*,*,#4387,.T.);
#4560 = FACE_BOUND('',#4561,.T.);
#4561 = EDGE_LOOP('',(#4562));
#4562 = ORIENTED_EDGE('',*,*,#4530,.T.);
#4563 = MANIFOLD_SOLID_BREP('',#4564);
#4564 = CLOSED_SHELL('',(#4565,#4706,#4824,#5131,#5165,#5326,#5431,#5566
    ,#6059,#6205,#6611,#6988,#7020,#7121,#7326,#7407,#7735,#7896,#7957,
    #8015,#8043,#8050,#8262,#8436,#8442,#8634,#8640,#8922,#8948,#8975,
    #9002,#9029,#9036,#9043,#9071,#9078,#9125,#9179,#9226,#9280,#9306,
    #9458,#9490,#9517,#9544,#9571));
#4565 = ADVANCED_FACE('',(#4566),#4580,.T.);
#4566 = FACE_BOUND('',#4567,.T.);
#4567 = EDGE_LOOP('',(#4568,#4598,#4625,#4626,#4655,#4684));
#4568 = ORIENTED_EDGE('',*,*,#4569,.T.);
#4569 = EDGE_CURVE('',#4570,#4572,#4574,.T.);
#4570 = VERTEX_POINT('',#4571);
#4571 = CARTESIAN_POINT('',(-16.1,39.,2.2));
#4572 = VERTEX_POINT('',#4573);
#4573 = CARTESIAN_POINT('',(-16.1,39.,5.7));
#4574 = SEAM_CURVE('',#4575,(#4579,#4591),.PCURVE_S1.);
#4575 = LINE('',#4576,#4577);
#4576 = CARTESIAN_POINT('',(-16.1,39.,2.2));
#4577 = VECTOR('',#4578,1.);
#4578 = DIRECTION('',(0.,0.,1.));
#4579 = PCURVE('',#4580,#4585);
#4580 = CYLINDRICAL_SURFACE('',#4581,2.4);
#4581 = AXIS2_PLACEMENT_3D('',#4582,#4583,#4584);
#4582 = CARTESIAN_POINT('',(-18.5,39.,2.2));
#4583 = DIRECTION('',(0.,0.,1.));
#4584 = DIRECTION('',(1.,0.,0.));
#4585 = DEFINITIONAL_REPRESENTATION('',(#4586),#4590);
#4586 = LINE('',#4587,#4588);
#4587 = CARTESIAN_POINT('',(6.28318530718,-0.));
#4588 = VECTOR('',#4589,1.);
#4589 = DIRECTION('',(0.,1.));
#4590 = ( GEOMETRIC_REPRESENTATION_CONTEXT(2) 
PARAMETRIC_REPRESENTATION_CONTEXT() REPRESENTATION_CONTEXT('2D SPACE',''
  ) );
#4591 = PCURVE('',#4580,#4592);
#4592 = DEFINITIONAL_REPRESENTATION('',(#4593),#4597);
#4593 = LINE('',#4594,#4595);
#4594 = CARTESIAN_POINT('',(0.,-0.));
#4595 = VECTOR('',#4596,1.);
#4596 = DIRECTION('',(0.,1.));
#4597 = ( GEOMETRIC_REPRESENTATION_CONTEXT(2) 
PARAMETRIC_REPRESENTATION_CONTEXT() REPRESENTATION_CONTEXT('2D SPACE',''
  ) );
#4598 = ORIENTED_EDGE('',*,*,#4599,.F.);
#4599 = EDGE_CURVE('',#4572,#4572,#4600,.T.);
#4600 = SURFACE_CURVE('',#4601,(#4606,#4613),.PCURVE_S1.);
#4601 = CIRCLE('',#4602,2.4);
#4602 = AXIS2_PLACEMENT_3D('',#4603,#4604,#4605);
#4603 = CARTESIAN_POINT('',(-18.5,39.,5.7));
#4604 = DIRECTION('',(0.,0.,1.));
#4605 = DIRECTION('',(1.,0.,0.));
#4606 = PCURVE('',#4580,#4607);
#4607 = DEFINITIONAL_REPRESENTATION('',(#4608),#4612);
#4608 = LINE('',#4609,#4610);
#4609 = CARTESIAN_POINT('',(0.,3.5));
#4610 = VECTOR('',#4611,1.);
#4611 = DIRECTION('',(1.,0.));
#4612 = ( GEOMETRIC_REPRESENTATION_CONTEXT(2) 
PARAMETRIC_REPRESENTATION_CONTEXT() REPRESENTATION_CONTEXT('2D SPACE',''
  ) );
#4613 = PCURVE('',#4614,#4619);
#4614 = PLANE('',#4615);
#4615 = AXIS2_PLACEMENT_3D('',#4616,#4617,#4618);
#4616 = CARTESIAN_POINT('',(-18.5,39.,5.7));
#4617 = DIRECTION('',(0.,0.,1.));
#4618 = DIRECTION('',(1.,0.,0.));
#4619 = DEFINITIONAL_REPRESENTATION('',(#4620),#4624);
#4620 = CIRCLE('',#4621,2.4);
#4621 = AXIS2_PLACEMENT_2D('',#4622,#4623);
#4622 = CARTESIAN_POINT('',(0.,0.));
#4623 = DIRECTION('',(1.,0.));
#4624 = ( GEOMETRIC_REPRESENTATION_CONTEXT(2) 
PARAMETRIC_REPRESENTATION_CONTEXT() REPRESENTATION_CONTEXT('2D SPACE',''
  ) );
#4625 = ORIENTED_EDGE('',*,*,#4569,.F.);
#4626 = ORIENTED_EDGE('',*,*,#4627,.T.);
#4627 = EDGE_CURVE('',#4570,#4628,#4630,.T.);
#4628 = VERTEX_POINT('',#4629);
#4629 = CARTESIAN_POINT('',(-16.22990482073,39.778888873371,2.2));
#4630 = SURFACE_CURVE('',#4631,(#4636,#4643),.PCURVE_S1.);
#4631 = CIRCLE('',#4632,2.4);
#4632 = AXIS2_PLACEMENT_3D('',#4633,#4634,#4635);
#4633 = CARTESIAN_POINT('',(-18.5,39.,2.2));
#4634 = DIRECTION('',(0.,0.,1.));
#4635 = DIRECTION('',(1.,0.,0.));
#4636 = PCURVE('',#4580,#4637);
#4637 = DEFINITIONAL_REPRESENTATION('',(#4638),#4642);
#4638 = LINE('',#4639,#4640);
#4639 = CARTESIAN_POINT('',(0.,0.));
#4640 = VECTOR('',#4641,1.);
#4641 = DIRECTION('',(1.,0.));
#4642 = ( GEOMETRIC_REPRESENTATION_CONTEXT(2) 
PARAMETRIC_REPRESENTATION_CONTEXT() REPRESENTATION_CONTEXT('2D SPACE',''
  ) );
#4643 = PCURVE('',#4644,#4649);
#4644 = PLANE('',#4645);
#4645 = AXIS2_PLACEMENT_3D('',#4646,#4647,#4648);
#4646 = CARTESIAN_POINT('',(-18.5,39.,2.2));
#4647 = DIRECTION('',(0.,0.,1.));
#4648 = DIRECTION('',(1.,0.,0.));
#4649 = DEFINITIONAL_REPRESENTATION('',(#4650),#4654);
#4650 = CIRCLE('',#4651,2.4);
#4651 = AXIS2_PLACEMENT_2D('',#4652,#4653);
#4652 = CARTESIAN_POINT('',(0.,0.));
#4653 = DIRECTION('',(1.,0.));
#4654 = ( GEOMETRIC_REPRESENTATION_CONTEXT(2) 
PARAMETRIC_REPRESENTATION_CONTEXT() REPRESENTATION_CONTEXT('2D SPACE',''
  ) );
#4655 = ORIENTED_EDGE('',*,*,#4656,.T.);
#4656 = EDGE_CURVE('',#4628,#4657,#4659,.T.);
#4657 = VERTEX_POINT('',#4658);
#4658 = CARTESIAN_POINT('',(-20.77009517926,39.778888873371,2.2));
#4659 = SURFACE_CURVE('',#4660,(#4665,#4672),.PCURVE_S1.);
#4660 = CIRCLE('',#4661,2.4);
#4661 = AXIS2_PLACEMENT_3D('',#4662,#4663,#4664);
#4662 = CARTESIAN_POINT('',(-18.5,39.,2.2));
#4663 = DIRECTION('',(0.,0.,1.));
#4664 = DIRECTION('',(1.,0.,0.));
#4665 = PCURVE('',#4580,#4666);
#4666 = DEFINITIONAL_REPRESENTATION('',(#4667),#4671);
#4667 = LINE('',#4668,#4669);
#4668 = CARTESIAN_POINT('',(0.,0.));
#4669 = VECTOR('',#4670,1.);
#4670 = DIRECTION('',(1.,0.));
#4671 = ( GEOMETRIC_REPRESENTATION_CONTEXT(2) 
PARAMETRIC_REPRESENTATION_CONTEXT() REPRESENTATION_CONTEXT('2D SPACE',''
  ) );
#4672 = PCURVE('',#4673,#4678);
#4673 = PLANE('',#4674);
#4674 = AXIS2_PLACEMENT_3D('',#4675,#4676,#4677);
#4675 = CARTESIAN_POINT('',(-30.00000000738,-2.112720166888E-15,2.2));
#4676 = DIRECTION('',(0.,0.,1.));
#4677 = DIRECTION('',(1.,0.,0.));
#4678 = DEFINITIONAL_REPRESENTATION('',(#4679),#4683);
#4679 = CIRCLE('',#4680,2.4);
#4680 = AXIS2_PLACEMENT_2D('',#4681,#4682);
#4681 = CARTESIAN_POINT('',(11.500000007381,39.));
#4682 = DIRECTION('',(1.,0.));
#4683 = ( GEOMETRIC_REPRESENTATION_CONTEXT(2) 
PARAMETRIC_REPRESENTATION_CONTEXT() REPRESENTATION_CONTEXT('2D SPACE',''
  ) );
#4684 = ORIENTED_EDGE('',*,*,#4685,.T.);
#4685 = EDGE_CURVE('',#4657,#4570,#4686,.T.);
#4686 = SURFACE_CURVE('',#4687,(#4692,#4699),.PCURVE_S1.);
#4687 = CIRCLE('',#4688,2.4);
#4688 = AXIS2_PLACEMENT_3D('',#4689,#4690,#4691);
#4689 = CARTESIAN_POINT('',(-18.5,39.,2.2));
#4690 = DIRECTION('',(0.,0.,1.));
#4691 = DIRECTION('',(1.,0.,0.));
#4692 = PCURVE('',#4580,#4693);
#4693 = DEFINITIONAL_REPRESENTATION('',(#4694),#4698);
#4694 = LINE('',#4695,#4696);
#4695 = CARTESIAN_POINT('',(0.,0.));
#4696 = VECTOR('',#4697,1.);
#4697 = DIRECTION('',(1.,0.));
#4698 = ( GEOMETRIC_REPRESENTATION_CONTEXT(2) 
PARAMETRIC_REPRESENTATION_CONTEXT() REPRESENTATION_CONTEXT('2D SPACE',''
  ) );
#4699 = PCURVE('',#4644,#4700);
#4700 = DEFINITIONAL_REPRESENTATION('',(#4701),#4705);
#4701 = CIRCLE('',#4702,2.4);
#4702 = AXIS2_PLACEMENT_2D('',#4703,#4704);
#4703 = CARTESIAN_POINT('',(0.,0.));
#4704 = DIRECTION('',(1.,0.));
#4705 = ( GEOMETRIC_REPRESENTATION_CONTEXT(2) 
PARAMETRIC_REPRESENTATION_CONTEXT() REPRESENTATION_CONTEXT('2D SPACE',''
  ) );
#4706 = ADVANCED_FACE('',(#4707),#4644,.F.);
#4707 = FACE_BOUND('',#4708,.F.);
#4708 = EDGE_LOOP('',(#4709,#4736,#4737,#4738,#4765,#4798));
#4709 = ORIENTED_EDGE('',*,*,#4710,.F.);
#4710 = EDGE_CURVE('',#4657,#4711,#4713,.T.);
#4711 = VERTEX_POINT('',#4712);
#4712 = CARTESIAN_POINT('',(-19.27674456737,39.778888873371,2.2));
#4713 = SURFACE_CURVE('',#4714,(#4718,#4725),.PCURVE_S1.);
#4714 = LINE('',#4715,#4716);
#4715 = CARTESIAN_POINT('',(-30.,39.778888873371,2.2));
#4716 = VECTOR('',#4717,1.);
#4717 = DIRECTION('',(1.,0.,0.));
#4718 = PCURVE('',#4644,#4719);
#4719 = DEFINITIONAL_REPRESENTATION('',(#4720),#4724);
#4720 = LINE('',#4721,#4722);
#4721 = CARTESIAN_POINT('',(-11.5,0.778888873371));
#4722 = VECTOR('',#4723,1.);
#4723 = DIRECTION('',(1.,0.));
#4724 = ( GEOMETRIC_REPRESENTATION_CONTEXT(2) 
PARAMETRIC_REPRESENTATION_CONTEXT() REPRESENTATION_CONTEXT('2D SPACE',''
  ) );
#4725 = PCURVE('',#4726,#4731);
#4726 = CYLINDRICAL_SURFACE('',#4727,40.);
#4727 = AXIS2_PLACEMENT_3D('',#4728,#4729,#4730);
#4728 = CARTESIAN_POINT('',(-30.,0.,-2.));
#4729 = DIRECTION('',(1.,0.,0.));
#4730 = DIRECTION('',(0.,1.,0.));
#4731 = DEFINITIONAL_REPRESENTATION('',(#4732),#4735);
#4732 = B_SPLINE_CURVE_WITH_KNOTS('',1,(#4733,#4734),.UNSPECIFIED.,.F.,
  .F.,(2,2),(-23.76,23.76),.PIECEWISE_BEZIER_KNOTS.);
#4733 = CARTESIAN_POINT('',(0.10519390104,-23.76));
#4734 = CARTESIAN_POINT('',(0.10519390104,23.76));
#4735 = ( GEOMETRIC_REPRESENTATION_CONTEXT(2) 
PARAMETRIC_REPRESENTATION_CONTEXT() REPRESENTATION_CONTEXT('2D SPACE',''
  ) );
#4736 = ORIENTED_EDGE('',*,*,#4685,.T.);
#4737 = ORIENTED_EDGE('',*,*,#4627,.T.);
#4738 = ORIENTED_EDGE('',*,*,#4739,.F.);
#4739 = EDGE_CURVE('',#4740,#4628,#4742,.T.);
#4740 = VERTEX_POINT('',#4741);
#4741 = CARTESIAN_POINT('',(-17.72325543263,39.778888873371,2.2));
#4742 = SURFACE_CURVE('',#4743,(#4747,#4754),.PCURVE_S1.);
#4743 = LINE('',#4744,#4745);
#4744 = CARTESIAN_POINT('',(-30.,39.778888873371,2.2));
#4745 = VECTOR('',#4746,1.);
#4746 = DIRECTION('',(1.,0.,0.));
#4747 = PCURVE('',#4644,#4748);
#4748 = DEFINITIONAL_REPRESENTATION('',(#4749),#4753);
#4749 = LINE('',#4750,#4751);
#4750 = CARTESIAN_POINT('',(-11.5,0.778888873371));
#4751 = VECTOR('',#4752,1.);
#4752 = DIRECTION('',(1.,0.));
#4753 = ( GEOMETRIC_REPRESENTATION_CONTEXT(2) 
PARAMETRIC_REPRESENTATION_CONTEXT() REPRESENTATION_CONTEXT('2D SPACE',''
  ) );
#4754 = PCURVE('',#4755,#4760);
#4755 = CYLINDRICAL_SURFACE('',#4756,40.);
#4756 = AXIS2_PLACEMENT_3D('',#4757,#4758,#4759);
#4757 = CARTESIAN_POINT('',(-30.,0.,-2.));
#4758 = DIRECTION('',(1.,0.,0.));
#4759 = DIRECTION('',(0.,1.,0.));
#4760 = DEFINITIONAL_REPRESENTATION('',(#4761),#4764);
#4761 = B_SPLINE_CURVE_WITH_KNOTS('',1,(#4762,#4763),.UNSPECIFIED.,.F.,
  .F.,(2,2),(-23.76,23.76),.PIECEWISE_BEZIER_KNOTS.);
#4762 = CARTESIAN_POINT('',(0.10519390104,-23.76));
#4763 = CARTESIAN_POINT('',(0.10519390104,23.76));
#4764 = ( GEOMETRIC_REPRESENTATION_CONTEXT(2) 
PARAMETRIC_REPRESENTATION_CONTEXT() REPRESENTATION_CONTEXT('2D SPACE',''
  ) );
#4765 = ORIENTED_EDGE('',*,*,#4766,.T.);
#4766 = EDGE_CURVE('',#4740,#4767,#4769,.T.);
#4767 = VERTEX_POINT('',#4768);
#4768 = CARTESIAN_POINT('',(-19.6,39.,2.2));
#4769 = SURFACE_CURVE('',#4770,(#4775,#4786),.PCURVE_S1.);
#4770 = CIRCLE('',#4771,1.1);
#4771 = AXIS2_PLACEMENT_3D('',#4772,#4773,#4774);
#4772 = CARTESIAN_POINT('',(-18.5,39.,2.2));
#4773 = DIRECTION('',(0.,0.,-1.));
#4774 = DIRECTION('',(-1.,0.,0.));
#4775 = PCURVE('',#4644,#4776);
#4776 = DEFINITIONAL_REPRESENTATION('',(#4777),#4785);
#4777 = ( BOUNDED_CURVE() B_SPLINE_CURVE(2,(#4778,#4779,#4780,#4781,
#4782,#4783,#4784),.UNSPECIFIED.,.T.,.F.) B_SPLINE_CURVE_WITH_KNOTS((1,2
    ,2,2,2,1),(-2.094395102393,0.,2.094395102393,4.188790204786,
6.28318530718,8.377580409573),.UNSPECIFIED.) CURVE() 
GEOMETRIC_REPRESENTATION_ITEM() RATIONAL_B_SPLINE_CURVE((1.,0.5,1.,0.5,
1.,0.5,1.)) REPRESENTATION_ITEM('') );
#4778 = CARTESIAN_POINT('',(-1.1,0.));
#4779 = CARTESIAN_POINT('',(-1.1,1.905255888326));
#4780 = CARTESIAN_POINT('',(0.55,0.952627944163));
#4781 = CARTESIAN_POINT('',(2.2,2.694222958124E-16));
#4782 = CARTESIAN_POINT('',(0.55,-0.952627944163));
#4783 = CARTESIAN_POINT('',(-1.1,-1.905255888326));
#4784 = CARTESIAN_POINT('',(-1.1,0.));
#4785 = ( GEOMETRIC_REPRESENTATION_CONTEXT(2) 
PARAMETRIC_REPRESENTATION_CONTEXT() REPRESENTATION_CONTEXT('2D SPACE',''
  ) );
#4786 = PCURVE('',#4787,#4792);
#4787 = CYLINDRICAL_SURFACE('',#4788,1.1);
#4788 = AXIS2_PLACEMENT_3D('',#4789,#4790,#4791);
#4789 = CARTESIAN_POINT('',(-18.5,39.,6.7));
#4790 = DIRECTION('',(0.,0.,-1.));
#4791 = DIRECTION('',(-1.,0.,0.));
#4792 = DEFINITIONAL_REPRESENTATION('',(#4793),#4797);
#4793 = LINE('',#4794,#4795);
#4794 = CARTESIAN_POINT('',(0.,4.5));
#4795 = VECTOR('',#4796,1.);
#4796 = DIRECTION('',(1.,0.));
#4797 = ( GEOMETRIC_REPRESENTATION_CONTEXT(2) 
PARAMETRIC_REPRESENTATION_CONTEXT() REPRESENTATION_CONTEXT('2D SPACE',''
  ) );
#4798 = ORIENTED_EDGE('',*,*,#4799,.T.);
#4799 = EDGE_CURVE('',#4767,#4711,#4800,.T.);
#4800 = SURFACE_CURVE('',#4801,(#4806,#4817),.PCURVE_S1.);
#4801 = CIRCLE('',#4802,1.1);
#4802 = AXIS2_PLACEMENT_3D('',#4803,#4804,#4805);
#4803 = CARTESIAN_POINT('',(-18.5,39.,2.2));
#4804 = DIRECTION('',(0.,0.,-1.));
#4805 = DIRECTION('',(-1.,0.,0.));
#4806 = PCURVE('',#4644,#4807);
#4807 = DEFINITIONAL_REPRESENTATION('',(#4808),#4816);
#4808 = ( BOUNDED_CURVE() B_SPLINE_CURVE(2,(#4809,#4810,#4811,#4812,
#4813,#4814,#4815),.UNSPECIFIED.,.T.,.F.) B_SPLINE_CURVE_WITH_KNOTS((1,2
    ,2,2,2,1),(-2.094395102393,0.,2.094395102393,4.188790204786,
6.28318530718,8.377580409573),.UNSPECIFIED.) CURVE() 
GEOMETRIC_REPRESENTATION_ITEM() RATIONAL_B_SPLINE_CURVE((1.,0.5,1.,0.5,
1.,0.5,1.)) REPRESENTATION_ITEM('') );
#4809 = CARTESIAN_POINT('',(-1.1,0.));
#4810 = CARTESIAN_POINT('',(-1.1,1.905255888326));
#4811 = CARTESIAN_POINT('',(0.55,0.952627944163));
#4812 = CARTESIAN_POINT('',(2.2,2.694222958124E-16));
#4813 = CARTESIAN_POINT('',(0.55,-0.952627944163));
#4814 = CARTESIAN_POINT('',(-1.1,-1.905255888326));
#4815 = CARTESIAN_POINT('',(-1.1,0.));
#4816 = ( GEOMETRIC_REPRESENTATION_CONTEXT(2) 
PARAMETRIC_REPRESENTATION_CONTEXT() REPRESENTATION_CONTEXT('2D SPACE',''
  ) );
#4817 = PCURVE('',#4787,#4818);
#4818 = DEFINITIONAL_REPRESENTATION('',(#4819),#4823);
#4819 = LINE('',#4820,#4821);
#4820 = CARTESIAN_POINT('',(0.,4.5));
#4821 = VECTOR('',#4822,1.);
#4822 = DIRECTION('',(1.,0.));
#4823 = ( GEOMETRIC_REPRESENTATION_CONTEXT(2) 
PARAMETRIC_REPRESENTATION_CONTEXT() REPRESENTATION_CONTEXT('2D SPACE',''
  ) );
#4824 = ADVANCED_FACE('',(#4825),#4673,.T.);
#4825 = FACE_BOUND('',#4826,.T.);
#4826 = EDGE_LOOP('',(#4827,#4862,#4888,#4917,#4943,#4972,#4991,#4992,
    #5013,#5046,#5072,#5105));
#4827 = ORIENTED_EDGE('',*,*,#4828,.F.);
#4828 = EDGE_CURVE('',#4829,#4831,#4833,.T.);
#4829 = VERTEX_POINT('',#4830);
#4830 = CARTESIAN_POINT('',(-49.39775380766,39.778888873371,2.2));
#4831 = VERTEX_POINT('',#4832);
#4832 = CARTESIAN_POINT('',(-40.,46.8,2.2));
#4833 = SURFACE_CURVE('',#4834,(#4839,#4850),.PCURVE_S1.);
#4834 = CIRCLE('',#4835,9.8);
#4835 = AXIS2_PLACEMENT_3D('',#4836,#4837,#4838);
#4836 = CARTESIAN_POINT('',(-40.,37.,2.2));
#4837 = DIRECTION('',(0.,0.,-1.));
#4838 = DIRECTION('',(-1.,0.,0.));
#4839 = PCURVE('',#4673,#4840);
#4840 = DEFINITIONAL_REPRESENTATION('',(#4841),#4849);
#4841 = ( BOUNDED_CURVE() B_SPLINE_CURVE(2,(#4842,#4843,#4844,#4845,
#4846,#4847,#4848),.UNSPECIFIED.,.T.,.F.) B_SPLINE_CURVE_WITH_KNOTS((1,2
    ,2,2,2,1),(-2.094395102393,0.,2.094395102393,4.188790204786,
6.28318530718,8.377580409573),.UNSPECIFIED.) CURVE() 
GEOMETRIC_REPRESENTATION_ITEM() RATIONAL_B_SPLINE_CURVE((1.,0.5,1.,0.5,
1.,0.5,1.)) REPRESENTATION_ITEM('') );
#4842 = CARTESIAN_POINT('',(-19.79999999261,37.));
#4843 = CARTESIAN_POINT('',(-19.79999999261,53.974097914175));
#4844 = CARTESIAN_POINT('',(-5.099999992619,45.487048957088));
#4845 = CARTESIAN_POINT('',(9.600000007381,37.));
#4846 = CARTESIAN_POINT('',(-5.099999992619,28.512951042913));
#4847 = CARTESIAN_POINT('',(-19.79999999261,20.025902085825));
#4848 = CARTESIAN_POINT('',(-19.79999999261,37.));
#4849 = ( GEOMETRIC_REPRESENTATION_CONTEXT(2) 
PARAMETRIC_REPRESENTATION_CONTEXT() REPRESENTATION_CONTEXT('2D SPACE',''
  ) );
#4850 = PCURVE('',#4851,#4856);
#4851 = CYLINDRICAL_SURFACE('',#4852,9.8);
#4852 = AXIS2_PLACEMENT_3D('',#4853,#4854,#4855);
#4853 = CARTESIAN_POINT('',(-40.,37.,2.2));
#4854 = DIRECTION('',(0.,0.,-1.));
#4855 = DIRECTION('',(-1.,0.,0.));
#4856 = DEFINITIONAL_REPRESENTATION('',(#4857),#4861);
#4857 = LINE('',#4858,#4859);
#4858 = CARTESIAN_POINT('',(0.,0.));
#4859 = VECTOR('',#4860,1.);
#4860 = DIRECTION('',(1.,0.));
#4861 = ( GEOMETRIC_REPRESENTATION_CONTEXT(2) 
PARAMETRIC_REPRESENTATION_CONTEXT() REPRESENTATION_CONTEXT('2D SPACE',''
  ) );
#4862 = ORIENTED_EDGE('',*,*,#4863,.T.);
#4863 = EDGE_CURVE('',#4829,#4864,#4866,.T.);
#4864 = VERTEX_POINT('',#4865);
#4865 = CARTESIAN_POINT('',(-47.18274579535,39.778888873371,2.2));
#4866 = SURFACE_CURVE('',#4867,(#4871,#4877),.PCURVE_S1.);
#4867 = LINE('',#4868,#4869);
#4868 = CARTESIAN_POINT('',(-30.,39.778888873371,2.2));
#4869 = VECTOR('',#4870,1.);
#4870 = DIRECTION('',(1.,0.,0.));
#4871 = PCURVE('',#4673,#4872);
#4872 = DEFINITIONAL_REPRESENTATION('',(#4873),#4876);
#4873 = B_SPLINE_CURVE_WITH_KNOTS('',1,(#4874,#4875),.UNSPECIFIED.,.F.,
  .F.,(2,2),(-23.76,23.76),.PIECEWISE_BEZIER_KNOTS.);
#4874 = CARTESIAN_POINT('',(-23.75999999261,39.778888873371));
#4875 = CARTESIAN_POINT('',(23.760000007381,39.778888873371));
#4876 = ( GEOMETRIC_REPRESENTATION_CONTEXT(2) 
PARAMETRIC_REPRESENTATION_CONTEXT() REPRESENTATION_CONTEXT('2D SPACE',''
  ) );
#4877 = PCURVE('',#4878,#4883);
#4878 = CYLINDRICAL_SURFACE('',#4879,40.);
#4879 = AXIS2_PLACEMENT_3D('',#4880,#4881,#4882);
#4880 = CARTESIAN_POINT('',(-30.,0.,-2.));
#4881 = DIRECTION('',(1.,0.,0.));
#4882 = DIRECTION('',(0.,1.,0.));
#4883 = DEFINITIONAL_REPRESENTATION('',(#4884),#4887);
#4884 = B_SPLINE_CURVE_WITH_KNOTS('',1,(#4885,#4886),.UNSPECIFIED.,.F.,
  .F.,(2,2),(-23.76,23.76),.PIECEWISE_BEZIER_KNOTS.);
#4885 = CARTESIAN_POINT('',(0.10519390104,-23.76));
#4886 = CARTESIAN_POINT('',(0.10519390104,23.76));
#4887 = ( GEOMETRIC_REPRESENTATION_CONTEXT(2) 
PARAMETRIC_REPRESENTATION_CONTEXT() REPRESENTATION_CONTEXT('2D SPACE',''
  ) );
#4888 = ORIENTED_EDGE('',*,*,#4889,.F.);
#4889 = EDGE_CURVE('',#4890,#4864,#4892,.T.);
#4890 = VERTEX_POINT('',#4891);
#4891 = CARTESIAN_POINT('',(-44.81725420464,39.778888873371,2.2));
#4892 = SURFACE_CURVE('',#4893,(#4898,#4905),.PCURVE_S1.);
#4893 = CIRCLE('',#4894,1.7);
#4894 = AXIS2_PLACEMENT_3D('',#4895,#4896,#4897);
#4895 = CARTESIAN_POINT('',(-46.,41.,2.2));
#4896 = DIRECTION('',(-0.,0.,1.));
#4897 = DIRECTION('',(0.695732820795,-0.718300662723,0.));
#4898 = PCURVE('',#4673,#4899);
#4899 = DEFINITIONAL_REPRESENTATION('',(#4900),#4904);
#4900 = CIRCLE('',#4901,1.7);
#4901 = AXIS2_PLACEMENT_2D('',#4902,#4903);
#4902 = CARTESIAN_POINT('',(-15.99999999261,41.));
#4903 = DIRECTION('',(0.695732820795,-0.718300662723));
#4904 = ( GEOMETRIC_REPRESENTATION_CONTEXT(2) 
PARAMETRIC_REPRESENTATION_CONTEXT() REPRESENTATION_CONTEXT('2D SPACE',''
  ) );
#4905 = PCURVE('',#4906,#4911);
#4906 = CYLINDRICAL_SURFACE('',#4907,1.7);
#4907 = AXIS2_PLACEMENT_3D('',#4908,#4909,#4910);
#4908 = CARTESIAN_POINT('',(-46.,41.,4.2));
#4909 = DIRECTION('',(0.,0.,-1.));
#4910 = DIRECTION('',(-1.,0.,0.));
#4911 = DEFINITIONAL_REPRESENTATION('',(#4912),#4916);
#4912 = LINE('',#4913,#4914);
#4913 = CARTESIAN_POINT('',(10.226134675597,2.));
#4914 = VECTOR('',#4915,1.);
#4915 = DIRECTION('',(-1.,-0.));
#4916 = ( GEOMETRIC_REPRESENTATION_CONTEXT(2) 
PARAMETRIC_REPRESENTATION_CONTEXT() REPRESENTATION_CONTEXT('2D SPACE',''
  ) );
#4917 = ORIENTED_EDGE('',*,*,#4918,.T.);
#4918 = EDGE_CURVE('',#4890,#4919,#4921,.T.);
#4919 = VERTEX_POINT('',#4920);
#4920 = CARTESIAN_POINT('',(-43.77009517926,39.778888873371,2.2));
#4921 = SURFACE_CURVE('',#4922,(#4926,#4932),.PCURVE_S1.);
#4922 = LINE('',#4923,#4924);
#4923 = CARTESIAN_POINT('',(-30.,39.778888873371,2.2));
#4924 = VECTOR('',#4925,1.);
#4925 = DIRECTION('',(1.,0.,0.));
#4926 = PCURVE('',#4673,#4927);
#4927 = DEFINITIONAL_REPRESENTATION('',(#4928),#4931);
#4928 = B_SPLINE_CURVE_WITH_KNOTS('',1,(#4929,#4930),.UNSPECIFIED.,.F.,
  .F.,(2,2),(-23.76,23.76),.PIECEWISE_BEZIER_KNOTS.);
#4929 = CARTESIAN_POINT('',(-23.75999999261,39.778888873371));
#4930 = CARTESIAN_POINT('',(23.760000007381,39.778888873371));
#4931 = ( GEOMETRIC_REPRESENTATION_CONTEXT(2) 
PARAMETRIC_REPRESENTATION_CONTEXT() REPRESENTATION_CONTEXT('2D SPACE',''
  ) );
#4932 = PCURVE('',#4933,#4938);
#4933 = CYLINDRICAL_SURFACE('',#4934,40.);
#4934 = AXIS2_PLACEMENT_3D('',#4935,#4936,#4937);
#4935 = CARTESIAN_POINT('',(-30.,0.,-2.));
#4936 = DIRECTION('',(1.,0.,0.));
#4937 = DIRECTION('',(0.,1.,0.));
#4938 = DEFINITIONAL_REPRESENTATION('',(#4939),#4942);
#4939 = B_SPLINE_CURVE_WITH_KNOTS('',1,(#4940,#4941),.UNSPECIFIED.,.F.,
  .F.,(2,2),(-23.76,23.76),.PIECEWISE_BEZIER_KNOTS.);
#4940 = CARTESIAN_POINT('',(0.10519390104,-23.76));
#4941 = CARTESIAN_POINT('',(0.10519390104,23.76));
#4942 = ( GEOMETRIC_REPRESENTATION_CONTEXT(2) 
PARAMETRIC_REPRESENTATION_CONTEXT() REPRESENTATION_CONTEXT('2D SPACE',''
  ) );
#4943 = ORIENTED_EDGE('',*,*,#4944,.F.);
#4944 = EDGE_CURVE('',#4945,#4919,#4947,.T.);
#4945 = VERTEX_POINT('',#4946);
#4946 = CARTESIAN_POINT('',(-39.22990482073,39.778888873371,2.2));
#4947 = SURFACE_CURVE('',#4948,(#4953,#4960),.PCURVE_S1.);
#4948 = CIRCLE('',#4949,2.4);
#4949 = AXIS2_PLACEMENT_3D('',#4950,#4951,#4952);
#4950 = CARTESIAN_POINT('',(-41.5,39.,2.2));
#4951 = DIRECTION('',(0.,0.,1.));
#4952 = DIRECTION('',(1.,0.,0.));
#4953 = PCURVE('',#4673,#4954);
#4954 = DEFINITIONAL_REPRESENTATION('',(#4955),#4959);
#4955 = CIRCLE('',#4956,2.4);
#4956 = AXIS2_PLACEMENT_2D('',#4957,#4958);
#4957 = CARTESIAN_POINT('',(-11.49999999261,39.));
#4958 = DIRECTION('',(1.,0.));
#4959 = ( GEOMETRIC_REPRESENTATION_CONTEXT(2) 
PARAMETRIC_REPRESENTATION_CONTEXT() REPRESENTATION_CONTEXT('2D SPACE',''
  ) );
#4960 = PCURVE('',#4961,#4966);
#4961 = CYLINDRICAL_SURFACE('',#4962,2.4);
#4962 = AXIS2_PLACEMENT_3D('',#4963,#4964,#4965);
#4963 = CARTESIAN_POINT('',(-41.5,39.,2.2));
#4964 = DIRECTION('',(0.,0.,1.));
#4965 = DIRECTION('',(1.,0.,0.));
#4966 = DEFINITIONAL_REPRESENTATION('',(#4967),#4971);
#4967 = LINE('',#4968,#4969);
#4968 = CARTESIAN_POINT('',(0.,0.));
#4969 = VECTOR('',#4970,1.);
#4970 = DIRECTION('',(1.,0.));
#4971 = ( GEOMETRIC_REPRESENTATION_CONTEXT(2) 
PARAMETRIC_REPRESENTATION_CONTEXT() REPRESENTATION_CONTEXT('2D SPACE',''
  ) );
#4972 = ORIENTED_EDGE('',*,*,#4973,.T.);
#4973 = EDGE_CURVE('',#4945,#4657,#4974,.T.);
#4974 = SURFACE_CURVE('',#4975,(#4979,#4985),.PCURVE_S1.);
#4975 = LINE('',#4976,#4977);
#4976 = CARTESIAN_POINT('',(-30.,39.778888873371,2.2));
#4977 = VECTOR('',#4978,1.);
#4978 = DIRECTION('',(1.,0.,0.));
#4979 = PCURVE('',#4673,#4980);
#4980 = DEFINITIONAL_REPRESENTATION('',(#4981),#4984);
#4981 = B_SPLINE_CURVE_WITH_KNOTS('',1,(#4982,#4983),.UNSPECIFIED.,.F.,
  .F.,(2,2),(-23.76,23.76),.PIECEWISE_BEZIER_KNOTS.);
#4982 = CARTESIAN_POINT('',(-23.75999999261,39.778888873371));
#4983 = CARTESIAN_POINT('',(23.760000007381,39.778888873371));
#4984 = ( GEOMETRIC_REPRESENTATION_CONTEXT(2) 
PARAMETRIC_REPRESENTATION_CONTEXT() REPRESENTATION_CONTEXT('2D SPACE',''
  ) );
#4985 = PCURVE('',#4726,#4986);
#4986 = DEFINITIONAL_REPRESENTATION('',(#4987),#4990);
#4987 = B_SPLINE_CURVE_WITH_KNOTS('',1,(#4988,#4989),.UNSPECIFIED.,.F.,
  .F.,(2,2),(-23.76,23.76),.PIECEWISE_BEZIER_KNOTS.);
#4988 = CARTESIAN_POINT('',(0.10519390104,-23.76));
#4989 = CARTESIAN_POINT('',(0.10519390104,23.76));
#4990 = ( GEOMETRIC_REPRESENTATION_CONTEXT(2) 
PARAMETRIC_REPRESENTATION_CONTEXT() REPRESENTATION_CONTEXT('2D SPACE',''
  ) );
#4991 = ORIENTED_EDGE('',*,*,#4656,.F.);
#4992 = ORIENTED_EDGE('',*,*,#4993,.T.);
#4993 = EDGE_CURVE('',#4628,#4994,#4996,.T.);
#4994 = VERTEX_POINT('',#4995);
#4995 = CARTESIAN_POINT('',(-15.18274579535,39.778888873371,2.2));
#4996 = SURFACE_CURVE('',#4997,(#5001,#5007),.PCURVE_S1.);
#4997 = LINE('',#4998,#4999);
#4998 = CARTESIAN_POINT('',(-30.,39.778888873371,2.2));
#4999 = VECTOR('',#5000,1.);
#5000 = DIRECTION('',(1.,0.,0.));
#5001 = PCURVE('',#4673,#5002);
#5002 = DEFINITIONAL_REPRESENTATION('',(#5003),#5006);
#5003 = B_SPLINE_CURVE_WITH_KNOTS('',1,(#5004,#5005),.UNSPECIFIED.,.F.,
  .F.,(2,2),(-23.76,23.76),.PIECEWISE_BEZIER_KNOTS.);
#5004 = CARTESIAN_POINT('',(-23.75999999261,39.778888873371));
#5005 = CARTESIAN_POINT('',(23.760000007381,39.778888873371));
#5006 = ( GEOMETRIC_REPRESENTATION_CONTEXT(2) 
PARAMETRIC_REPRESENTATION_CONTEXT() REPRESENTATION_CONTEXT('2D SPACE',''
  ) );
#5007 = PCURVE('',#4755,#5008);
#5008 = DEFINITIONAL_REPRESENTATION('',(#5009),#5012);
#5009 = B_SPLINE_CURVE_WITH_KNOTS('',1,(#5010,#5011),.UNSPECIFIED.,.F.,
  .F.,(2,2),(-23.76,23.76),.PIECEWISE_BEZIER_KNOTS.);
#5010 = CARTESIAN_POINT('',(0.10519390104,-23.76));
#5011 = CARTESIAN_POINT('',(0.10519390104,23.76));
#5012 = ( GEOMETRIC_REPRESENTATION_CONTEXT(2) 
PARAMETRIC_REPRESENTATION_CONTEXT() REPRESENTATION_CONTEXT('2D SPACE',''
  ) );
#5013 = ORIENTED_EDGE('',*,*,#5014,.T.);
#5014 = EDGE_CURVE('',#4994,#5015,#5017,.T.);
#5015 = VERTEX_POINT('',#5016);
#5016 = CARTESIAN_POINT('',(-12.81725420464,39.778888873371,2.2));
#5017 = SURFACE_CURVE('',#5018,(#5023,#5034),.PCURVE_S1.);
#5018 = CIRCLE('',#5019,1.7);
#5019 = AXIS2_PLACEMENT_3D('',#5020,#5021,#5022);
#5020 = CARTESIAN_POINT('',(-14.,41.,2.2));
#5021 = DIRECTION('',(-0.,0.,-1.));
#5022 = DIRECTION('',(-0.695732820795,-0.718300662723,0.));
#5023 = PCURVE('',#4673,#5024);
#5024 = DEFINITIONAL_REPRESENTATION('',(#5025),#5033);
#5025 = ( BOUNDED_CURVE() B_SPLINE_CURVE(2,(#5026,#5027,#5028,#5029,
#5030,#5031,#5032),.UNSPECIFIED.,.T.,.F.) B_SPLINE_CURVE_WITH_KNOTS((1,2
    ,2,2,2,1),(-2.094395102393,0.,2.094395102393,4.188790204786,
6.28318530718,8.377580409573),.UNSPECIFIED.) CURVE() 
GEOMETRIC_REPRESENTATION_ITEM() RATIONAL_B_SPLINE_CURVE((1.,0.5,1.,0.5,
1.,0.5,1.)) REPRESENTATION_ITEM('') );
#5026 = CARTESIAN_POINT('',(14.817254212029,39.778888873371));
#5027 = CARTESIAN_POINT('',(12.70222769902,41.827464683359));
#5028 = CARTESIAN_POINT('',(15.533859648553,42.634843468309));
#5029 = CARTESIAN_POINT('',(18.365491598085,43.442222253258));
#5030 = CARTESIAN_POINT('',(17.648886161562,40.58626765832));
#5031 = CARTESIAN_POINT('',(16.932280725038,37.730313063383));
#5032 = CARTESIAN_POINT('',(14.817254212029,39.778888873371));
#5033 = ( GEOMETRIC_REPRESENTATION_CONTEXT(2) 
PARAMETRIC_REPRESENTATION_CONTEXT() REPRESENTATION_CONTEXT('2D SPACE',''
  ) );
#5034 = PCURVE('',#5035,#5040);
#5035 = CYLINDRICAL_SURFACE('',#5036,1.7);
#5036 = AXIS2_PLACEMENT_3D('',#5037,#5038,#5039);
#5037 = CARTESIAN_POINT('',(-14.,41.,4.2));
#5038 = DIRECTION('',(0.,0.,-1.));
#5039 = DIRECTION('',(-1.,0.,0.));
#5040 = DEFINITIONAL_REPRESENTATION('',(#5041),#5045);
#5041 = LINE('',#5042,#5043);
#5042 = CARTESIAN_POINT('',(5.481828592352,2.));
#5043 = VECTOR('',#5044,1.);
#5044 = DIRECTION('',(1.,0.));
#5045 = ( GEOMETRIC_REPRESENTATION_CONTEXT(2) 
PARAMETRIC_REPRESENTATION_CONTEXT() REPRESENTATION_CONTEXT('2D SPACE',''
  ) );
#5046 = ORIENTED_EDGE('',*,*,#5047,.T.);
#5047 = EDGE_CURVE('',#5015,#5048,#5050,.T.);
#5048 = VERTEX_POINT('',#5049);
#5049 = CARTESIAN_POINT('',(-10.60224622875,39.778888873371,2.2));
#5050 = SURFACE_CURVE('',#5051,(#5055,#5061),.PCURVE_S1.);
#5051 = LINE('',#5052,#5053);
#5052 = CARTESIAN_POINT('',(-30.,39.778888873371,2.2));
#5053 = VECTOR('',#5054,1.);
#5054 = DIRECTION('',(1.,0.,0.));
#5055 = PCURVE('',#4673,#5056);
#5056 = DEFINITIONAL_REPRESENTATION('',(#5057),#5060);
#5057 = B_SPLINE_CURVE_WITH_KNOTS('',1,(#5058,#5059),.UNSPECIFIED.,.F.,
  .F.,(2,2),(-23.76,23.76),.PIECEWISE_BEZIER_KNOTS.);
#5058 = CARTESIAN_POINT('',(-23.75999999261,39.778888873371));
#5059 = CARTESIAN_POINT('',(23.760000007381,39.778888873371));
#5060 = ( GEOMETRIC_REPRESENTATION_CONTEXT(2) 
PARAMETRIC_REPRESENTATION_CONTEXT() REPRESENTATION_CONTEXT('2D SPACE',''
  ) );
#5061 = PCURVE('',#5062,#5067);
#5062 = CYLINDRICAL_SURFACE('',#5063,40.);
#5063 = AXIS2_PLACEMENT_3D('',#5064,#5065,#5066);
#5064 = CARTESIAN_POINT('',(-30.,0.,-2.));
#5065 = DIRECTION('',(1.,0.,0.));
#5066 = DIRECTION('',(0.,1.,0.));
#5067 = DEFINITIONAL_REPRESENTATION('',(#5068),#5071);
#5068 = B_SPLINE_CURVE_WITH_KNOTS('',1,(#5069,#5070),.UNSPECIFIED.,.F.,
  .F.,(2,2),(-23.76,23.76),.PIECEWISE_BEZIER_KNOTS.);
#5069 = CARTESIAN_POINT('',(0.10519390104,-23.76));
#5070 = CARTESIAN_POINT('',(0.10519390104,23.76));
#5071 = ( GEOMETRIC_REPRESENTATION_CONTEXT(2) 
PARAMETRIC_REPRESENTATION_CONTEXT() REPRESENTATION_CONTEXT('2D SPACE',''
  ) );
#5072 = ORIENTED_EDGE('',*,*,#5073,.F.);
#5073 = EDGE_CURVE('',#5074,#5048,#5076,.T.);
#5074 = VERTEX_POINT('',#5075);
#5075 = CARTESIAN_POINT('',(-20.00000003642,46.8,2.2));
#5076 = SURFACE_CURVE('',#5077,(#5082,#5093),.PCURVE_S1.);
#5077 = CIRCLE('',#5078,9.8);
#5078 = AXIS2_PLACEMENT_3D('',#5079,#5080,#5081);
#5079 = CARTESIAN_POINT('',(-20.00000003642,37.,2.2));
#5080 = DIRECTION('',(0.,0.,-1.));
#5081 = DIRECTION('',(-1.,0.,0.));
#5082 = PCURVE('',#4673,#5083);
#5083 = DEFINITIONAL_REPRESENTATION('',(#5084),#5092);
#5084 = ( BOUNDED_CURVE() B_SPLINE_CURVE(2,(#5085,#5086,#5087,#5088,
#5089,#5090,#5091),.UNSPECIFIED.,.T.,.F.) B_SPLINE_CURVE_WITH_KNOTS((1,2
    ,2,2,2,1),(-2.094395102393,0.,2.094395102393,4.188790204786,
6.28318530718,8.377580409573),.UNSPECIFIED.) CURVE() 
GEOMETRIC_REPRESENTATION_ITEM() RATIONAL_B_SPLINE_CURVE((1.,0.5,1.,0.5,
1.,0.5,1.)) REPRESENTATION_ITEM('') );
#5085 = CARTESIAN_POINT('',(0.19999997096,37.));
#5086 = CARTESIAN_POINT('',(0.19999997096,53.974097914175));
#5087 = CARTESIAN_POINT('',(14.89999997096,45.487048957088));
#5088 = CARTESIAN_POINT('',(29.59999997096,37.));
#5089 = CARTESIAN_POINT('',(14.89999997096,28.512951042913));
#5090 = CARTESIAN_POINT('',(0.19999997096,20.025902085825));
#5091 = CARTESIAN_POINT('',(0.19999997096,37.));
#5092 = ( GEOMETRIC_REPRESENTATION_CONTEXT(2) 
PARAMETRIC_REPRESENTATION_CONTEXT() REPRESENTATION_CONTEXT('2D SPACE',''
  ) );
#5093 = PCURVE('',#5094,#5099);
#5094 = CYLINDRICAL_SURFACE('',#5095,9.8);
#5095 = AXIS2_PLACEMENT_3D('',#5096,#5097,#5098);
#5096 = CARTESIAN_POINT('',(-20.00000003642,37.,2.2));
#5097 = DIRECTION('',(0.,0.,-1.));
#5098 = DIRECTION('',(-1.,0.,0.));
#5099 = DEFINITIONAL_REPRESENTATION('',(#5100),#5104);
#5100 = LINE('',#5101,#5102);
#5101 = CARTESIAN_POINT('',(0.,0.));
#5102 = VECTOR('',#5103,1.);
#5103 = DIRECTION('',(1.,0.));
#5104 = ( GEOMETRIC_REPRESENTATION_CONTEXT(2) 
PARAMETRIC_REPRESENTATION_CONTEXT() REPRESENTATION_CONTEXT('2D SPACE',''
  ) );
#5105 = ORIENTED_EDGE('',*,*,#5106,.F.);
#5106 = EDGE_CURVE('',#4831,#5074,#5107,.T.);
#5107 = SURFACE_CURVE('',#5108,(#5112,#5119),.PCURVE_S1.);
#5108 = LINE('',#5109,#5110);
#5109 = CARTESIAN_POINT('',(-30.,46.8,2.2));
#5110 = VECTOR('',#5111,1.);
#5111 = DIRECTION('',(1.,0.,0.));
#5112 = PCURVE('',#4673,#5113);
#5113 = DEFINITIONAL_REPRESENTATION('',(#5114),#5118);
#5114 = LINE('',#5115,#5116);
#5115 = CARTESIAN_POINT('',(7.381152447177E-09,46.8));
#5116 = VECTOR('',#5117,1.);
#5117 = DIRECTION('',(1.,0.));
#5118 = ( GEOMETRIC_REPRESENTATION_CONTEXT(2) 
PARAMETRIC_REPRESENTATION_CONTEXT() REPRESENTATION_CONTEXT('2D SPACE',''
  ) );
#5119 = PCURVE('',#5120,#5125);
#5120 = PLANE('',#5121);
#5121 = AXIS2_PLACEMENT_3D('',#5122,#5123,#5124);
#5122 = CARTESIAN_POINT('',(-40.,46.8,2.2));
#5123 = DIRECTION('',(0.,1.,0.));
#5124 = DIRECTION('',(1.,0.,0.));
#5125 = DEFINITIONAL_REPRESENTATION('',(#5126),#5130);
#5126 = LINE('',#5127,#5128);
#5127 = CARTESIAN_POINT('',(10.,0.));
#5128 = VECTOR('',#5129,1.);
#5129 = DIRECTION('',(1.,0.));
#5130 = ( GEOMETRIC_REPRESENTATION_CONTEXT(2) 
PARAMETRIC_REPRESENTATION_CONTEXT() REPRESENTATION_CONTEXT('2D SPACE',''
  ) );
#5131 = ADVANCED_FACE('',(#5132,#5135),#4614,.T.);
#5132 = FACE_BOUND('',#5133,.T.);
#5133 = EDGE_LOOP('',(#5134));
#5134 = ORIENTED_EDGE('',*,*,#4599,.T.);
#5135 = FACE_BOUND('',#5136,.T.);
#5136 = EDGE_LOOP('',(#5137));
#5137 = ORIENTED_EDGE('',*,*,#5138,.T.);
#5138 = EDGE_CURVE('',#5139,#5139,#5141,.T.);
#5139 = VERTEX_POINT('',#5140);
#5140 = CARTESIAN_POINT('',(-19.6,39.,5.7));
#5141 = SURFACE_CURVE('',#5142,(#5147,#5158),.PCURVE_S1.);
#5142 = CIRCLE('',#5143,1.1);
#5143 = AXIS2_PLACEMENT_3D('',#5144,#5145,#5146);
#5144 = CARTESIAN_POINT('',(-18.5,39.,5.7));
#5145 = DIRECTION('',(0.,0.,-1.));
#5146 = DIRECTION('',(-1.,0.,0.));
#5147 = PCURVE('',#4614,#5148);
#5148 = DEFINITIONAL_REPRESENTATION('',(#5149),#5157);
#5149 = ( BOUNDED_CURVE() B_SPLINE_CURVE(2,(#5150,#5151,#5152,#5153,
#5154,#5155,#5156),.UNSPECIFIED.,.T.,.F.) B_SPLINE_CURVE_WITH_KNOTS((1,2
    ,2,2,2,1),(-2.094395102393,0.,2.094395102393,4.188790204786,
6.28318530718,8.377580409573),.UNSPECIFIED.) CURVE() 
GEOMETRIC_REPRESENTATION_ITEM() RATIONAL_B_SPLINE_CURVE((1.,0.5,1.,0.5,
1.,0.5,1.)) REPRESENTATION_ITEM('') );
#5150 = CARTESIAN_POINT('',(-1.1,0.));
#5151 = CARTESIAN_POINT('',(-1.1,1.905255888326));
#5152 = CARTESIAN_POINT('',(0.55,0.952627944163));
#5153 = CARTESIAN_POINT('',(2.2,2.694222958124E-16));
#5154 = CARTESIAN_POINT('',(0.55,-0.952627944163));
#5155 = CARTESIAN_POINT('',(-1.1,-1.905255888326));
#5156 = CARTESIAN_POINT('',(-1.1,0.));
#5157 = ( GEOMETRIC_REPRESENTATION_CONTEXT(2) 
PARAMETRIC_REPRESENTATION_CONTEXT() REPRESENTATION_CONTEXT('2D SPACE',''
  ) );
#5158 = PCURVE('',#4787,#5159);
#5159 = DEFINITIONAL_REPRESENTATION('',(#5160),#5164);
#5160 = LINE('',#5161,#5162);
#5161 = CARTESIAN_POINT('',(0.,1.));
#5162 = VECTOR('',#5163,1.);
#5163 = DIRECTION('',(1.,0.));
#5164 = ( GEOMETRIC_REPRESENTATION_CONTEXT(2) 
PARAMETRIC_REPRESENTATION_CONTEXT() REPRESENTATION_CONTEXT('2D SPACE',''
  ) );
#5165 = ADVANCED_FACE('',(#5166),#4726,.F.);
#5166 = FACE_BOUND('',#5167,.F.);
#5167 = EDGE_LOOP('',(#5168,#5196,#5251,#5276,#5277,#5278));
#5168 = ORIENTED_EDGE('',*,*,#5169,.F.);
#5169 = EDGE_CURVE('',#5170,#5172,#5174,.T.);
#5170 = VERTEX_POINT('',#5171);
#5171 = CARTESIAN_POINT('',(-40.94541957449,39.949968710876,0.));
#5172 = VERTEX_POINT('',#5173);
#5173 = CARTESIAN_POINT('',(-19.0545804255,39.949968710876,0.));
#5174 = SURFACE_CURVE('',#5175,(#5179,#5185),.PCURVE_S1.);
#5175 = LINE('',#5176,#5177);
#5176 = CARTESIAN_POINT('',(-30.,39.949968710876,0.));
#5177 = VECTOR('',#5178,1.);
#5178 = DIRECTION('',(1.,0.,0.));
#5179 = PCURVE('',#4726,#5180);
#5180 = DEFINITIONAL_REPRESENTATION('',(#5181),#5184);
#5181 = B_SPLINE_CURVE_WITH_KNOTS('',1,(#5182,#5183),.UNSPECIFIED.,.F.,
  .F.,(2,2),(-26.4,26.4),.PIECEWISE_BEZIER_KNOTS.);
#5182 = CARTESIAN_POINT('',(5.002085680577E-02,-26.4));
#5183 = CARTESIAN_POINT('',(5.002085680577E-02,26.4));
#5184 = ( GEOMETRIC_REPRESENTATION_CONTEXT(2) 
PARAMETRIC_REPRESENTATION_CONTEXT() REPRESENTATION_CONTEXT('2D SPACE',''
  ) );
#5185 = PCURVE('',#5186,#5191);
#5186 = PLANE('',#5187);
#5187 = AXIS2_PLACEMENT_3D('',#5188,#5189,#5190);
#5188 = CARTESIAN_POINT('',(-30.00000000547,-1.73210767953E-15,0.));
#5189 = DIRECTION('',(0.,0.,1.));
#5190 = DIRECTION('',(1.,0.,0.));
#5191 = DEFINITIONAL_REPRESENTATION('',(#5192),#5195);
#5192 = B_SPLINE_CURVE_WITH_KNOTS('',1,(#5193,#5194),.UNSPECIFIED.,.F.,
  .F.,(2,2),(-26.4,26.4),.PIECEWISE_BEZIER_KNOTS.);
#5193 = CARTESIAN_POINT('',(-26.39999999452,39.949968710876));
#5194 = CARTESIAN_POINT('',(26.400000005475,39.949968710876));
#5195 = ( GEOMETRIC_REPRESENTATION_CONTEXT(2) 
PARAMETRIC_REPRESENTATION_CONTEXT() REPRESENTATION_CONTEXT('2D SPACE',''
  ) );
#5196 = ORIENTED_EDGE('',*,*,#5197,.T.);
#5197 = EDGE_CURVE('',#5170,#5198,#5200,.T.);
#5198 = VERTEX_POINT('',#5199);
#5199 = CARTESIAN_POINT('',(-40.72325543263,39.778888873371,2.2));
#5200 = SURFACE_CURVE('',#5201,(#5214,#5230),.PCURVE_S1.);
#5201 = B_SPLINE_CURVE_WITH_KNOTS('',6,(#5202,#5203,#5204,#5205,#5206,
    #5207,#5208,#5209,#5210,#5211,#5212,#5213),.UNSPECIFIED.,.F.,.F.,(7,
    5,7),(0.,0.957198003862,1.),.UNSPECIFIED.);
#5202 = CARTESIAN_POINT('',(-40.94541957449,39.949968710876,
    -8.659739592076E-15));
#5203 = CARTESIAN_POINT('',(-40.91523725598,39.932348632607,
    0.351960787764));
#5204 = CARTESIAN_POINT('',(-40.88131666972,39.911003749997,
    0.703811980571));
#5205 = CARTESIAN_POINT('',(-40.84512503748,39.885941843458,
    1.055339865291));
#5206 = CARTESIAN_POINT('',(-40.80789399671,39.857203311009,
    1.405917385913));
#5207 = CARTESIAN_POINT('',(-40.77041905687,39.82486544803,
    1.755556275613));
#5208 = CARTESIAN_POINT('',(-40.73155888756,39.787085534189,
    2.121658993248));
#5209 = CARTESIAN_POINT('',(-40.72989637999,39.785461054132,
    2.137328338446));
#5210 = CARTESIAN_POINT('',(-40.72823471957,39.783829148898,
    2.152997106782));
#5211 = CARTESIAN_POINT('',(-40.7265739677,39.782189817619,2.16866530323
    ));
#5212 = CARTESIAN_POINT('',(-40.72491418527,39.780543059412,
    2.184332932694));
#5213 = CARTESIAN_POINT('',(-40.72325543262,39.778888873371,
    2.200000000005));
#5214 = PCURVE('',#4726,#5215);
#5215 = DEFINITIONAL_REPRESENTATION('',(#5216),#5229);
#5216 = B_SPLINE_CURVE_WITH_KNOTS('',6,(#5217,#5218,#5219,#5220,#5221,
    #5222,#5223,#5224,#5225,#5226,#5227,#5228),.UNSPECIFIED.,.F.,.F.,(7,
    5,7),(0.,0.957198003862,1.),.UNSPECIFIED.);
#5217 = CARTESIAN_POINT('',(5.002085680577E-02,-10.94541957449));
#5218 = CARTESIAN_POINT('',(5.883089594026E-02,-10.91523725598));
#5219 = CARTESIAN_POINT('',(6.764285608026E-02,-10.88131666972));
#5220 = CARTESIAN_POINT('',(7.645261223161E-02,-10.84512503748));
#5221 = CARTESIAN_POINT('',(8.524572541545E-02,-10.80789399671));
#5222 = CARTESIAN_POINT('',(9.402351229092E-02,-10.77041905687));
#5223 = CARTESIAN_POINT('',(0.10322468483,-10.73155888756));
#5224 = CARTESIAN_POINT('',(0.103618517963,-10.72989637999));
#5225 = CARTESIAN_POINT('',(0.104012355916,-10.72823471957));
#5226 = CARTESIAN_POINT('',(0.104406198924,-10.7265739677));
#5227 = CARTESIAN_POINT('',(0.104800047221,-10.72491418527));
#5228 = CARTESIAN_POINT('',(0.105193901041,-10.72325543262));
#5229 = ( GEOMETRIC_REPRESENTATION_CONTEXT(2) 
PARAMETRIC_REPRESENTATION_CONTEXT() REPRESENTATION_CONTEXT('2D SPACE',''
  ) );
#5230 = PCURVE('',#5231,#5236);
#5231 = CYLINDRICAL_SURFACE('',#5232,1.1);
#5232 = AXIS2_PLACEMENT_3D('',#5233,#5234,#5235);
#5233 = CARTESIAN_POINT('',(-41.5,39.,6.7));
#5234 = DIRECTION('',(0.,0.,-1.));
#5235 = DIRECTION('',(-1.,0.,0.));
#5236 = DEFINITIONAL_REPRESENTATION('',(#5237),#5250);
#5237 = B_SPLINE_CURVE_WITH_KNOTS('',6,(#5238,#5239,#5240,#5241,#5242,
    #5243,#5244,#5245,#5246,#5247,#5248,#5249),.UNSPECIFIED.,.F.,.F.,(7,
    5,7),(0.,0.957198003862,1.),.UNSPECIFIED.);
#5238 = CARTESIAN_POINT('',(2.099210013264,6.7));
#5239 = CARTESIAN_POINT('',(2.130981921284,6.348039212236));
#5240 = CARTESIAN_POINT('',(2.167396410162,5.996188019429));
#5241 = CARTESIAN_POINT('',(2.207352409812,5.644660134709));
#5242 = CARTESIAN_POINT('',(2.250018135305,5.294082614087));
#5243 = CARTESIAN_POINT('',(2.294938139723,4.944443724387));
#5244 = CARTESIAN_POINT('',(2.344209144797,4.578341006752));
#5245 = CARTESIAN_POINT('',(2.346322235128,4.562671661554));
#5246 = CARTESIAN_POINT('',(2.348439495492,4.547002893218));
#5247 = CARTESIAN_POINT('',(2.350560903635,4.53133469677));
#5248 = CARTESIAN_POINT('',(2.352686437986,4.515667067306));
#5249 = CARTESIAN_POINT('',(2.354816077653,4.499999999995));
#5250 = ( GEOMETRIC_REPRESENTATION_CONTEXT(2) 
PARAMETRIC_REPRESENTATION_CONTEXT() REPRESENTATION_CONTEXT('2D SPACE',''
  ) );
#5251 = ORIENTED_EDGE('',*,*,#5252,.T.);
#5252 = EDGE_CURVE('',#5198,#4945,#5253,.T.);
#5253 = SURFACE_CURVE('',#5254,(#5258,#5264),.PCURVE_S1.);
#5254 = LINE('',#5255,#5256);
#5255 = CARTESIAN_POINT('',(-30.,39.778888873371,2.2));
#5256 = VECTOR('',#5257,1.);
#5257 = DIRECTION('',(1.,0.,0.));
#5258 = PCURVE('',#4726,#5259);
#5259 = DEFINITIONAL_REPRESENTATION('',(#5260),#5263);
#5260 = B_SPLINE_CURVE_WITH_KNOTS('',1,(#5261,#5262),.UNSPECIFIED.,.F.,
  .F.,(2,2),(-23.76,23.76),.PIECEWISE_BEZIER_KNOTS.);
#5261 = CARTESIAN_POINT('',(0.10519390104,-23.76));
#5262 = CARTESIAN_POINT('',(0.10519390104,23.76));
#5263 = ( GEOMETRIC_REPRESENTATION_CONTEXT(2) 
PARAMETRIC_REPRESENTATION_CONTEXT() REPRESENTATION_CONTEXT('2D SPACE',''
  ) );
#5264 = PCURVE('',#5265,#5270);
#5265 = PLANE('',#5266);
#5266 = AXIS2_PLACEMENT_3D('',#5267,#5268,#5269);
#5267 = CARTESIAN_POINT('',(-41.5,39.,2.2));
#5268 = DIRECTION('',(0.,0.,1.));
#5269 = DIRECTION('',(1.,0.,0.));
#5270 = DEFINITIONAL_REPRESENTATION('',(#5271),#5275);
#5271 = LINE('',#5272,#5273);
#5272 = CARTESIAN_POINT('',(11.5,0.778888873371));
#5273 = VECTOR('',#5274,1.);
#5274 = DIRECTION('',(1.,0.));
#5275 = ( GEOMETRIC_REPRESENTATION_CONTEXT(2) 
PARAMETRIC_REPRESENTATION_CONTEXT() REPRESENTATION_CONTEXT('2D SPACE',''
  ) );
#5276 = ORIENTED_EDGE('',*,*,#4973,.T.);
#5277 = ORIENTED_EDGE('',*,*,#4710,.T.);
#5278 = ORIENTED_EDGE('',*,*,#5279,.T.);
#5279 = EDGE_CURVE('',#4711,#5172,#5280,.T.);
#5280 = SURFACE_CURVE('',#5281,(#5294,#5310),.PCURVE_S1.);
#5281 = B_SPLINE_CURVE_WITH_KNOTS('',6,(#5282,#5283,#5284,#5285,#5286,
    #5287,#5288,#5289,#5290,#5291,#5292,#5293),.UNSPECIFIED.,.F.,.F.,(7,
    5,7),(0.,4.364087161921E-02,1.),.UNSPECIFIED.);
#5282 = CARTESIAN_POINT('',(-19.27674456737,39.778888873371,
    2.200000000005));
#5283 = CARTESIAN_POINT('',(-19.27505351895,39.780575266274,
    2.184027896221));
#5284 = CARTESIAN_POINT('',(-19.27336140025,39.782253939293,
    2.168055208146));
#5285 = CARTESIAN_POINT('',(-19.27166827522,39.78392489338,
    2.152081930716));
#5286 = CARTESIAN_POINT('',(-19.26997420838,39.785588129471,
    2.13610805875));
#5287 = CARTESIAN_POINT('',(-19.26827926482,39.787243648485,
    2.12013358696));
#5288 = CARTESIAN_POINT('',(-19.22942223437,39.825001896148,
    1.754075888655));
#5289 = CARTESIAN_POINT('',(-19.19197456809,39.857305626145,
    1.40467719733));
#5290 = CARTESIAN_POINT('',(-19.15478134938,39.886006797918,
    1.054437315317));
#5291 = CARTESIAN_POINT('',(-19.11861517063,39.911047053944,
    0.703107421229));
#5292 = CARTESIAN_POINT('',(-19.08473326875,39.93236583991,0.35161707216
    ));
#5293 = CARTESIAN_POINT('',(-19.0545804255,39.949968710876,
    -8.659739592076E-15));
#5294 = PCURVE('',#4726,#5295);
#5295 = DEFINITIONAL_REPRESENTATION('',(#5296),#5309);
#5296 = B_SPLINE_CURVE_WITH_KNOTS('',6,(#5297,#5298,#5299,#5300,#5301,
    #5302,#5303,#5304,#5305,#5306,#5307,#5308),.UNSPECIFIED.,.F.,.F.,(7,
    5,7),(0.,4.364087161921E-02,1.),.UNSPECIFIED.);
#5297 = CARTESIAN_POINT('',(0.105193901041,10.723255432629));
#5298 = CARTESIAN_POINT('',(0.104792378921,10.724946481043));
#5299 = CARTESIAN_POINT('',(0.104390862539,10.726638599749));
#5300 = CARTESIAN_POINT('',(0.103989351651,10.728331724778));
#5301 = CARTESIAN_POINT('',(0.103587846008,10.730025791611));
#5302 = CARTESIAN_POINT('',(0.10318634536,10.731720735177));
#5303 = CARTESIAN_POINT('',(9.398634794979E-02,10.770577765629));
#5304 = CARTESIAN_POINT('',(8.521461749447E-02,10.808025431908));
#5305 = CARTESIAN_POINT('',(7.642999225404E-02,10.84521865062));
#5306 = CARTESIAN_POINT('',(6.762520985782E-02,10.881384829369));
#5307 = CARTESIAN_POINT('',(5.882229228885E-02,10.915266731243));
#5308 = CARTESIAN_POINT('',(5.002085680577E-02,10.945419574493));
#5309 = ( GEOMETRIC_REPRESENTATION_CONTEXT(2) 
PARAMETRIC_REPRESENTATION_CONTEXT() REPRESENTATION_CONTEXT('2D SPACE',''
  ) );
#5310 = PCURVE('',#4787,#5311);
#5311 = DEFINITIONAL_REPRESENTATION('',(#5312),#5325);
#5312 = B_SPLINE_CURVE_WITH_KNOTS('',6,(#5313,#5314,#5315,#5316,#5317,
    #5318,#5319,#5320,#5321,#5322,#5323,#5324),.UNSPECIFIED.,.F.,.F.,(7,
    5,7),(0.,4.364087161921E-02,1.),.UNSPECIFIED.);
#5313 = CARTESIAN_POINT('',(0.786776575937,4.499999999995));
#5314 = CARTESIAN_POINT('',(0.788947679507,4.515972103779));
#5315 = CARTESIAN_POINT('',(0.79111451635,4.531944791854));
#5316 = CARTESIAN_POINT('',(0.793277064322,4.547918069284));
#5317 = CARTESIAN_POINT('',(0.79543530055,4.56389194125));
#5318 = CARTESIAN_POINT('',(0.797589201431,4.57986641304));
#5319 = CARTESIAN_POINT('',(0.846844432156,4.945924111345));
#5320 = CARTESIAN_POINT('',(0.891725654132,5.29532280267));
#5321 = CARTESIAN_POINT('',(0.934343675827,5.645562684683));
#5322 = CARTESIAN_POINT('',(0.974269588338,5.996892578771));
#5323 = CARTESIAN_POINT('',(1.010641759912,6.34838292784));
#5324 = CARTESIAN_POINT('',(1.042382640326,6.7));
#5325 = ( GEOMETRIC_REPRESENTATION_CONTEXT(2) 
PARAMETRIC_REPRESENTATION_CONTEXT() REPRESENTATION_CONTEXT('2D SPACE',''
  ) );
#5326 = ADVANCED_FACE('',(#5327),#4787,.F.);
#5327 = FACE_BOUND('',#5328,.F.);
#5328 = EDGE_LOOP('',(#5329,#5330,#5351,#5352,#5353,#5354,#5404,#5430));
#5329 = ORIENTED_EDGE('',*,*,#4799,.F.);
#5330 = ORIENTED_EDGE('',*,*,#5331,.F.);
#5331 = EDGE_CURVE('',#5139,#4767,#5332,.T.);
#5332 = SEAM_CURVE('',#5333,(#5337,#5344),.PCURVE_S1.);
#5333 = LINE('',#5334,#5335);
#5334 = CARTESIAN_POINT('',(-19.6,39.,6.7));
#5335 = VECTOR('',#5336,1.);
#5336 = DIRECTION('',(0.,0.,-1.));
#5337 = PCURVE('',#4787,#5338);
#5338 = DEFINITIONAL_REPRESENTATION('',(#5339),#5343);
#5339 = LINE('',#5340,#5341);
#5340 = CARTESIAN_POINT('',(6.28318530718,-0.));
#5341 = VECTOR('',#5342,1.);
#5342 = DIRECTION('',(0.,1.));
#5343 = ( GEOMETRIC_REPRESENTATION_CONTEXT(2) 
PARAMETRIC_REPRESENTATION_CONTEXT() REPRESENTATION_CONTEXT('2D SPACE',''
  ) );
#5344 = PCURVE('',#4787,#5345);
#5345 = DEFINITIONAL_REPRESENTATION('',(#5346),#5350);
#5346 = LINE('',#5347,#5348);
#5347 = CARTESIAN_POINT('',(0.,-0.));
#5348 = VECTOR('',#5349,1.);
#5349 = DIRECTION('',(0.,1.));
#5350 = ( GEOMETRIC_REPRESENTATION_CONTEXT(2) 
PARAMETRIC_REPRESENTATION_CONTEXT() REPRESENTATION_CONTEXT('2D SPACE',''
  ) );
#5351 = ORIENTED_EDGE('',*,*,#5138,.T.);
#5352 = ORIENTED_EDGE('',*,*,#5331,.T.);
#5353 = ORIENTED_EDGE('',*,*,#4766,.F.);
#5354 = ORIENTED_EDGE('',*,*,#5355,.F.);
#5355 = EDGE_CURVE('',#5356,#4740,#5358,.T.);
#5356 = VERTEX_POINT('',#5357);
#5357 = CARTESIAN_POINT('',(-17.94541957449,39.949968710876,0.));
#5358 = SURFACE_CURVE('',#5359,(#5372,#5388),.PCURVE_S1.);
#5359 = B_SPLINE_CURVE_WITH_KNOTS('',6,(#5360,#5361,#5362,#5363,#5364,
    #5365,#5366,#5367,#5368,#5369,#5370,#5371),.UNSPECIFIED.,.F.,.F.,(7,
    5,7),(0.,0.957198003862,1.),.UNSPECIFIED.);
#5360 = CARTESIAN_POINT('',(-17.94541957449,39.949968710876,
    -8.659739592076E-15));
#5361 = CARTESIAN_POINT('',(-17.91523725598,39.932348632607,
    0.351960787768));
#5362 = CARTESIAN_POINT('',(-17.88131666972,39.911003749997,
    0.70381198057));
#5363 = CARTESIAN_POINT('',(-17.84512503748,39.885941843458,
    1.055339865288));
#5364 = CARTESIAN_POINT('',(-17.80789399671,39.857203311009,
    1.405917385913));
#5365 = CARTESIAN_POINT('',(-17.77041905687,39.82486544803,
    1.755556275615));
#5366 = CARTESIAN_POINT('',(-17.73155888756,39.787085534189,
    2.121658993248));
#5367 = CARTESIAN_POINT('',(-17.72989637999,39.785461054132,
    2.137328338446));
#5368 = CARTESIAN_POINT('',(-17.72823471957,39.783829148898,
    2.152997106782));
#5369 = CARTESIAN_POINT('',(-17.7265739677,39.782189817619,2.16866530323
    ));
#5370 = CARTESIAN_POINT('',(-17.72491418527,39.780543059412,
    2.184332932694));
#5371 = CARTESIAN_POINT('',(-17.72325543262,39.778888873371,
    2.200000000005));
#5372 = PCURVE('',#4787,#5373);
#5373 = DEFINITIONAL_REPRESENTATION('',(#5374),#5387);
#5374 = B_SPLINE_CURVE_WITH_KNOTS('',6,(#5375,#5376,#5377,#5378,#5379,
    #5380,#5381,#5382,#5383,#5384,#5385,#5386),.UNSPECIFIED.,.F.,.F.,(7,
    5,7),(0.,0.957198003862,1.),.UNSPECIFIED.);
#5375 = CARTESIAN_POINT('',(2.099210013264,6.7));
#5376 = CARTESIAN_POINT('',(2.130981921284,6.348039212232));
#5377 = CARTESIAN_POINT('',(2.167396410162,5.99618801943));
#5378 = CARTESIAN_POINT('',(2.207352409812,5.644660134712));
#5379 = CARTESIAN_POINT('',(2.250018135305,5.294082614087));
#5380 = CARTESIAN_POINT('',(2.294938139723,4.944443724385));
#5381 = CARTESIAN_POINT('',(2.344209144797,4.578341006752));
#5382 = CARTESIAN_POINT('',(2.346322235128,4.562671661554));
#5383 = CARTESIAN_POINT('',(2.348439495492,4.547002893218));
#5384 = CARTESIAN_POINT('',(2.350560903635,4.53133469677));
#5385 = CARTESIAN_POINT('',(2.352686437986,4.515667067306));
#5386 = CARTESIAN_POINT('',(2.354816077653,4.499999999995));
#5387 = ( GEOMETRIC_REPRESENTATION_CONTEXT(2) 
PARAMETRIC_REPRESENTATION_CONTEXT() REPRESENTATION_CONTEXT('2D SPACE',''
  ) );
#5388 = PCURVE('',#4755,#5389);
#5389 = DEFINITIONAL_REPRESENTATION('',(#5390),#5403);
#5390 = B_SPLINE_CURVE_WITH_KNOTS('',6,(#5391,#5392,#5393,#5394,#5395,
    #5396,#5397,#5398,#5399,#5400,#5401,#5402),.UNSPECIFIED.,.F.,.F.,(7,
    5,7),(0.,0.957198003862,1.),.UNSPECIFIED.);
#5391 = CARTESIAN_POINT('',(5.002085680577E-02,12.054580425507));
#5392 = CARTESIAN_POINT('',(5.883089594034E-02,12.084762744012));
#5393 = CARTESIAN_POINT('',(6.764285608024E-02,12.118683330273));
#5394 = CARTESIAN_POINT('',(7.645261223153E-02,12.154874962518));
#5395 = CARTESIAN_POINT('',(8.524572541545E-02,12.192106003285));
#5396 = CARTESIAN_POINT('',(9.402351229097E-02,12.229580943127));
#5397 = CARTESIAN_POINT('',(0.10322468483,12.268441112437));
#5398 = CARTESIAN_POINT('',(0.103618517963,12.270103620007));
#5399 = CARTESIAN_POINT('',(0.104012355916,12.271765280423));
#5400 = CARTESIAN_POINT('',(0.104406198924,12.273426032291));
#5401 = CARTESIAN_POINT('',(0.104800047221,12.27508581473));
#5402 = CARTESIAN_POINT('',(0.105193901041,12.276744567371));
#5403 = ( GEOMETRIC_REPRESENTATION_CONTEXT(2) 
PARAMETRIC_REPRESENTATION_CONTEXT() REPRESENTATION_CONTEXT('2D SPACE',''
  ) );
#5404 = ORIENTED_EDGE('',*,*,#5405,.F.);
#5405 = EDGE_CURVE('',#5172,#5356,#5406,.T.);
#5406 = SURFACE_CURVE('',#5407,(#5412,#5419),.PCURVE_S1.);
#5407 = CIRCLE('',#5408,1.1);
#5408 = AXIS2_PLACEMENT_3D('',#5409,#5410,#5411);
#5409 = CARTESIAN_POINT('',(-18.5,39.,0.));
#5410 = DIRECTION('',(0.,0.,-1.));
#5411 = DIRECTION('',(-1.,0.,0.));
#5412 = PCURVE('',#4787,#5413);
#5413 = DEFINITIONAL_REPRESENTATION('',(#5414),#5418);
#5414 = LINE('',#5415,#5416);
#5415 = CARTESIAN_POINT('',(0.,6.7));
#5416 = VECTOR('',#5417,1.);
#5417 = DIRECTION('',(1.,0.));
#5418 = ( GEOMETRIC_REPRESENTATION_CONTEXT(2) 
PARAMETRIC_REPRESENTATION_CONTEXT() REPRESENTATION_CONTEXT('2D SPACE',''
  ) );
#5419 = PCURVE('',#5186,#5420);
#5420 = DEFINITIONAL_REPRESENTATION('',(#5421),#5429);
#5421 = ( BOUNDED_CURVE() B_SPLINE_CURVE(2,(#5422,#5423,#5424,#5425,
#5426,#5427,#5428),.UNSPECIFIED.,.T.,.F.) B_SPLINE_CURVE_WITH_KNOTS((1,2
    ,2,2,2,1),(-2.094395102393,0.,2.094395102393,4.188790204786,
6.28318530718,8.377580409573),.UNSPECIFIED.) CURVE() 
GEOMETRIC_REPRESENTATION_ITEM() RATIONAL_B_SPLINE_CURVE((1.,0.5,1.,0.5,
1.,0.5,1.)) REPRESENTATION_ITEM('') );
#5422 = CARTESIAN_POINT('',(10.400000005475,39.));
#5423 = CARTESIAN_POINT('',(10.400000005475,40.905255888326));
#5424 = CARTESIAN_POINT('',(12.050000005475,39.952627944163));
#5425 = CARTESIAN_POINT('',(13.700000005475,39.));
#5426 = CARTESIAN_POINT('',(12.050000005475,38.047372055837));
#5427 = CARTESIAN_POINT('',(10.400000005475,37.094744111674));
#5428 = CARTESIAN_POINT('',(10.400000005475,39.));
#5429 = ( GEOMETRIC_REPRESENTATION_CONTEXT(2) 
PARAMETRIC_REPRESENTATION_CONTEXT() REPRESENTATION_CONTEXT('2D SPACE',''
  ) );
#5430 = ORIENTED_EDGE('',*,*,#5279,.F.);
#5431 = ADVANCED_FACE('',(#5432),#4755,.F.);
#5432 = FACE_BOUND('',#5433,.F.);
#5433 = EDGE_LOOP('',(#5434,#5455,#5456,#5457,#5458,#5508,#5534));
#5434 = ORIENTED_EDGE('',*,*,#5435,.F.);
#5435 = EDGE_CURVE('',#5356,#5436,#5438,.T.);
#5436 = VERTEX_POINT('',#5437);
#5437 = CARTESIAN_POINT('',(-17.02281893137,39.949968710876,0.));
#5438 = SURFACE_CURVE('',#5439,(#5443,#5449),.PCURVE_S1.);
#5439 = LINE('',#5440,#5441);
#5440 = CARTESIAN_POINT('',(-30.,39.949968710876,0.));
#5441 = VECTOR('',#5442,1.);
#5442 = DIRECTION('',(1.,0.,0.));
#5443 = PCURVE('',#4755,#5444);
#5444 = DEFINITIONAL_REPRESENTATION('',(#5445),#5448);
#5445 = B_SPLINE_CURVE_WITH_KNOTS('',1,(#5446,#5447),.UNSPECIFIED.,.F.,
  .F.,(2,2),(-26.4,26.4),.PIECEWISE_BEZIER_KNOTS.);
#5446 = CARTESIAN_POINT('',(5.002085680577E-02,-26.4));
#5447 = CARTESIAN_POINT('',(5.002085680577E-02,26.4));
#5448 = ( GEOMETRIC_REPRESENTATION_CONTEXT(2) 
PARAMETRIC_REPRESENTATION_CONTEXT() REPRESENTATION_CONTEXT('2D SPACE',''
  ) );
#5449 = PCURVE('',#5186,#5450);
#5450 = DEFINITIONAL_REPRESENTATION('',(#5451),#5454);
#5451 = B_SPLINE_CURVE_WITH_KNOTS('',1,(#5452,#5453),.UNSPECIFIED.,.F.,
  .F.,(2,2),(-26.4,26.4),.PIECEWISE_BEZIER_KNOTS.);
#5452 = CARTESIAN_POINT('',(-26.39999999452,39.949968710876));
#5453 = CARTESIAN_POINT('',(26.400000005475,39.949968710876));
#5454 = ( GEOMETRIC_REPRESENTATION_CONTEXT(2) 
PARAMETRIC_REPRESENTATION_CONTEXT() REPRESENTATION_CONTEXT('2D SPACE',''
  ) );
#5455 = ORIENTED_EDGE('',*,*,#5355,.T.);
#5456 = ORIENTED_EDGE('',*,*,#4739,.T.);
#5457 = ORIENTED_EDGE('',*,*,#4993,.T.);
#5458 = ORIENTED_EDGE('',*,*,#5459,.T.);
#5459 = EDGE_CURVE('',#4994,#5460,#5462,.T.);
#5460 = VERTEX_POINT('',#5461);
#5461 = CARTESIAN_POINT('',(-15.27167308921,39.871794542151,1.2));
#5462 = SURFACE_CURVE('',#5463,(#5478,#5496),.PCURVE_S1.);
#5463 = B_SPLINE_CURVE_WITH_KNOTS('',7,(#5464,#5465,#5466,#5467,#5468,
    #5469,#5470,#5471,#5472,#5473,#5474,#5475,#5476,#5477),
  .UNSPECIFIED.,.F.,.F.,(8,6,8),(0.,0.482027835493,1.),.UNSPECIFIED.);
#5464 = CARTESIAN_POINT('',(-14.83033804078,39.516578705146,4.2000006));
#5465 = CARTESIAN_POINT('',(-14.90713434032,39.559565069926,
    3.926020938276));
#5466 = CARTESIAN_POINT('',(-14.97188448094,39.60190018391,
    3.641721368463));
#5467 = CARTESIAN_POINT('',(-15.02672829737,39.642084000591,
    3.354750597749));
#5468 = CARTESIAN_POINT('',(-15.07363532017,39.679606415272,
    3.068853371704));
#5469 = CARTESIAN_POINT('',(-15.11428531373,39.714546960747,
    2.784464467643));
#5470 = CARTESIAN_POINT('',(-15.15003560792,39.747249363483,
    2.499116479502));
#5471 = CARTESIAN_POINT('',(-15.21615380939,39.811202239761,
    1.894527308435));
#5472 = CARTESIAN_POINT('',(-15.24535631603,39.841615911076,
    1.579510707575));
#5473 = CARTESIAN_POINT('',(-15.27025317561,39.86912992324,1.26391938078
    ));
#5474 = CARTESIAN_POINT('',(-15.29144335253,39.893699069511,
    0.948354469305));
#5475 = CARTESIAN_POINT('',(-15.30940104877,39.91534493805,
    0.632849621016));
#5476 = CARTESIAN_POINT('',(-15.32448615164,39.934099629447,
    0.316984653278));
#5477 = CARTESIAN_POINT('',(-15.33694962203,39.949968710876,
    -9.547918011776E-15));
#5478 = PCURVE('',#4755,#5479);
#5479 = DEFINITIONAL_REPRESENTATION('',(#5480),#5495);
#5480 = B_SPLINE_CURVE_WITH_KNOTS('',7,(#5481,#5482,#5483,#5484,#5485,
    #5486,#5487,#5488,#5489,#5490,#5491,#5492,#5493,#5494),
  .UNSPECIFIED.,.F.,.F.,(8,6,8),(0.,0.482027835493,1.),.UNSPECIFIED.);
#5481 = CARTESIAN_POINT('',(0.155627468528,15.169661959216));
#5482 = CARTESIAN_POINT('',(0.148694184557,15.092865659671));
#5483 = CARTESIAN_POINT('',(0.141508544467,15.028115519051));
#5484 = CARTESIAN_POINT('',(0.134264723994,14.973271702626));
#5485 = CARTESIAN_POINT('',(0.127056459545,14.926364679828));
#5486 = CARTESIAN_POINT('',(0.119893652738,14.88571468627));
#5487 = CARTESIAN_POINT('',(0.112713530641,14.849964392076));
#5488 = CARTESIAN_POINT('',(9.751447565054E-02,14.783846190606));
#5489 = CARTESIAN_POINT('',(8.960277251258E-02,14.754643683963));
#5490 = CARTESIAN_POINT('',(8.168360769609E-02,14.729746824389));
#5491 = CARTESIAN_POINT('',(7.377121794845E-02,14.708556647464));
#5492 = CARTESIAN_POINT('',(6.586558766388E-02,14.690598951222));
#5493 = CARTESIAN_POINT('',(5.795539752023E-02,14.675513848356));
#5494 = CARTESIAN_POINT('',(5.002085680577E-02,14.663050377964));
#5495 = ( GEOMETRIC_REPRESENTATION_CONTEXT(2) 
PARAMETRIC_REPRESENTATION_CONTEXT() REPRESENTATION_CONTEXT('2D SPACE',''
  ) );
#5496 = PCURVE('',#5035,#5497);
#5497 = DEFINITIONAL_REPRESENTATION('',(#5498),#5507);
#5498 = B_SPLINE_CURVE_WITH_KNOTS('',7,(#5499,#5500,#5501,#5502,#5503,
    #5504,#5505,#5506),.UNSPECIFIED.,.F.,.F.,(8,8),(0.483844226559,1.),
  .PIECEWISE_BEZIER_KNOTS.);
#5499 = CARTESIAN_POINT('',(5.481828592382,1.999999999999));
#5500 = CARTESIAN_POINT('',(5.509689820376,2.312100875309));
#5501 = CARTESIAN_POINT('',(5.534336373505,2.62602276476));
#5502 = CARTESIAN_POINT('',(5.556036116373,2.940507024813));
#5503 = CARTESIAN_POINT('',(5.57502104897,3.254964719601));
#5504 = CARTESIAN_POINT('',(5.591487034562,3.569365702164));
#5505 = CARTESIAN_POINT('',(5.605586564347,3.884126927868));
#5506 = CARTESIAN_POINT('',(5.61741455884,4.2));
#5507 = ( GEOMETRIC_REPRESENTATION_CONTEXT(2) 
PARAMETRIC_REPRESENTATION_CONTEXT() REPRESENTATION_CONTEXT('2D SPACE',''
  ) );
#5508 = ORIENTED_EDGE('',*,*,#5509,.F.);
#5509 = EDGE_CURVE('',#5510,#5460,#5512,.T.);
#5510 = VERTEX_POINT('',#5511);
#5511 = CARTESIAN_POINT('',(-16.99452040309,39.871794542007,1.2));
#5512 = SURFACE_CURVE('',#5513,(#5517,#5523),.PCURVE_S1.);
#5513 = LINE('',#5514,#5515);
#5514 = CARTESIAN_POINT('',(-30.,39.871794542007,1.2));
#5515 = VECTOR('',#5516,1.);
#5516 = DIRECTION('',(1.,0.,0.));
#5517 = PCURVE('',#4755,#5518);
#5518 = DEFINITIONAL_REPRESENTATION('',(#5519),#5522);
#5519 = B_SPLINE_CURVE_WITH_KNOTS('',1,(#5520,#5521),.UNSPECIFIED.,.F.,
  .F.,(2,2),(12.16,14.817254804648),.PIECEWISE_BEZIER_KNOTS.);
#5520 = CARTESIAN_POINT('',(8.008558003366E-02,12.16));
#5521 = CARTESIAN_POINT('',(8.008558003366E-02,14.817254804648));
#5522 = ( GEOMETRIC_REPRESENTATION_CONTEXT(2) 
PARAMETRIC_REPRESENTATION_CONTEXT() REPRESENTATION_CONTEXT('2D SPACE',''
  ) );
#5523 = PCURVE('',#5524,#5529);
#5524 = PLANE('',#5525);
#5525 = AXIS2_PLACEMENT_3D('',#5526,#5527,#5528);
#5526 = CARTESIAN_POINT('',(-14.,41.,1.2));
#5527 = DIRECTION('',(0.,0.,1.));
#5528 = DIRECTION('',(1.,0.,0.));
#5529 = DEFINITIONAL_REPRESENTATION('',(#5530),#5533);
#5530 = B_SPLINE_CURVE_WITH_KNOTS('',1,(#5531,#5532),.UNSPECIFIED.,.F.,
  .F.,(2,2),(12.16,14.817254804648),.PIECEWISE_BEZIER_KNOTS.);
#5531 = CARTESIAN_POINT('',(-3.84,-1.128205457993));
#5532 = CARTESIAN_POINT('',(-1.182745195352,-1.128205457993));
#5533 = ( GEOMETRIC_REPRESENTATION_CONTEXT(2) 
PARAMETRIC_REPRESENTATION_CONTEXT() REPRESENTATION_CONTEXT('2D SPACE',''
  ) );
#5534 = ORIENTED_EDGE('',*,*,#5535,.F.);
#5535 = EDGE_CURVE('',#5436,#5510,#5536,.T.);
#5536 = SURFACE_CURVE('',#5537,(#5543,#5552),.PCURVE_S1.);
#5537 = B_SPLINE_CURVE_WITH_KNOTS('',4,(#5538,#5539,#5540,#5541,#5542),
  .UNSPECIFIED.,.F.,.F.,(5,5),(0.,1.),.PIECEWISE_BEZIER_KNOTS.);
#5538 = CARTESIAN_POINT('',(-17.02281893137,39.949968710876,
    -9.325873406851E-15));
#5539 = CARTESIAN_POINT('',(-17.01759855801,39.934940355472,
    0.300191164099));
#5540 = CARTESIAN_POINT('',(-17.01122082698,39.916902100237,
    0.600278368851));
#5541 = CARTESIAN_POINT('',(-17.00358473355,39.895853387839,
    0.900228382213));
#5542 = CARTESIAN_POINT('',(-16.99452038495,39.871794493852,1.2000006));
#5543 = PCURVE('',#4755,#5544);
#5544 = DEFINITIONAL_REPRESENTATION('',(#5545),#5551);
#5545 = B_SPLINE_CURVE_WITH_KNOTS('',4,(#5546,#5547,#5548,#5549,#5550),
  .UNSPECIFIED.,.F.,.F.,(5,5),(0.,1.),.PIECEWISE_BEZIER_KNOTS.);
#5546 = CARTESIAN_POINT('',(5.002085680577E-02,12.977181068628));
#5547 = CARTESIAN_POINT('',(5.753503450816E-02,12.982401441981));
#5548 = CARTESIAN_POINT('',(6.505037886424E-02,12.988779173011));
#5549 = CARTESIAN_POINT('',(7.256719212078E-02,12.996415266444));
#5550 = CARTESIAN_POINT('',(8.008559508189E-02,13.005479615047));
#5551 = ( GEOMETRIC_REPRESENTATION_CONTEXT(2) 
PARAMETRIC_REPRESENTATION_CONTEXT() REPRESENTATION_CONTEXT('2D SPACE',''
  ) );
#5552 = PCURVE('',#5553,#5558);
#5553 = CYLINDRICAL_SURFACE('',#5554,3.2);
#5554 = AXIS2_PLACEMENT_3D('',#5555,#5556,#5557);
#5555 = CARTESIAN_POINT('',(-14.,41.,0.));
#5556 = DIRECTION('',(0.,0.,1.));
#5557 = DIRECTION('',(1.,0.,0.));
#5558 = DEFINITIONAL_REPRESENTATION('',(#5559),#5565);
#5559 = B_SPLINE_CURVE_WITH_KNOTS('',4,(#5560,#5561,#5562,#5563,#5564),
  .UNSPECIFIED.,.F.,.F.,(5,5),(0.,0.99999949962),
  .PIECEWISE_BEZIER_KNOTS.);
#5560 = CARTESIAN_POINT('',(9.759106305762,-9.325873406851E-15));
#5561 = CARTESIAN_POINT('',(9.764077939269,0.300191013889));
#5562 = CARTESIAN_POINT('',(9.770056808131,0.600278068536));
#5563 = CARTESIAN_POINT('',(9.777053511794,0.900227931946));
#5564 = CARTESIAN_POINT('',(9.785087812513,1.2));
#5565 = ( GEOMETRIC_REPRESENTATION_CONTEXT(2) 
PARAMETRIC_REPRESENTATION_CONTEXT() REPRESENTATION_CONTEXT('2D SPACE',''
  ) );
#5566 = ADVANCED_FACE('',(#5567),#4851,.F.);
#5567 = FACE_BOUND('',#5568,.F.);
#5568 = EDGE_LOOP('',(#5569,#5570,#5734,#5762,#5795,#5818,#6038));
#5569 = ORIENTED_EDGE('',*,*,#4828,.F.);
#5570 = ORIENTED_EDGE('',*,*,#5571,.T.);
#5571 = EDGE_CURVE('',#4829,#5572,#5574,.T.);
#5572 = VERTEX_POINT('',#5573);
#5573 = CARTESIAN_POINT('',(-49.8,37.,13.198684153571));
#5574 = SURFACE_CURVE('',#5575,(#5626,#5680),.PCURVE_S1.);
#5575 = B_SPLINE_CURVE_WITH_KNOTS('',5,(#5576,#5577,#5578,#5579,#5580,
    #5581,#5582,#5583,#5584,#5585,#5586,#5587,#5588,#5589,#5590,#5591,
    #5592,#5593,#5594,#5595,#5596,#5597,#5598,#5599,#5600,#5601,#5602,
    #5603,#5604,#5605,#5606,#5607,#5608,#5609,#5610,#5611,#5612,#5613,
    #5614,#5615,#5616,#5617,#5618,#5619,#5620,#5621,#5622,#5623,#5624,
    #5625),.UNSPECIFIED.,.F.,.F.,(6,4,4,4,4,4,4,4,4,4,4,4,6),(0.,
    0.332766430208,0.663407024283,0.997809130273,0.998056656795,
    0.998304179985,0.99854316473,0.998782146368,0.999029659789,
    0.999277169878,0.999524676634,0.999772180056,1.),.UNSPECIFIED.);
#5576 = CARTESIAN_POINT('',(-49.39775378893,39.778888936721,2.1999994));
#5577 = CARTESIAN_POINT('',(-49.420956525,39.700421028927,2.943181932174
    ));
#5578 = CARTESIAN_POINT('',(-49.44842360901,39.604520226929,
    3.68526084461));
#5579 = CARTESIAN_POINT('',(-49.47938758875,39.491141176578,
    4.426012867634));
#5580 = CARTESIAN_POINT('',(-49.51276439967,39.360206852036,
    5.165178271056));
#5581 = CARTESIAN_POINT('',(-49.58138538273,39.063981778235,
    6.635032511371));
#5582 = CARTESIAN_POINT('',(-49.61661741885,38.898912033342,
    7.365764351256));
#5583 = CARTESIAN_POINT('',(-49.65153911783,38.716294767716,
    8.094453889105));
#5584 = CARTESIAN_POINT('',(-49.6845375303,38.515978724439,
    8.820855739507));
#5585 = CARTESIAN_POINT('',(-49.74317233755,38.07710738327,
    10.276746613709));
#5586 = CARTESIAN_POINT('',(-49.76871777799,37.838165086807,
    11.006103216641));
#5587 = CARTESIAN_POINT('',(-49.78833752857,37.58073364534,
    11.732608682803));
#5588 = CARTESIAN_POINT('',(-49.79970423292,37.304597921989,
    12.455840509107));
#5589 = CARTESIAN_POINT('',(-49.79999544517,37.009451042561,
    13.175655961422));
#5590 = CARTESIAN_POINT('',(-49.7999956545,37.009232724286,
    13.176188377071));
#5591 = CARTESIAN_POINT('',(-49.79999585776,37.009014395702,
    13.176720790587));
#5592 = CARTESIAN_POINT('',(-49.79999605495,37.008796056809,
    13.177253201969));
#5593 = CARTESIAN_POINT('',(-49.79999643718,37.008359361344,
    13.178318013295));
#5594 = CARTESIAN_POINT('',(-49.79999662222,37.008141004773,
    13.17885041324));
#5595 = CARTESIAN_POINT('',(-49.79999680119,37.007922637893,
    13.17938281105));
#5596 = CARTESIAN_POINT('',(-49.79999697408,37.007704260705,
    13.179915206725));
#5597 = CARTESIAN_POINT('',(-49.79999730196,37.007275019103,
    13.180961628605));
#5598 = CARTESIAN_POINT('',(-49.79999745736,37.007064155388,
    13.181475654956));
#5599 = CARTESIAN_POINT('',(-49.7999976071,37.006853282064,
    13.181989679315));
#5600 = CARTESIAN_POINT('',(-49.79999775117,37.00664239913,
    13.182503701684));
#5601 = CARTESIAN_POINT('',(-49.79999802797,37.006220616782,
    13.183531735757));
#5602 = CARTESIAN_POINT('',(-49.79999816071,37.006009717369,
    13.184045747461));
#5603 = CARTESIAN_POINT('',(-49.79999828778,37.005798808347,
    13.184559757174));
#5604 = CARTESIAN_POINT('',(-49.79999840918,37.005587889714,
    13.185073764896));
#5605 = CARTESIAN_POINT('',(-49.79999864477,37.005158502968,
    13.186120126659));
#5606 = CARTESIAN_POINT('',(-49.79999875855,37.004940034156,
    13.186652480556));
#5607 = CARTESIAN_POINT('',(-49.79999886625,37.004721555036,
    13.187184832316));
#5608 = CARTESIAN_POINT('',(-49.79999896786,37.004503065608,
    13.187717181939));
#5609 = CARTESIAN_POINT('',(-49.79999915892,37.004066069075,
    13.188781869743));
#5610 = CARTESIAN_POINT('',(-49.79999924836,37.003847561972,
    13.189314207924));
#5611 = CARTESIAN_POINT('',(-49.79999933171,37.00362904456,
    13.189846543967));
#5612 = CARTESIAN_POINT('',(-49.79999940898,37.00341051684,
    13.190378877873));
#5613 = CARTESIAN_POINT('',(-49.79999955134,37.002973443726,
    13.191443534241));
#5614 = CARTESIAN_POINT('',(-49.79999961643,37.002754898332,
    13.191975856703));
#5615 = CARTESIAN_POINT('',(-49.79999967544,37.00253634263,
    13.192508177027));
#5616 = CARTESIAN_POINT('',(-49.79999972835,37.00231777662,
    13.193040495213));
#5617 = CARTESIAN_POINT('',(-49.79999982199,37.001880626926,
    13.19410512014));
#5618 = CARTESIAN_POINT('',(-49.79999986271,37.001662043243,
    13.19463742688));
#5619 = CARTESIAN_POINT('',(-49.79999989735,37.001443449251,
    13.195169731482));
#5620 = CARTESIAN_POINT('',(-49.79999992589,37.001224844952,
    13.195702033946));
#5621 = CARTESIAN_POINT('',(-49.799999969,37.000805001743,
    13.196724301755));
#5622 = CARTESIAN_POINT('',(-49.7999999845,37.000603764408,
    13.197214267428));
#5623 = CARTESIAN_POINT('',(-49.79999999483,37.000402518339,
    13.197704231289));
#5624 = CARTESIAN_POINT('',(-49.8,37.000201263537,13.198194193336));
#5625 = CARTESIAN_POINT('',(-49.8,37.,13.198684153571));
#5626 = PCURVE('',#4851,#5627);
#5627 = DEFINITIONAL_REPRESENTATION('',(#5628),#5679);
#5628 = B_SPLINE_CURVE_WITH_KNOTS('',5,(#5629,#5630,#5631,#5632,#5633,
    #5634,#5635,#5636,#5637,#5638,#5639,#5640,#5641,#5642,#5643,#5644,
    #5645,#5646,#5647,#5648,#5649,#5650,#5651,#5652,#5653,#5654,#5655,
    #5656,#5657,#5658,#5659,#5660,#5661,#5662,#5663,#5664,#5665,#5666,
    #5667,#5668,#5669,#5670,#5671,#5672,#5673,#5674,#5675,#5676,#5677,
    #5678),.UNSPECIFIED.,.F.,.F.,(6,4,4,4,4,4,4,4,4,4,4,4,6),(0.,
    0.332766430208,0.663407024283,0.997809130273,0.998056656795,
    0.998304179985,0.99854316473,0.998782146368,0.999029659789,
    0.999277169878,0.999524676634,0.999772180056,1.),.UNSPECIFIED.);
#5629 = CARTESIAN_POINT('',(0.28750455837,5.999999999062E-07));
#5630 = CARTESIAN_POINT('',(0.279154913385,-0.743181932174));
#5631 = CARTESIAN_POINT('',(0.268976046885,-1.48526084461));
#5632 = CARTESIAN_POINT('',(0.256984396267,-2.226012867634));
#5633 = CARTESIAN_POINT('',(0.24319979916,-2.965178271056));
#5634 = CARTESIAN_POINT('',(0.212172320497,-4.435032511371));
#5635 = CARTESIAN_POINT('',(0.194951696418,-5.165764351256));
#5636 = CARTESIAN_POINT('',(0.175986006556,-5.894453889105));
#5637 = CARTESIAN_POINT('',(0.155279686269,-6.620855739507));
#5638 = CARTESIAN_POINT('',(0.110098979326,-8.076746613709));
#5639 = CARTESIAN_POINT('',(8.558671669956E-02,-8.806103216641));
#5640 = CARTESIAN_POINT('',(5.92597438631E-02,-9.532608682803));
#5641 = CARTESIAN_POINT('',(3.108143542011E-02,-10.2558405091));
#5642 = CARTESIAN_POINT('',(9.643922472691E-04,-10.97565596142));
#5643 = CARTESIAN_POINT('',(9.421148620391E-04,-10.97618837707));
#5644 = CARTESIAN_POINT('',(9.198364254621E-04,-10.97672079058));
#5645 = CARTESIAN_POINT('',(8.975569375107E-04,-10.97725320196));
#5646 = CARTESIAN_POINT('',(8.529961587769E-04,-10.97831801329));
#5647 = CARTESIAN_POINT('',(8.307148680249E-04,-10.97885041324));
#5648 = CARTESIAN_POINT('',(8.084325258689E-04,-10.97938281105));
#5649 = CARTESIAN_POINT('',(7.861491322807E-04,-10.97991520672));
#5650 = CARTESIAN_POINT('',(7.423489560257E-04,-10.9809616286));
#5651 = CARTESIAN_POINT('',(7.208322446492E-04,-10.98147565495));
#5652 = CARTESIAN_POINT('',(6.99314553078E-04,-10.98198967931));
#5653 = CARTESIAN_POINT('',(6.777958812868E-04,-10.98250370168));
#5654 = CARTESIAN_POINT('',(6.347568569756E-04,-10.98353173575));
#5655 = CARTESIAN_POINT('',(6.132365044817E-04,-10.98404574746));
#5656 = CARTESIAN_POINT('',(5.91715171743E-04,-10.98455975717));
#5657 = CARTESIAN_POINT('',(5.701928587344E-04,-10.98507376489));
#5658 = CARTESIAN_POINT('',(5.263778780664E-04,-10.98612012665));
#5659 = CARTESIAN_POINT('',(5.040851391639E-04,-10.98665248055));
#5660 = CARTESIAN_POINT('',(4.817913486943E-04,-10.98718483231));
#5661 = CARTESIAN_POINT('',(4.594965066295E-04,-10.98771718193));
#5662 = CARTESIAN_POINT('',(4.149050194796E-04,-10.98878186974));
#5663 = CARTESIAN_POINT('',(3.926083744204E-04,-10.98931420792));
#5664 = CARTESIAN_POINT('',(3.703106777395E-04,-10.98984654396));
#5665 = CARTESIAN_POINT('',(3.480119294092E-04,-10.99037887787));
#5666 = CARTESIAN_POINT('',(3.034126296742E-04,-10.99144353424));
#5667 = CARTESIAN_POINT('',(2.811120782978E-04,-10.9919758567));
#5668 = CARTESIAN_POINT('',(2.588104752448E-04,-10.99250817702));
#5669 = CARTESIAN_POINT('',(2.36507820487E-04,-10.99304049521));
#5670 = CARTESIAN_POINT('',(1.919007078458E-04,-10.99410512014));
#5671 = CARTESIAN_POINT('',(1.695962499904E-04,-10.99463742688));
#5672 = CARTESIAN_POINT('',(1.472907404028E-04,-10.99516973148));
#5673 = CARTESIAN_POINT('',(1.249841790551E-04,-10.99570203394));
#5674 = CARTESIAN_POINT('',(8.214303507293E-05,-10.99672430175));
#5675 = CARTESIAN_POINT('',(6.160861308129E-05,-10.99721426742));
#5676 = CARTESIAN_POINT('',(4.107329991953E-05,-10.99770423128));
#5677 = CARTESIAN_POINT('',(2.053709556581E-05,-10.99819419333));
#5678 = CARTESIAN_POINT('',(0.,-10.99868415357));
#5679 = ( GEOMETRIC_REPRESENTATION_CONTEXT(2) 
PARAMETRIC_REPRESENTATION_CONTEXT() REPRESENTATION_CONTEXT('2D SPACE',''
  ) );
#5680 = PCURVE('',#4878,#5681);
#5681 = DEFINITIONAL_REPRESENTATION('',(#5682),#5733);
#5682 = B_SPLINE_CURVE_WITH_KNOTS('',5,(#5683,#5684,#5685,#5686,#5687,
    #5688,#5689,#5690,#5691,#5692,#5693,#5694,#5695,#5696,#5697,#5698,
    #5699,#5700,#5701,#5702,#5703,#5704,#5705,#5706,#5707,#5708,#5709,
    #5710,#5711,#5712,#5713,#5714,#5715,#5716,#5717,#5718,#5719,#5720,
    #5721,#5722,#5723,#5724,#5725,#5726,#5727,#5728,#5729,#5730,#5731,
    #5732),.UNSPECIFIED.,.F.,.F.,(6,4,4,4,4,4,4,4,4,4,4,4,6),(0.,
    0.332766430208,0.663407024283,0.997809130273,0.998056656795,
    0.998304179985,0.99854316473,0.998782146368,0.999029659789,
    0.999277169878,0.999524676634,0.999772180056,1.),.UNSPECIFIED.);
#5683 = CARTESIAN_POINT('',(0.105193885957,-19.39775378893));
#5684 = CARTESIAN_POINT('',(0.123876723815,-19.420956525));
#5685 = CARTESIAN_POINT('',(0.142577885274,-19.44842360901));
#5686 = CARTESIAN_POINT('',(0.161305522806,-19.47938758875));
#5687 = CARTESIAN_POINT('',(0.180067132562,-19.51276439967));
#5688 = CARTESIAN_POINT('',(0.217552302814,-19.58138538273));
#5689 = CARTESIAN_POINT('',(0.236275825495,-19.61661741885));
#5690 = CARTESIAN_POINT('',(0.255049549423,-19.65153911783));
#5691 = CARTESIAN_POINT('',(0.273882153489,-19.6845375303));
#5692 = CARTESIAN_POINT('',(0.311897169368,-19.74317233755));
#5693 = CARTESIAN_POINT('',(0.33107920694,-19.76871777799));
#5694 = CARTESIAN_POINT('',(0.350340940114,-19.78833752857));
#5695 = CARTESIAN_POINT('',(0.369689039781,-19.79970423292));
#5696 = CARTESIAN_POINT('',(0.389138428682,-19.79999544517));
#5697 = CARTESIAN_POINT('',(0.389152814641,-19.7999956545));
#5698 = CARTESIAN_POINT('',(0.389167200648,-19.79999585776));
#5699 = CARTESIAN_POINT('',(0.389181586704,-19.79999605495));
#5700 = CARTESIAN_POINT('',(0.389210358718,-19.79999643718));
#5701 = CARTESIAN_POINT('',(0.389224744677,-19.79999662222));
#5702 = CARTESIAN_POINT('',(0.389239130684,-19.79999680119));
#5703 = CARTESIAN_POINT('',(0.389253516739,-19.79999697408));
#5704 = CARTESIAN_POINT('',(0.389281792691,-19.79999730196));
#5705 = CARTESIAN_POINT('',(0.389295682584,-19.79999745736));
#5706 = CARTESIAN_POINT('',(0.389309572522,-19.7999976071));
#5707 = CARTESIAN_POINT('',(0.389323462505,-19.79999775117));
#5708 = CARTESIAN_POINT('',(0.389351242381,-19.79999802797));
#5709 = CARTESIAN_POINT('',(0.389365132273,-19.79999816071));
#5710 = CARTESIAN_POINT('',(0.389379022211,-19.79999828778));
#5711 = CARTESIAN_POINT('',(0.389392912194,-19.79999840918));
#5712 = CARTESIAN_POINT('',(0.389421188133,-19.79999864477));
#5713 = CARTESIAN_POINT('',(0.389435574092,-19.79999875855));
#5714 = CARTESIAN_POINT('',(0.389449960099,-19.79999886625));
#5715 = CARTESIAN_POINT('',(0.389464346154,-19.79999896786));
#5716 = CARTESIAN_POINT('',(0.389493118169,-19.79999915892));
#5717 = CARTESIAN_POINT('',(0.389507504127,-19.79999924836));
#5718 = CARTESIAN_POINT('',(0.389521890134,-19.79999933171));
#5719 = CARTESIAN_POINT('',(0.38953627619,-19.79999940898));
#5720 = CARTESIAN_POINT('',(0.389565048204,-19.79999955134));
#5721 = CARTESIAN_POINT('',(0.389579434163,-19.79999961643));
#5722 = CARTESIAN_POINT('',(0.38959382017,-19.79999967544));
#5723 = CARTESIAN_POINT('',(0.389608206226,-19.79999972835));
#5724 = CARTESIAN_POINT('',(0.38963697824,-19.79999982199));
#5725 = CARTESIAN_POINT('',(0.389651364199,-19.79999986271));
#5726 = CARTESIAN_POINT('',(0.389665750206,-19.79999989735));
#5727 = CARTESIAN_POINT('',(0.389680136261,-19.79999992589));
#5728 = CARTESIAN_POINT('',(0.38970776437,-19.799999969));
#5729 = CARTESIAN_POINT('',(0.389721006415,-19.7999999845));
#5730 = CARTESIAN_POINT('',(0.389734248502,-19.79999999483));
#5731 = CARTESIAN_POINT('',(0.389747490629,-19.8));
#5732 = CARTESIAN_POINT('',(0.389760732797,-19.8));
#5733 = ( GEOMETRIC_REPRESENTATION_CONTEXT(2) 
PARAMETRIC_REPRESENTATION_CONTEXT() REPRESENTATION_CONTEXT('2D SPACE',''
  ) );
#5734 = ORIENTED_EDGE('',*,*,#5735,.T.);
#5735 = EDGE_CURVE('',#5572,#5736,#5738,.T.);
#5736 = VERTEX_POINT('',#5737);
#5737 = CARTESIAN_POINT('',(-49.8,37.,21.));
#5738 = SURFACE_CURVE('',#5739,(#5743,#5750),.PCURVE_S1.);
#5739 = LINE('',#5740,#5741);
#5740 = CARTESIAN_POINT('',(-49.8,37.,2.2));
#5741 = VECTOR('',#5742,1.);
#5742 = DIRECTION('',(0.,0.,1.));
#5743 = PCURVE('',#4851,#5744);
#5744 = DEFINITIONAL_REPRESENTATION('',(#5745),#5749);
#5745 = LINE('',#5746,#5747);
#5746 = CARTESIAN_POINT('',(0.,0.));
#5747 = VECTOR('',#5748,1.);
#5748 = DIRECTION('',(0.,-1.));
#5749 = ( GEOMETRIC_REPRESENTATION_CONTEXT(2) 
PARAMETRIC_REPRESENTATION_CONTEXT() REPRESENTATION_CONTEXT('2D SPACE',''
  ) );
#5750 = PCURVE('',#5751,#5756);
#5751 = PLANE('',#5752);
#5752 = AXIS2_PLACEMENT_3D('',#5753,#5754,#5755);
#5753 = CARTESIAN_POINT('',(-49.8,-37.,2.2));
#5754 = DIRECTION('',(-1.,0.,0.));
#5755 = DIRECTION('',(0.,1.,0.));
#5756 = DEFINITIONAL_REPRESENTATION('',(#5757),#5761);
#5757 = LINE('',#5758,#5759);
#5758 = CARTESIAN_POINT('',(74.,0.));
#5759 = VECTOR('',#5760,1.);
#5760 = DIRECTION('',(0.,-1.));
#5761 = ( GEOMETRIC_REPRESENTATION_CONTEXT(2) 
PARAMETRIC_REPRESENTATION_CONTEXT() REPRESENTATION_CONTEXT('2D SPACE',''
  ) );
#5762 = ORIENTED_EDGE('',*,*,#5763,.T.);
#5763 = EDGE_CURVE('',#5736,#5764,#5766,.T.);
#5764 = VERTEX_POINT('',#5765);
#5765 = CARTESIAN_POINT('',(-40.,46.8,21.));
#5766 = SURFACE_CURVE('',#5767,(#5772,#5779),.PCURVE_S1.);
#5767 = CIRCLE('',#5768,9.8);
#5768 = AXIS2_PLACEMENT_3D('',#5769,#5770,#5771);
#5769 = CARTESIAN_POINT('',(-40.,37.,21.));
#5770 = DIRECTION('',(0.,0.,-1.));
#5771 = DIRECTION('',(-1.,0.,0.));
#5772 = PCURVE('',#4851,#5773);
#5773 = DEFINITIONAL_REPRESENTATION('',(#5774),#5778);
#5774 = LINE('',#5775,#5776);
#5775 = CARTESIAN_POINT('',(0.,-18.8));
#5776 = VECTOR('',#5777,1.);
#5777 = DIRECTION('',(1.,0.));
#5778 = ( GEOMETRIC_REPRESENTATION_CONTEXT(2) 
PARAMETRIC_REPRESENTATION_CONTEXT() REPRESENTATION_CONTEXT('2D SPACE',''
  ) );
#5779 = PCURVE('',#5780,#5785);
#5780 = PLANE('',#5781);
#5781 = AXIS2_PLACEMENT_3D('',#5782,#5783,#5784);
#5782 = CARTESIAN_POINT('',(-30.00000000547,-1.73210767953E-15,21.));
#5783 = DIRECTION('',(0.,0.,1.));
#5784 = DIRECTION('',(1.,0.,0.));
#5785 = DEFINITIONAL_REPRESENTATION('',(#5786),#5794);
#5786 = ( BOUNDED_CURVE() B_SPLINE_CURVE(2,(#5787,#5788,#5789,#5790,
#5791,#5792,#5793),.UNSPECIFIED.,.T.,.F.) B_SPLINE_CURVE_WITH_KNOTS((1,2
    ,2,2,2,1),(-2.094395102393,0.,2.094395102393,4.188790204786,
6.28318530718,8.377580409573),.UNSPECIFIED.) CURVE() 
GEOMETRIC_REPRESENTATION_ITEM() RATIONAL_B_SPLINE_CURVE((1.,0.5,1.,0.5,
1.,0.5,1.)) REPRESENTATION_ITEM('') );
#5787 = CARTESIAN_POINT('',(-19.79999999452,37.));
#5788 = CARTESIAN_POINT('',(-19.79999999452,53.974097914175));
#5789 = CARTESIAN_POINT('',(-5.099999994525,45.487048957088));
#5790 = CARTESIAN_POINT('',(9.600000005475,37.));
#5791 = CARTESIAN_POINT('',(-5.099999994525,28.512951042913));
#5792 = CARTESIAN_POINT('',(-19.79999999452,20.025902085825));
#5793 = CARTESIAN_POINT('',(-19.79999999452,37.));
#5794 = ( GEOMETRIC_REPRESENTATION_CONTEXT(2) 
PARAMETRIC_REPRESENTATION_CONTEXT() REPRESENTATION_CONTEXT('2D SPACE',''
  ) );
#5795 = ORIENTED_EDGE('',*,*,#5796,.F.);
#5796 = EDGE_CURVE('',#5797,#5764,#5799,.T.);
#5797 = VERTEX_POINT('',#5798);
#5798 = CARTESIAN_POINT('',(-40.,46.8,12.7));
#5799 = SURFACE_CURVE('',#5800,(#5804,#5811),.PCURVE_S1.);
#5800 = LINE('',#5801,#5802);
#5801 = CARTESIAN_POINT('',(-40.,46.8,2.2));
#5802 = VECTOR('',#5803,1.);
#5803 = DIRECTION('',(0.,0.,1.));
#5804 = PCURVE('',#4851,#5805);
#5805 = DEFINITIONAL_REPRESENTATION('',(#5806),#5810);
#5806 = LINE('',#5807,#5808);
#5807 = CARTESIAN_POINT('',(1.570796326795,0.));
#5808 = VECTOR('',#5809,1.);
#5809 = DIRECTION('',(0.,-1.));
#5810 = ( GEOMETRIC_REPRESENTATION_CONTEXT(2) 
PARAMETRIC_REPRESENTATION_CONTEXT() REPRESENTATION_CONTEXT('2D SPACE',''
  ) );
#5811 = PCURVE('',#5120,#5812);
#5812 = DEFINITIONAL_REPRESENTATION('',(#5813),#5817);
#5813 = LINE('',#5814,#5815);
#5814 = CARTESIAN_POINT('',(1.7763568394E-15,0.));
#5815 = VECTOR('',#5816,1.);
#5816 = DIRECTION('',(0.,-1.));
#5817 = ( GEOMETRIC_REPRESENTATION_CONTEXT(2) 
PARAMETRIC_REPRESENTATION_CONTEXT() REPRESENTATION_CONTEXT('2D SPACE',''
  ) );
#5818 = ORIENTED_EDGE('',*,*,#5819,.T.);
#5819 = EDGE_CURVE('',#5797,#5820,#5822,.T.);
#5820 = VERTEX_POINT('',#5821);
#5821 = CARTESIAN_POINT('',(-40.,46.8,5.7));
#5822 = SURFACE_CURVE('',#5823,(#5891,#5962),.PCURVE_S1.);
#5823 = B_SPLINE_CURVE_WITH_KNOTS('',6,(#5824,#5825,#5826,#5827,#5828,
    #5829,#5830,#5831,#5832,#5833,#5834,#5835,#5836,#5837,#5838,#5839,
    #5840,#5841,#5842,#5843,#5844,#5845,#5846,#5847,#5848,#5849,#5850,
    #5851,#5852,#5853,#5854,#5855,#5856,#5857,#5858,#5859,#5860,#5861,
    #5862,#5863,#5864,#5865,#5866,#5867,#5868,#5869,#5870,#5871,#5872,
    #5873,#5874,#5875,#5876,#5877,#5878,#5879,#5880,#5881,#5882,#5883,
    #5884,#5885,#5886,#5887,#5888,#5889,#5890),.UNSPECIFIED.,.F.,.F.,(7,
    5,5,5,5,5,5,5,5,5,5,5,5,7),(0.,8.33513005383E-02,0.200460912201,
    0.255581938128,0.301707346189,0.341439794145,0.500153335321,
    0.625208065905,0.659617165516,0.699118107051,0.744843460184,
    0.799160463833,0.866927938179,1.),.UNSPECIFIED.);
#5824 = CARTESIAN_POINT('',(-40.,46.8,12.7));
#5825 = CARTESIAN_POINT('',(-40.1856714696,46.8,12.7));
#5826 = CARTESIAN_POINT('',(-40.37099022202,46.795778716772,
    12.688180351578));
#5827 = CARTESIAN_POINT('',(-40.55428129066,46.787366155057,
    12.664625438104));
#5828 = CARTESIAN_POINT('',(-40.73388844417,46.775032747906,
    12.629830076504));
#5829 = CARTESIAN_POINT('',(-40.90823537946,46.759280604613,
    12.584693194961));
#5830 = CARTESIAN_POINT('',(-41.31143580137,46.714746368556,
    12.454444657174));
#5831 = CARTESIAN_POINT('',(-41.53371983176,46.683275991692,
    12.360561849794));
#5832 = CARTESIAN_POINT('',(-41.74188427715,46.647824754987,
    12.251554742002));
#5833 = CARTESIAN_POINT('',(-41.93543692679,46.609862440576,
    12.129842297831));
#5834 = CARTESIAN_POINT('',(-42.11416898211,46.570720891291,
    11.997662804164));
#5835 = CARTESIAN_POINT('',(-42.35526042862,46.513098442395,
    11.790960852677));
#5836 = CARTESIAN_POINT('',(-42.42923704135,46.494625236473,
    11.722871158091));
#5837 = CARTESIAN_POINT('',(-42.50007292229,46.476225889482,
    11.653007994292));
#5838 = CARTESIAN_POINT('',(-42.56781125076,46.457996803926,
    11.581517185494));
#5839 = CARTESIAN_POINT('',(-42.63249635779,46.440025319803,
    11.508527446562));
#5840 = CARTESIAN_POINT('',(-42.74578549723,46.407632197444,
    11.37191147601));
#5841 = CARTESIAN_POINT('',(-42.79529007284,46.39311026348,
    11.308702420209));
#5842 = CARTESIAN_POINT('',(-42.84271297423,46.378870061065,
    11.244589388906));
#5843 = CARTESIAN_POINT('',(-42.88807782582,46.364954432061,
    11.179633734389));
#5844 = CARTESIAN_POINT('',(-42.93140635506,46.351402911836,
    11.11389198794));
#5845 = CARTESIAN_POINT('',(-43.00830460067,46.326923294486,
    10.990153292166));
#5846 = CARTESIAN_POINT('',(-43.04239441512,46.315892009806,
    10.932346221353));
#5847 = CARTESIAN_POINT('',(-43.0750003538,46.305181121162,
    10.874027971051));
#5848 = CARTESIAN_POINT('',(-43.10613372567,46.294812325383,
    10.815230383471));
#5849 = CARTESIAN_POINT('',(-43.1358046307,46.284805770188,
    10.755983819383));
#5850 = CARTESIAN_POINT('',(-43.27673769872,46.23672957981,
    10.457975259058));
#5851 = CARTESIAN_POINT('',(-43.366327292,46.204333227404,10.21278880078
    ));
#5852 = CARTESIAN_POINT('',(-43.43322063733,46.179221220657,
    9.962778558131));
#5853 = CARTESIAN_POINT('',(-43.47772717326,46.162204155595,
    9.709635712131));
#5854 = CARTESIAN_POINT('',(-43.5,46.153687781435,9.454877022468));
#5855 = CARTESIAN_POINT('',(-43.5,46.153687781435,8.999175438083));
#5856 = CARTESIAN_POINT('',(-43.48617238033,46.158974899397,
    8.798387900226));
#5857 = CARTESIAN_POINT('',(-43.45852680701,46.169545458783,
    8.598391827051));
#5858 = CARTESIAN_POINT('',(-43.41700914403,46.185240576729,
    8.399948461366));
#5859 = CARTESIAN_POINT('',(-43.36150987075,46.205743723767,
    8.203869577215));
#5860 = CARTESIAN_POINT('',(-43.27271161468,46.237411570371,
    7.958009538542));
#5861 = CARTESIAN_POINT('',(-43.2524790116,46.244573257253,
    7.905201824922));
#5862 = CARTESIAN_POINT('',(-43.23117069852,46.252053674705,
    7.852655589948));
#5863 = CARTESIAN_POINT('',(-43.20878207898,46.259842320109,
    7.800388816213));
#5864 = CARTESIAN_POINT('',(-43.18530795154,46.267927857727,
    7.748419947048));
#5865 = CARTESIAN_POINT('',(-43.13254188577,46.285907006846,
    7.637472379038));
#5866 = CARTESIAN_POINT('',(-43.1029030709,46.295891096309,
    7.578594554714));
#5867 = CARTESIAN_POINT('',(-43.0718172538,46.306232011233,
    7.520162878163));
#5868 = CARTESIAN_POINT('',(-43.03927443977,46.31690985836,
    7.462207276964));
#5869 = CARTESIAN_POINT('',(-43.00526345075,46.327903227033,
    7.404759141657));
#5870 = CARTESIAN_POINT('',(-42.92868777719,46.352253551337,
    7.281976187644));
#5871 = CARTESIAN_POINT('',(-42.88561991301,46.365709859405,
    7.216825609298));
#5872 = CARTESIAN_POINT('',(-42.84054892147,46.379522682906,
    7.15245014541));
#5873 = CARTESIAN_POINT('',(-42.79345356368,46.393653388868,
    7.088905031819));
#5874 = CARTESIAN_POINT('',(-42.74431077318,46.40806014184,
    7.026250185496));
#5875 = CARTESIAN_POINT('',(-42.63225737869,46.440086055545,
    6.891256990592));
#5876 = CARTESIAN_POINT('',(-42.56849625915,46.457799664982,
    6.819312937242));
#5877 = CARTESIAN_POINT('',(-42.50176879419,46.475763677163,
    6.748825113076));
#5878 = CARTESIAN_POINT('',(-42.43203252696,46.493894493879,
    6.679916702725));
#5879 = CARTESIAN_POINT('',(-42.3592460469,46.512099973755,
    6.612727006871));
#5880 = CARTESIAN_POINT('',(-42.18870256525,46.552960653672,
    6.465921843189));
#5881 = CARTESIAN_POINT('',(-42.08920075905,46.575607183426,
    6.387328040089));
#5882 = CARTESIAN_POINT('',(-41.98481479316,46.598015033079,
    6.311965030616));
#5883 = CARTESIAN_POINT('',(-41.87551582847,46.619956761105,
    6.240204217399));
#5884 = CARTESIAN_POINT('',(-41.7612961746,46.64118440303,6.172454366338
    ));
#5885 = CARTESIAN_POINT('',(-41.40824855787,46.701192521603,
    5.984879188634));
#5886 = CARTESIAN_POINT('',(-41.15291511981,46.737598863589,
    5.876460859138));
#5887 = CARTESIAN_POINT('',(-40.87961777051,46.76779714549,
    5.790164162307));
#5888 = CARTESIAN_POINT('',(-40.59287206694,46.789136687623,
    5.73041834327));
#5889 = CARTESIAN_POINT('',(-40.29785795903,46.8,5.7));
#5890 = CARTESIAN_POINT('',(-40.,46.8,5.7));
#5891 = PCURVE('',#4851,#5892);
#5892 = DEFINITIONAL_REPRESENTATION('',(#5893),#5961);
#5893 = B_SPLINE_CURVE_WITH_KNOTS('',6,(#5894,#5895,#5896,#5897,#5898,
    #5899,#5900,#5901,#5902,#5903,#5904,#5905,#5906,#5907,#5908,#5909,
    #5910,#5911,#5912,#5913,#5914,#5915,#5916,#5917,#5918,#5919,#5920,
    #5921,#5922,#5923,#5924,#5925,#5926,#5927,#5928,#5929,#5930,#5931,
    #5932,#5933,#5934,#5935,#5936,#5937,#5938,#5939,#5940,#5941,#5942,
    #5943,#5944,#5945,#5946,#5947,#5948,#5949,#5950,#5951,#5952,#5953,
    #5954,#5955,#5956,#5957,#5958,#5959,#5960),.UNSPECIFIED.,.F.,.F.,(7,
    5,5,5,5,5,5,5,5,5,5,5,5,7),(0.,8.33513005383E-02,0.200460912201,
    0.255581938128,0.301707346189,0.341439794145,0.500153335321,
    0.625208065905,0.659617165516,0.699118107051,0.744843460184,
    0.799160463833,0.866927938179,1.),.UNSPECIFIED.);
#5894 = CARTESIAN_POINT('',(1.570796326795,-10.5));
#5895 = CARTESIAN_POINT('',(1.551850258467,-10.5));
#5896 = CARTESIAN_POINT('',(1.532940177923,-10.48818035157));
#5897 = CARTESIAN_POINT('',(1.514224785049,-10.4646254381));
#5898 = CARTESIAN_POINT('',(1.495860980527,-10.4298300765));
#5899 = CARTESIAN_POINT('',(1.478001546017,-10.38469319496));
#5900 = CARTESIAN_POINT('',(1.436608442871,-10.25444465717));
#5901 = CARTESIAN_POINT('',(1.413710963276,-10.16056184979));
#5902 = CARTESIAN_POINT('',(1.392175456537,-10.051554742));
#5903 = CARTESIAN_POINT('',(1.37205655431,-9.929842297831));
#5904 = CARTESIAN_POINT('',(1.353389753729,-9.797662804164));
#5905 = CARTESIAN_POINT('',(1.328095683154,-9.590960852677));
#5906 = CARTESIAN_POINT('',(1.320315627033,-9.522871158091));
#5907 = CARTESIAN_POINT('',(1.312848107828,-9.453007994292));
#5908 = CARTESIAN_POINT('',(1.305690505243,-9.381517185494));
#5909 = CARTESIAN_POINT('',(1.298840148855,-9.308527446562));
#5910 = CARTESIAN_POINT('',(1.286816751089,-9.17191147601));
#5911 = CARTESIAN_POINT('',(1.281552522302,-9.108702420209));
#5912 = CARTESIAN_POINT('',(1.276500142961,-9.044589388906));
#5913 = CARTESIAN_POINT('',(1.271658304805,-8.979633734389));
#5914 = CARTESIAN_POINT('',(1.267025880111,-8.91389198794));
#5915 = CARTESIAN_POINT('',(1.258791121847,-8.790153292166));
#5916 = CARTESIAN_POINT('',(1.255135016524,-8.732346221353));
#5917 = CARTESIAN_POINT('',(1.25163301428,-8.674027971051));
#5918 = CARTESIAN_POINT('',(1.248284623782,-8.615230383471));
#5919 = CARTESIAN_POINT('',(1.245089453802,-8.555983819383));
#5920 = CARTESIAN_POINT('',(1.229894808826,-8.257975259058));
#5921 = CARTESIAN_POINT('',(1.220175168898,-8.01278880078));
#5922 = CARTESIAN_POINT('',(1.212884665994,-7.762778558131));
#5923 = CARTESIAN_POINT('',(1.208022196911,-7.509635712131));
#5924 = CARTESIAN_POINT('',(1.205589105505,-7.254877022468));
#5925 = CARTESIAN_POINT('',(1.205589105505,-6.799175438083));
#5926 = CARTESIAN_POINT('',(1.207099682686,-6.598387900226));
#5927 = CARTESIAN_POINT('',(1.210119921602,-6.398391827051));
#5928 = CARTESIAN_POINT('',(1.214648917407,-6.199948461366));
#5929 = CARTESIAN_POINT('',(1.220685849295,-6.003869577215));
#5930 = CARTESIAN_POINT('',(1.230305859369,-5.758009538542));
#5931 = CARTESIAN_POINT('',(1.232495926561,-5.705201824922));
#5932 = CARTESIAN_POINT('',(1.234800321757,-5.652655589948));
#5933 = CARTESIAN_POINT('',(1.237219152985,-5.600388816213));
#5934 = CARTESIAN_POINT('',(1.239752570057,-5.548419947048));
#5935 = CARTESIAN_POINT('',(1.245440837628,-5.437472379038));
#5936 = CARTESIAN_POINT('',(1.248632172411,-5.378594554714));
#5937 = CARTESIAN_POINT('',(1.251975060433,-5.320162878163));
#5938 = CARTESIAN_POINT('',(1.255469891437,-5.262207276964));
#5939 = CARTESIAN_POINT('',(1.259117153389,-5.204759141657));
#5940 = CARTESIAN_POINT('',(1.267316545435,-5.081976187644));
#5941 = CARTESIAN_POINT('',(1.27192068516,-5.016825609298));
#5942 = CARTESIAN_POINT('',(1.276730782064,-4.95245014541));
#5943 = CARTESIAN_POINT('',(1.281747940694,-4.888905031819));
#5944 = CARTESIAN_POINT('',(1.286973439739,-4.826250185496));
#5945 = CARTESIAN_POINT('',(1.298865298698,-4.691256990592));
#5946 = CARTESIAN_POINT('',(1.305617774097,-4.619312937242));
#5947 = CARTESIAN_POINT('',(1.312668759118,-4.548825113076));
#5948 = CARTESIAN_POINT('',(1.320020810959,-4.479916702725));
#5949 = CARTESIAN_POINT('',(1.327676443127,-4.412727006871));
#5950 = CARTESIAN_POINT('',(1.345571351966,-4.265921843189));
#5951 = CARTESIAN_POINT('',(1.355983580193,-4.187328040089));
#5952 = CARTESIAN_POINT('',(1.366876565004,-4.111965030616));
#5953 = CARTESIAN_POINT('',(1.378250374613,-4.040204217399));
#5954 = CARTESIAN_POINT('',(1.39010361155,-3.972454366338));
#5955 = CARTESIAN_POINT('',(1.426645565377,-3.784879188634));
#5956 = CARTESIAN_POINT('',(1.452954140247,-3.676460859138));
#5957 = CARTESIAN_POINT('',(1.480989044999,-3.590164162307));
#5958 = CARTESIAN_POINT('',(1.510299135409,-3.53041834327));
#5959 = CARTESIAN_POINT('',(1.540402657506,-3.5));
#5960 = CARTESIAN_POINT('',(1.570796326795,-3.5));
#5961 = ( GEOMETRIC_REPRESENTATION_CONTEXT(2) 
PARAMETRIC_REPRESENTATION_CONTEXT() REPRESENTATION_CONTEXT('2D SPACE',''
  ) );
#5962 = PCURVE('',#5963,#5968);
#5963 = CYLINDRICAL_SURFACE('',#5964,3.5);
#5964 = AXIS2_PLACEMENT_3D('',#5965,#5966,#5967);
#5965 = CARTESIAN_POINT('',(-40.,49.,9.2));
#5966 = DIRECTION('',(-0.,1.,-0.));
#5967 = DIRECTION('',(1.,0.,0.));
#5968 = DEFINITIONAL_REPRESENTATION('',(#5969),#6037);
#5969 = B_SPLINE_CURVE_WITH_KNOTS('',6,(#5970,#5971,#5972,#5973,#5974,
    #5975,#5976,#5977,#5978,#5979,#5980,#5981,#5982,#5983,#5984,#5985,
    #5986,#5987,#5988,#5989,#5990,#5991,#5992,#5993,#5994,#5995,#5996,
    #5997,#5998,#5999,#6000,#6001,#6002,#6003,#6004,#6005,#6006,#6007,
    #6008,#6009,#6010,#6011,#6012,#6013,#6014,#6015,#6016,#6017,#6018,
    #6019,#6020,#6021,#6022,#6023,#6024,#6025,#6026,#6027,#6028,#6029,
    #6030,#6031,#6032,#6033,#6034,#6035,#6036),.UNSPECIFIED.,.F.,.F.,(7,
    5,5,5,5,5,5,5,5,5,5,5,5,7),(0.,8.33513005383E-02,0.200460912201,
    0.255581938128,0.301707346189,0.341439794145,0.500153335321,
    0.625208065905,0.659617165516,0.699118107051,0.744843460184,
    0.799160463833,0.866927938179,1.),.UNSPECIFIED.);
#5970 = CARTESIAN_POINT('',(-1.570796326795,-2.2));
#5971 = CARTESIAN_POINT('',(-1.623845318112,-2.2));
#5972 = CARTESIAN_POINT('',(-1.676793526471,-2.204221283228));
#5973 = CARTESIAN_POINT('',(-1.72943116098,-2.212633844943));
#5974 = CARTESIAN_POINT('',(-1.78154844194,-2.224967252094));
#5975 = CARTESIAN_POINT('',(-1.832914220519,-2.240719395387));
#5976 = CARTESIAN_POINT('',(-1.953975939245,-2.285253631444));
#5977 = CARTESIAN_POINT('',(-2.022656166749,-2.316724008308));
#5978 = CARTESIAN_POINT('',(-2.089462318557,-2.352175245013));
#5979 = CARTESIAN_POINT('',(-2.154502308244,-2.390137559424));
#5980 = CARTESIAN_POINT('',(-2.217851723985,-2.429279108709));
#5981 = CARTESIAN_POINT('',(-2.30858604453,-2.486901557605));
#5982 = CARTESIAN_POINT('',(-2.337294802937,-2.505374763527));
#5983 = CARTESIAN_POINT('',(-2.365695737654,-2.523774110518));
#5984 = CARTESIAN_POINT('',(-2.393810647596,-2.542003196074));
#5985 = CARTESIAN_POINT('',(-2.421660925481,-2.559974680197));
#5986 = CARTESIAN_POINT('',(-2.472368854681,-2.592367802556));
#5987 = CARTESIAN_POINT('',(-2.495299277145,-2.60688973652));
#5988 = CARTESIAN_POINT('',(-2.518070910779,-2.621129938935));
#5989 = CARTESIAN_POINT('',(-2.540695269797,-2.635045567939));
#5990 = CARTESIAN_POINT('',(-2.563183297077,-2.648597088164));
#5991 = CARTESIAN_POINT('',(-2.604808059143,-2.673076705514));
#5992 = CARTESIAN_POINT('',(-2.623977242729,-2.684107990194));
#5993 = CARTESIAN_POINT('',(-2.643059508799,-2.694818878838));
#5994 = CARTESIAN_POINT('',(-2.662061128862,-2.705187674617));
#5995 = CARTESIAN_POINT('',(-2.680988052054,-2.715194229812));
#5996 = CARTESIAN_POINT('',(-2.775174680373,-2.76327042019));
#5997 = CARTESIAN_POINT('',(-2.849446876636,-2.795666772596));
#5998 = CARTESIAN_POINT('',(-2.92296050575,-2.820778779343));
#5999 = CARTESIAN_POINT('',(-2.995982691467,-2.837795844405));
#6000 = CARTESIAN_POINT('',(-3.06877064717,-2.846312218565));
#6001 = CARTESIAN_POINT('',(-3.198971099852,-2.846312218565));
#6002 = CARTESIAN_POINT('',(-3.256338927119,-2.841025100603));
#6003 = CARTESIAN_POINT('',(-3.313820784292,-2.830454541217));
#6004 = CARTESIAN_POINT('',(-3.371538355624,-2.814759423271));
#6005 = CARTESIAN_POINT('',(-3.429616128281,-2.794256276233));
#6006 = CARTESIAN_POINT('',(-3.504303115316,-2.762588429629));
#6007 = CARTESIAN_POINT('',(-3.520457539766,-2.755426742747));
#6008 = CARTESIAN_POINT('',(-3.536653619116,-2.747946325295));
#6009 = CARTESIAN_POINT('',(-3.552894698199,-2.740157679891));
#6010 = CARTESIAN_POINT('',(-3.569184280818,-2.732072142273));
#6011 = CARTESIAN_POINT('',(-3.604286022788,-2.714092993154));
#6012 = CARTESIAN_POINT('',(-3.623114753297,-2.704108903691));
#6013 = CARTESIAN_POINT('',(-3.642017772712,-2.693767988767));
#6014 = CARTESIAN_POINT('',(-3.661000948222,-2.68309014164));
#6015 = CARTESIAN_POINT('',(-3.680070462779,-2.672096772967));
#6016 = CARTESIAN_POINT('',(-3.721414699677,-2.647746448663));
#6017 = CARTESIAN_POINT('',(-3.743720923124,-2.634290140595));
#6018 = CARTESIAN_POINT('',(-3.766161618928,-2.620477317094));
#6019 = CARTESIAN_POINT('',(-3.788747472256,-2.606346611132));
#6020 = CARTESIAN_POINT('',(-3.811489719939,-2.59193985816));
#6021 = CARTESIAN_POINT('',(-3.861615379088,-2.559913944455));
#6022 = CARTESIAN_POINT('',(-3.889067577302,-2.542200335018));
#6023 = CARTESIAN_POINT('',(-3.916776838592,-2.524236322837));
#6024 = CARTESIAN_POINT('',(-3.944763646303,-2.506105506121));
#6025 = CARTESIAN_POINT('',(-3.973048873651,-2.487900026245));
#6026 = CARTESIAN_POINT('',(-4.037342101922,-2.447039346328));
#6027 = CARTESIAN_POINT('',(-4.073537669079,-2.424392816574));
#6028 = CARTESIAN_POINT('',(-4.110270538936,-2.401984966921));
#6029 = CARTESIAN_POINT('',(-4.147570974485,-2.380043238895));
#6030 = CARTESIAN_POINT('',(-4.185472319999,-2.35881559697));
#6031 = CARTESIAN_POINT('',(-4.299696255788,-2.298807478397));
#6032 = CARTESIAN_POINT('',(-4.378654189047,-2.262401136411));
#6033 = CARTESIAN_POINT('',(-4.45995978186,-2.232202854511));
#6034 = CARTESIAN_POINT('',(-4.542997051416,-2.210863312377));
#6035 = CARTESIAN_POINT('',(-4.627286706375,-2.2));
#6036 = CARTESIAN_POINT('',(-4.712388980385,-2.2));
#6037 = ( GEOMETRIC_REPRESENTATION_CONTEXT(2) 
PARAMETRIC_REPRESENTATION_CONTEXT() REPRESENTATION_CONTEXT('2D SPACE',''
  ) );
#6038 = ORIENTED_EDGE('',*,*,#6039,.F.);
#6039 = EDGE_CURVE('',#4831,#5820,#6040,.T.);
#6040 = SURFACE_CURVE('',#6041,(#6045,#6052),.PCURVE_S1.);
#6041 = LINE('',#6042,#6043);
#6042 = CARTESIAN_POINT('',(-40.,46.8,2.2));
#6043 = VECTOR('',#6044,1.);
#6044 = DIRECTION('',(0.,0.,1.));
#6045 = PCURVE('',#4851,#6046);
#6046 = DEFINITIONAL_REPRESENTATION('',(#6047),#6051);
#6047 = LINE('',#6048,#6049);
#6048 = CARTESIAN_POINT('',(1.570796326795,0.));
#6049 = VECTOR('',#6050,1.);
#6050 = DIRECTION('',(0.,-1.));
#6051 = ( GEOMETRIC_REPRESENTATION_CONTEXT(2) 
PARAMETRIC_REPRESENTATION_CONTEXT() REPRESENTATION_CONTEXT('2D SPACE',''
  ) );
#6052 = PCURVE('',#5120,#6053);
#6053 = DEFINITIONAL_REPRESENTATION('',(#6054),#6058);
#6054 = LINE('',#6055,#6056);
#6055 = CARTESIAN_POINT('',(1.7763568394E-15,0.));
#6056 = VECTOR('',#6057,1.);
#6057 = DIRECTION('',(0.,-1.));
#6058 = ( GEOMETRIC_REPRESENTATION_CONTEXT(2) 
PARAMETRIC_REPRESENTATION_CONTEXT() REPRESENTATION_CONTEXT('2D SPACE',''
  ) );
#6059 = ADVANCED_FACE('',(#6060),#5120,.F.);
#6060 = FACE_BOUND('',#6061,.F.);
#6061 = EDGE_LOOP('',(#6062,#6063,#6064,#6088,#6110,#6111,#6132,#6155,
    #6184));
#6062 = ORIENTED_EDGE('',*,*,#5106,.F.);
#6063 = ORIENTED_EDGE('',*,*,#6039,.T.);
#6064 = ORIENTED_EDGE('',*,*,#6065,.F.);
#6065 = EDGE_CURVE('',#6066,#5820,#6068,.T.);
#6066 = VERTEX_POINT('',#6067);
#6067 = CARTESIAN_POINT('',(-36.5,46.8,9.2));
#6068 = SURFACE_CURVE('',#6069,(#6074,#6081),.PCURVE_S1.);
#6069 = CIRCLE('',#6070,3.5);
#6070 = AXIS2_PLACEMENT_3D('',#6071,#6072,#6073);
#6071 = CARTESIAN_POINT('',(-40.,46.8,9.2));
#6072 = DIRECTION('',(-0.,1.,0.));
#6073 = DIRECTION('',(1.,0.,0.));
#6074 = PCURVE('',#5120,#6075);
#6075 = DEFINITIONAL_REPRESENTATION('',(#6076),#6080);
#6076 = CIRCLE('',#6077,3.5);
#6077 = AXIS2_PLACEMENT_2D('',#6078,#6079);
#6078 = CARTESIAN_POINT('',(1.95399252334E-14,-7.));
#6079 = DIRECTION('',(1.,0.));
#6080 = ( GEOMETRIC_REPRESENTATION_CONTEXT(2) 
PARAMETRIC_REPRESENTATION_CONTEXT() REPRESENTATION_CONTEXT('2D SPACE',''
  ) );
#6081 = PCURVE('',#5963,#6082);
#6082 = DEFINITIONAL_REPRESENTATION('',(#6083),#6087);
#6083 = LINE('',#6084,#6085);
#6084 = CARTESIAN_POINT('',(-6.28318530718,-2.2));
#6085 = VECTOR('',#6086,1.);
#6086 = DIRECTION('',(1.,-0.));
#6087 = ( GEOMETRIC_REPRESENTATION_CONTEXT(2) 
PARAMETRIC_REPRESENTATION_CONTEXT() REPRESENTATION_CONTEXT('2D SPACE',''
  ) );
#6088 = ORIENTED_EDGE('',*,*,#6089,.F.);
#6089 = EDGE_CURVE('',#5797,#6066,#6090,.T.);
#6090 = SURFACE_CURVE('',#6091,(#6096,#6103),.PCURVE_S1.);
#6091 = CIRCLE('',#6092,3.5);
#6092 = AXIS2_PLACEMENT_3D('',#6093,#6094,#6095);
#6093 = CARTESIAN_POINT('',(-40.,46.8,9.2));
#6094 = DIRECTION('',(-0.,1.,0.));
#6095 = DIRECTION('',(1.,0.,0.));
#6096 = PCURVE('',#5120,#6097);
#6097 = DEFINITIONAL_REPRESENTATION('',(#6098),#6102);
#6098 = CIRCLE('',#6099,3.5);
#6099 = AXIS2_PLACEMENT_2D('',#6100,#6101);
#6100 = CARTESIAN_POINT('',(1.95399252334E-14,-7.));
#6101 = DIRECTION('',(1.,0.));
#6102 = ( GEOMETRIC_REPRESENTATION_CONTEXT(2) 
PARAMETRIC_REPRESENTATION_CONTEXT() REPRESENTATION_CONTEXT('2D SPACE',''
  ) );
#6103 = PCURVE('',#5963,#6104);
#6104 = DEFINITIONAL_REPRESENTATION('',(#6105),#6109);
#6105 = LINE('',#6106,#6107);
#6106 = CARTESIAN_POINT('',(-6.28318530718,-2.2));
#6107 = VECTOR('',#6108,1.);
#6108 = DIRECTION('',(1.,-0.));
#6109 = ( GEOMETRIC_REPRESENTATION_CONTEXT(2) 
PARAMETRIC_REPRESENTATION_CONTEXT() REPRESENTATION_CONTEXT('2D SPACE',''
  ) );
#6110 = ORIENTED_EDGE('',*,*,#5796,.T.);
#6111 = ORIENTED_EDGE('',*,*,#6112,.F.);
#6112 = EDGE_CURVE('',#6113,#5764,#6115,.T.);
#6113 = VERTEX_POINT('',#6114);
#6114 = CARTESIAN_POINT('',(-20.00000003642,46.8,21.));
#6115 = SURFACE_CURVE('',#6116,(#6120,#6126),.PCURVE_S1.);
#6116 = LINE('',#6117,#6118);
#6117 = CARTESIAN_POINT('',(-35.00000000273,46.8,21.));
#6118 = VECTOR('',#6119,1.);
#6119 = DIRECTION('',(-1.,0.,0.));
#6120 = PCURVE('',#5120,#6121);
#6121 = DEFINITIONAL_REPRESENTATION('',(#6122),#6125);
#6122 = B_SPLINE_CURVE_WITH_KNOTS('',1,(#6123,#6124),.UNSPECIFIED.,.F.,
  .F.,(2,2),(-14.99999996631,4.999999997263),.PIECEWISE_BEZIER_KNOTS.);
#6123 = CARTESIAN_POINT('',(19.999999963579,-18.8));
#6124 = CARTESIAN_POINT('',(0.,-18.8));
#6125 = ( GEOMETRIC_REPRESENTATION_CONTEXT(2) 
PARAMETRIC_REPRESENTATION_CONTEXT() REPRESENTATION_CONTEXT('2D SPACE',''
  ) );
#6126 = PCURVE('',#5780,#6127);
#6127 = DEFINITIONAL_REPRESENTATION('',(#6128),#6131);
#6128 = B_SPLINE_CURVE_WITH_KNOTS('',1,(#6129,#6130),.UNSPECIFIED.,.F.,
  .F.,(2,2),(-14.99999996631,4.999999997263),.PIECEWISE_BEZIER_KNOTS.);
#6129 = CARTESIAN_POINT('',(9.999999969054,46.8));
#6130 = CARTESIAN_POINT('',(-9.999999994525,46.8));
#6131 = ( GEOMETRIC_REPRESENTATION_CONTEXT(2) 
PARAMETRIC_REPRESENTATION_CONTEXT() REPRESENTATION_CONTEXT('2D SPACE',''
  ) );
#6132 = ORIENTED_EDGE('',*,*,#6133,.F.);
#6133 = EDGE_CURVE('',#6134,#6113,#6136,.T.);
#6134 = VERTEX_POINT('',#6135);
#6135 = CARTESIAN_POINT('',(-20.00000003642,46.8,12.7));
#6136 = SURFACE_CURVE('',#6137,(#6141,#6148),.PCURVE_S1.);
#6137 = LINE('',#6138,#6139);
#6138 = CARTESIAN_POINT('',(-20.00000003642,46.8,2.2));
#6139 = VECTOR('',#6140,1.);
#6140 = DIRECTION('',(0.,0.,1.));
#6141 = PCURVE('',#5120,#6142);
#6142 = DEFINITIONAL_REPRESENTATION('',(#6143),#6147);
#6143 = LINE('',#6144,#6145);
#6144 = CARTESIAN_POINT('',(19.999999963579,0.));
#6145 = VECTOR('',#6146,1.);
#6146 = DIRECTION('',(0.,-1.));
#6147 = ( GEOMETRIC_REPRESENTATION_CONTEXT(2) 
PARAMETRIC_REPRESENTATION_CONTEXT() REPRESENTATION_CONTEXT('2D SPACE',''
  ) );
#6148 = PCURVE('',#5094,#6149);
#6149 = DEFINITIONAL_REPRESENTATION('',(#6150),#6154);
#6150 = LINE('',#6151,#6152);
#6151 = CARTESIAN_POINT('',(1.570796326795,0.));
#6152 = VECTOR('',#6153,1.);
#6153 = DIRECTION('',(0.,-1.));
#6154 = ( GEOMETRIC_REPRESENTATION_CONTEXT(2) 
PARAMETRIC_REPRESENTATION_CONTEXT() REPRESENTATION_CONTEXT('2D SPACE',''
  ) );
#6155 = ORIENTED_EDGE('',*,*,#6156,.F.);
#6156 = EDGE_CURVE('',#6157,#6134,#6159,.T.);
#6157 = VERTEX_POINT('',#6158);
#6158 = CARTESIAN_POINT('',(-20.00000003642,46.8,5.7));
#6159 = SURFACE_CURVE('',#6160,(#6165,#6172),.PCURVE_S1.);
#6160 = CIRCLE('',#6161,3.5);
#6161 = AXIS2_PLACEMENT_3D('',#6162,#6163,#6164);
#6162 = CARTESIAN_POINT('',(-20.,46.8,9.2));
#6163 = DIRECTION('',(-0.,1.,0.));
#6164 = DIRECTION('',(1.,0.,0.));
#6165 = PCURVE('',#5120,#6166);
#6166 = DEFINITIONAL_REPRESENTATION('',(#6167),#6171);
#6167 = CIRCLE('',#6168,3.5);
#6168 = AXIS2_PLACEMENT_2D('',#6169,#6170);
#6169 = CARTESIAN_POINT('',(20.,-7.));
#6170 = DIRECTION('',(1.,0.));
#6171 = ( GEOMETRIC_REPRESENTATION_CONTEXT(2) 
PARAMETRIC_REPRESENTATION_CONTEXT() REPRESENTATION_CONTEXT('2D SPACE',''
  ) );
#6172 = PCURVE('',#6173,#6178);
#6173 = CYLINDRICAL_SURFACE('',#6174,3.5);
#6174 = AXIS2_PLACEMENT_3D('',#6175,#6176,#6177);
#6175 = CARTESIAN_POINT('',(-20.,49.,9.2));
#6176 = DIRECTION('',(-0.,1.,-0.));
#6177 = DIRECTION('',(1.,0.,0.));
#6178 = DEFINITIONAL_REPRESENTATION('',(#6179),#6183);
#6179 = LINE('',#6180,#6181);
#6180 = CARTESIAN_POINT('',(-6.28318530718,-2.2));
#6181 = VECTOR('',#6182,1.);
#6182 = DIRECTION('',(1.,-0.));
#6183 = ( GEOMETRIC_REPRESENTATION_CONTEXT(2) 
PARAMETRIC_REPRESENTATION_CONTEXT() REPRESENTATION_CONTEXT('2D SPACE',''
  ) );
#6184 = ORIENTED_EDGE('',*,*,#6185,.F.);
#6185 = EDGE_CURVE('',#5074,#6157,#6186,.T.);
#6186 = SURFACE_CURVE('',#6187,(#6191,#6198),.PCURVE_S1.);
#6187 = LINE('',#6188,#6189);
#6188 = CARTESIAN_POINT('',(-20.00000003642,46.8,2.2));
#6189 = VECTOR('',#6190,1.);
#6190 = DIRECTION('',(0.,0.,1.));
#6191 = PCURVE('',#5120,#6192);
#6192 = DEFINITIONAL_REPRESENTATION('',(#6193),#6197);
#6193 = LINE('',#6194,#6195);
#6194 = CARTESIAN_POINT('',(19.999999963579,0.));
#6195 = VECTOR('',#6196,1.);
#6196 = DIRECTION('',(0.,-1.));
#6197 = ( GEOMETRIC_REPRESENTATION_CONTEXT(2) 
PARAMETRIC_REPRESENTATION_CONTEXT() REPRESENTATION_CONTEXT('2D SPACE',''
  ) );
#6198 = PCURVE('',#5094,#6199);
#6199 = DEFINITIONAL_REPRESENTATION('',(#6200),#6204);
#6200 = LINE('',#6201,#6202);
#6201 = CARTESIAN_POINT('',(1.570796326795,0.));
#6202 = VECTOR('',#6203,1.);
#6203 = DIRECTION('',(0.,-1.));
#6204 = ( GEOMETRIC_REPRESENTATION_CONTEXT(2) 
PARAMETRIC_REPRESENTATION_CONTEXT() REPRESENTATION_CONTEXT('2D SPACE',''
  ) );
#6205 = ADVANCED_FACE('',(#6206),#5094,.F.);
#6206 = FACE_BOUND('',#6207,.F.);
#6207 = EDGE_LOOP('',(#6208,#6209,#6210,#6302,#6392,#6393,#6421,#6449));
#6208 = ORIENTED_EDGE('',*,*,#5073,.F.);
#6209 = ORIENTED_EDGE('',*,*,#6185,.T.);
#6210 = ORIENTED_EDGE('',*,*,#6211,.T.);
#6211 = EDGE_CURVE('',#6157,#6212,#6214,.T.);
#6212 = VERTEX_POINT('',#6213);
#6213 = CARTESIAN_POINT('',(-16.5,46.153687767509,9.2));
#6214 = SURFACE_CURVE('',#6215,(#6242,#6272),.PCURVE_S1.);
#6215 = B_SPLINE_CURVE_WITH_KNOTS('',7,(#6216,#6217,#6218,#6219,#6220,
    #6221,#6222,#6223,#6224,#6225,#6226,#6227,#6228,#6229,#6230,#6231,
    #6232,#6233,#6234,#6235,#6236,#6237,#6238,#6239,#6240,#6241),
  .UNSPECIFIED.,.F.,.F.,(8,6,6,6,8),(0.,0.166733807877,0.400996876962,
    0.51125956728,1.),.UNSPECIFIED.);
#6216 = CARTESIAN_POINT('',(-20.00000003642,46.8,5.7));
#6217 = CARTESIAN_POINT('',(-19.84085306278,46.8,5.699999998344));
#6218 = CARTESIAN_POINT('',(-19.68195802977,46.796984797706,
    5.708442602673));
#6219 = CARTESIAN_POINT('',(-19.5242720612,46.79097153867,5.725279593955
    ));
#6220 = CARTESIAN_POINT('',(-19.36874425149,46.782080409151,
    5.750286853044));
#6221 = CARTESIAN_POINT('',(-19.21629818192,46.770532135528,
    5.783066167066));
#6222 = CARTESIAN_POINT('',(-19.06781465082,46.756635281938,
    5.823043526133));
#6223 = CARTESIAN_POINT('',(-18.72221428787,46.718463079411,
    5.934685126352));
#6224 = CARTESIAN_POINT('',(-18.52978992486,46.692267527545,
    6.01261447544));
#6225 = CARTESIAN_POINT('',(-18.34732908934,46.663018141558,
    6.101727908616));
#6226 = CARTESIAN_POINT('',(-18.17516461897,46.631555190814,
    6.200607714782));
#6227 = CARTESIAN_POINT('',(-18.01349680215,46.598679139585,
    6.307923250846));
#6228 = CARTESIAN_POINT('',(-17.86241217933,46.565123625547,
    6.422415553323));
#6229 = CARTESIAN_POINT('',(-17.65576236557,46.515732954281,
    6.599588652936));
#6230 = CARTESIAN_POINT('',(-17.5918991592,46.499903292552,6.65767461926
    ));
#6231 = CARTESIAN_POINT('',(-17.53028533668,46.484111320764,
    6.717050625576));
#6232 = CARTESIAN_POINT('',(-17.47089638862,46.468413420707,
    6.777630899564));
#6233 = CARTESIAN_POINT('',(-17.41370731207,46.452862090241,
    6.839337001486));
#6234 = CARTESIAN_POINT('',(-17.35869261049,46.437505943294,
    6.90209782418));
#6235 = CARTESIAN_POINT('',(-17.07149583782,46.355386860161,
    7.248429920282));
#6236 = CARTESIAN_POINT('',(-16.87891781082,46.292967625742,
    7.551032094918));
#6237 = CARTESIAN_POINT('',(-16.72661159643,46.239206281606,
    7.867694127269));
#6238 = CARTESIAN_POINT('',(-16.61323516772,46.196984013142,
    8.194096654921));
#6239 = CARTESIAN_POINT('',(-16.53783693487,46.168155150306,
    8.526860262146));
#6240 = CARTESIAN_POINT('',(-16.5,46.153687767509,8.863083548182));
#6241 = CARTESIAN_POINT('',(-16.5,46.153687767509,9.2));
#6242 = PCURVE('',#5094,#6243);
#6243 = DEFINITIONAL_REPRESENTATION('',(#6244),#6271);
#6244 = B_SPLINE_CURVE_WITH_KNOTS('',7,(#6245,#6246,#6247,#6248,#6249,
    #6250,#6251,#6252,#6253,#6254,#6255,#6256,#6257,#6258,#6259,#6260,
    #6261,#6262,#6263,#6264,#6265,#6266,#6267,#6268,#6269,#6270),
  .UNSPECIFIED.,.F.,.F.,(8,6,6,6,8),(0.,0.166733807877,0.400996876962,
    0.51125956728,1.),.UNSPECIFIED.);
#6245 = CARTESIAN_POINT('',(1.570796326795,-3.5));
#6246 = CARTESIAN_POINT('',(1.5870358139,-3.499999998344));
#6247 = CARTESIAN_POINT('',(1.60324959547,-3.508442602673));
#6248 = CARTESIAN_POINT('',(1.619346985848,-3.525279593955));
#6249 = CARTESIAN_POINT('',(1.635238070469,-3.550286853044));
#6250 = CARTESIAN_POINT('',(1.650834368662,-3.583066167066));
#6251 = CARTESIAN_POINT('',(1.666049847743,-3.623043526133));
#6252 = CARTESIAN_POINT('',(1.701529650575,-3.734685126352));
#6253 = CARTESIAN_POINT('',(1.721339553571,-3.81261447544));
#6254 = CARTESIAN_POINT('',(1.740187694543,-3.901727908616));
#6255 = CARTESIAN_POINT('',(1.758039584213,-4.000607714782));
#6256 = CARTESIAN_POINT('',(1.774869471494,-4.107923250846));
#6257 = CARTESIAN_POINT('',(1.790659887383,-4.222415553323));
#6258 = CARTESIAN_POINT('',(1.812340519568,-4.399588652936));
#6259 = CARTESIAN_POINT('',(1.819054154529,-4.45767461926));
#6260 = CARTESIAN_POINT('',(1.825544181667,-4.517050625576));
#6261 = CARTESIAN_POINT('',(1.831812091131,-4.577630899564));
#6262 = CARTESIAN_POINT('',(1.837859394555,-4.639337001486));
#6263 = CARTESIAN_POINT('',(1.843687625057,-4.70209782418));
#6264 = CARTESIAN_POINT('',(1.874167872798,-5.048429920282));
#6265 = CARTESIAN_POINT('',(1.89481253922,-5.351032094918));
#6266 = CARTESIAN_POINT('',(1.911288405886,-5.667694127269));
#6267 = CARTESIAN_POINT('',(1.923633105209,-5.994096654921));
#6268 = CARTESIAN_POINT('',(1.931870034744,-6.326860262146));
#6269 = CARTESIAN_POINT('',(1.936003552064,-6.663083548182));
#6270 = CARTESIAN_POINT('',(1.936003552064,-7.));
#6271 = ( GEOMETRIC_REPRESENTATION_CONTEXT(2) 
PARAMETRIC_REPRESENTATION_CONTEXT() REPRESENTATION_CONTEXT('2D SPACE',''
  ) );
#6272 = PCURVE('',#6173,#6273);
#6273 = DEFINITIONAL_REPRESENTATION('',(#6274),#6301);
#6274 = B_SPLINE_CURVE_WITH_KNOTS('',7,(#6275,#6276,#6277,#6278,#6279,
    #6280,#6281,#6282,#6283,#6284,#6285,#6286,#6287,#6288,#6289,#6290,
    #6291,#6292,#6293,#6294,#6295,#6296,#6297,#6298,#6299,#6300),
  .UNSPECIFIED.,.F.,.F.,(8,6,6,6,8),(0.,0.166733807877,0.400996876962,
    0.51125956728,1.),.UNSPECIFIED.);
#6275 = CARTESIAN_POINT('',(-4.712388969979,-2.2));
#6276 = CARTESIAN_POINT('',(-4.757859533874,-2.2));
#6277 = CARTESIAN_POINT('',(-4.803258109983,-2.203015202294));
#6278 = CARTESIAN_POINT('',(-4.848464817779,-2.20902846133));
#6279 = CARTESIAN_POINT('',(-4.893359781538,-2.217919590849));
#6280 = CARTESIAN_POINT('',(-4.937817021678,-2.229467864472));
#6281 = CARTESIAN_POINT('',(-4.981697899708,-2.243364718062));
#6282 = CARTESIAN_POINT('',(-5.085465087229,-2.281536920589));
#6283 = CARTESIAN_POINT('',(-5.144625887636,-2.307732472455));
#6284 = CARTESIAN_POINT('',(-5.202423753656,-2.336981858442));
#6285 = CARTESIAN_POINT('',(-5.258929242876,-2.368444809186));
#6286 = CARTESIAN_POINT('',(-5.314194784364,-2.401320860415));
#6287 = CARTESIAN_POINT('',(-5.368258014682,-2.434876374453));
#6288 = CARTESIAN_POINT('',(-5.446030289663,-2.484267045719));
#6289 = CARTESIAN_POINT('',(-5.470684944088,-2.500096707448));
#6290 = CARTESIAN_POINT('',(-5.495116552285,-2.515888679236));
#6291 = CARTESIAN_POINT('',(-5.519337628804,-2.531586579293));
#6292 = CARTESIAN_POINT('',(-5.543360514112,-2.547137909759));
#6293 = CARTESIAN_POINT('',(-5.567197374592,-2.562494056706));
#6294 = CARTESIAN_POINT('',(-5.695745914467,-2.644613139839));
#6295 = CARTESIAN_POINT('',(-5.797420362352,-2.707032374258));
#6296 = CARTESIAN_POINT('',(-5.896726318038,-2.760793718394));
#6297 = CARTESIAN_POINT('',(-5.99432703123,-2.803015986858));
#6298 = CARTESIAN_POINT('',(-6.090859777552,-2.831844849694));
#6299 = CARTESIAN_POINT('',(-6.186923463803,-2.846312232491));
#6300 = CARTESIAN_POINT('',(-6.28318530718,-2.846312232491));
#6301 = ( GEOMETRIC_REPRESENTATION_CONTEXT(2) 
PARAMETRIC_REPRESENTATION_CONTEXT() REPRESENTATION_CONTEXT('2D SPACE',''
  ) );
#6302 = ORIENTED_EDGE('',*,*,#6303,.T.);
#6303 = EDGE_CURVE('',#6212,#6134,#6304,.T.);
#6304 = SURFACE_CURVE('',#6305,(#6332,#6362),.PCURVE_S1.);
#6305 = B_SPLINE_CURVE_WITH_KNOTS('',7,(#6306,#6307,#6308,#6309,#6310,
    #6311,#6312,#6313,#6314,#6315,#6316,#6317,#6318,#6319,#6320,#6321,
    #6322,#6323,#6324,#6325,#6326,#6327,#6328,#6329,#6330,#6331),
  .UNSPECIFIED.,.F.,.F.,(8,6,6,6,8),(0.,0.489248942046,0.597976183826,
    0.733627453965,1.),.UNSPECIFIED.);
#6306 = CARTESIAN_POINT('',(-16.5,46.153687767509,9.2));
#6307 = CARTESIAN_POINT('',(-16.5,46.153687767509,9.537138784992));
#6308 = CARTESIAN_POINT('',(-16.53788688538,46.168174249662,
    9.873581879777));
#6309 = CARTESIAN_POINT('',(-16.61338384406,46.197040859801,
    10.206558240424));
#6310 = CARTESIAN_POINT('',(-16.72690899177,46.239317012421,
    10.533161450719));
#6311 = CARTESIAN_POINT('',(-16.87941689246,46.293143783978,
    10.850005491429));
#6312 = CARTESIAN_POINT('',(-17.07225375849,46.355632548889,
    11.152761061419));
#6313 = CARTESIAN_POINT('',(-17.35905143884,46.43760202369,
    11.498272550276));
#6314 = CARTESIAN_POINT('',(-17.41328627812,46.452738623751,
    11.560131618951));
#6315 = CARTESIAN_POINT('',(-17.46963372083,46.468064805069,
    11.620965819433));
#6316 = CARTESIAN_POINT('',(-17.52811817748,46.483534017694,
    11.680707062797));
#6317 = CARTESIAN_POINT('',(-17.5887636102,46.499096050315,
    11.73928035324));
#6318 = CARTESIAN_POINT('',(-17.65159353269,46.514697030265,
    11.796603788078));
#6319 = CARTESIAN_POINT('',(-17.79777365945,46.549720470696,
    11.922436785201));
#6320 = CARTESIAN_POINT('',(-17.88237015272,46.569136738126,
    11.990216587009));
#6321 = CARTESIAN_POINT('',(-17.97044836317,46.588411660987,
    12.055736535911));
#6322 = CARTESIAN_POINT('',(-18.06202761869,46.607418623131,
    12.118789602532));
#6323 = CARTESIAN_POINT('',(-18.15711835627,46.626021794278,
    12.179152881587));
#6324 = CARTESIAN_POINT('',(-18.25572177636,46.644076967188,
    12.236587318067));
#6325 = CARTESIAN_POINT('',(-18.558334023,46.695512499302,
    12.397366044187));
#6326 = CARTESIAN_POINT('',(-18.77413247546,46.72719704798,
    12.492562478244));
#6327 = CARTESIAN_POINT('',(-19.00325480587,46.754855022448,
    12.572851543389));
#6328 = CARTESIAN_POINT('',(-19.24327326318,46.77694266243,
    12.635441193527));
#6329 = CARTESIAN_POINT('',(-19.49141770235,46.792240490795,
    12.678272616224));
#6330 = CARTESIAN_POINT('',(-19.7446932084,46.8,12.700000002657));
#6331 = CARTESIAN_POINT('',(-20.00000003642,46.8,12.7));
#6332 = PCURVE('',#5094,#6333);
#6333 = DEFINITIONAL_REPRESENTATION('',(#6334),#6361);
#6334 = B_SPLINE_CURVE_WITH_KNOTS('',7,(#6335,#6336,#6337,#6338,#6339,
    #6340,#6341,#6342,#6343,#6344,#6345,#6346,#6347,#6348,#6349,#6350,
    #6351,#6352,#6353,#6354,#6355,#6356,#6357,#6358,#6359,#6360),
  .UNSPECIFIED.,.F.,.F.,(8,6,6,6,8),(0.,0.489248942046,0.597976183826,
    0.733627453965,1.),.UNSPECIFIED.);
#6335 = CARTESIAN_POINT('',(1.936003552064,-7.));
#6336 = CARTESIAN_POINT('',(1.936003552064,-7.337138784992));
#6337 = CARTESIAN_POINT('',(1.931864577886,-7.673581879777));
#6338 = CARTESIAN_POINT('',(1.923616862904,-8.006558240424));
#6339 = CARTESIAN_POINT('',(1.911256025691,-8.333161450719));
#6340 = CARTESIAN_POINT('',(1.894758550648,-8.650005491429));
#6341 = CARTESIAN_POINT('',(1.874086621899,-8.952761061419));
#6342 = CARTESIAN_POINT('',(1.843649725418,-9.298272550276));
#6343 = CARTESIAN_POINT('',(1.83790416203,-9.360131618951));
#6344 = CARTESIAN_POINT('',(1.831945749041,-9.420965819433));
#6345 = CARTESIAN_POINT('',(1.825773018951,-9.480707062797));
#6346 = CARTESIAN_POINT('',(1.819384522988,-9.53928035324));
#6347 = CARTESIAN_POINT('',(1.812778831103,-9.596603788078));
#6348 = CARTESIAN_POINT('',(1.797440337837,-9.722436785201));
#6349 = CARTESIAN_POINT('',(1.78858399963,-9.790216587009));
#6350 = CARTESIAN_POINT('',(1.779384514564,-9.855736535911));
#6351 = CARTESIAN_POINT('',(1.769841602709,-9.918789602532));
#6352 = CARTESIAN_POINT('',(1.759955643851,-9.979152881587));
#6353 = CARTESIAN_POINT('',(1.749727614359,-10.03658731806));
#6354 = CARTESIAN_POINT('',(1.718405939242,-10.19736604418));
#6355 = CARTESIAN_POINT('',(1.696155252129,-10.29256247824));
#6356 = CARTESIAN_POINT('',(1.672618570291,-10.37285154338));
#6357 = CARTESIAN_POINT('',(1.648042143166,-10.43544119352));
#6358 = CARTESIAN_POINT('',(1.622692513117,-10.47827261622));
#6359 = CARTESIAN_POINT('',(1.596848043939,-10.50000000265));
#6360 = CARTESIAN_POINT('',(1.570796326795,-10.5));
#6361 = ( GEOMETRIC_REPRESENTATION_CONTEXT(2) 
PARAMETRIC_REPRESENTATION_CONTEXT() REPRESENTATION_CONTEXT('2D SPACE',''
  ) );
#6362 = PCURVE('',#6173,#6363);
#6363 = DEFINITIONAL_REPRESENTATION('',(#6364),#6391);
#6364 = B_SPLINE_CURVE_WITH_KNOTS('',7,(#6365,#6366,#6367,#6368,#6369,
    #6370,#6371,#6372,#6373,#6374,#6375,#6376,#6377,#6378,#6379,#6380,
    #6381,#6382,#6383,#6384,#6385,#6386,#6387,#6388,#6389,#6390),
  .UNSPECIFIED.,.F.,.F.,(8,6,6,6,8),(0.,0.489248942046,0.597976183826,
    0.733627453965,1.),.UNSPECIFIED.);
#6365 = CARTESIAN_POINT('',(0.,-2.846312232491));
#6366 = CARTESIAN_POINT('',(-9.632536714069E-02,-2.846312232491));
#6367 = CARTESIAN_POINT('',(-0.192451855021,-2.831825750338));
#6368 = CARTESIAN_POINT('',(-0.289048278033,-2.802959140199));
#6369 = CARTESIAN_POINT('',(-0.386714847062,-2.760682987579));
#6370 = CARTESIAN_POINT('',(-0.486090342581,-2.706856216022));
#6371 = CARTESIAN_POINT('',(-0.587839545445,-2.644367451111));
#6372 = CARTESIAN_POINT('',(-0.716134835698,-2.56239797631));
#6373 = CARTESIAN_POINT('',(-0.739631438511,-2.547261376249));
#6374 = CARTESIAN_POINT('',(-0.76330878731,-2.531935194931));
#6375 = CARTESIAN_POINT('',(-0.787178531167,-2.516465982306));
#6376 = CARTESIAN_POINT('',(-0.811252486244,-2.500903949685));
#6377 = CARTESIAN_POINT('',(-0.835542635788,-2.485302969735));
#6378 = CARTESIAN_POINT('',(-0.890651117023,-2.450279529304));
#6379 = CARTESIAN_POINT('',(-0.921603424604,-2.430863261874));
#6380 = CARTESIAN_POINT('',(-0.952935226433,-2.411588339013));
#6381 = CARTESIAN_POINT('',(-0.984663785749,-2.392581376869));
#6382 = CARTESIAN_POINT('',(-1.016807276055,-2.373978205722));
#6383 = CARTESIAN_POINT('',(-1.0493856017,-2.355923032812));
#6384 = CARTESIAN_POINT('',(-1.147291833636,-2.304487500698));
#6385 = CARTESIAN_POINT('',(-1.214502127898,-2.27280295202));
#6386 = CARTESIAN_POINT('',(-1.283521877781,-2.245144977552));
#6387 = CARTESIAN_POINT('',(-1.353954534766,-2.22305733757));
#6388 = CARTESIAN_POINT('',(-1.425487163358,-2.207759509205));
#6389 = CARTESIAN_POINT('',(-1.497851529197,-2.2));
#6390 = CARTESIAN_POINT('',(-1.570796337201,-2.2));
#6391 = ( GEOMETRIC_REPRESENTATION_CONTEXT(2) 
PARAMETRIC_REPRESENTATION_CONTEXT() REPRESENTATION_CONTEXT('2D SPACE',''
  ) );
#6392 = ORIENTED_EDGE('',*,*,#6133,.T.);
#6393 = ORIENTED_EDGE('',*,*,#6394,.T.);
#6394 = EDGE_CURVE('',#6113,#6395,#6397,.T.);
#6395 = VERTEX_POINT('',#6396);
#6396 = CARTESIAN_POINT('',(-10.20000001821,37.,21.));
#6397 = SURFACE_CURVE('',#6398,(#6403,#6410),.PCURVE_S1.);
#6398 = CIRCLE('',#6399,9.8);
#6399 = AXIS2_PLACEMENT_3D('',#6400,#6401,#6402);
#6400 = CARTESIAN_POINT('',(-20.00000003642,37.,21.));
#6401 = DIRECTION('',(0.,0.,-1.));
#6402 = DIRECTION('',(-1.,0.,0.));
#6403 = PCURVE('',#5094,#6404);
#6404 = DEFINITIONAL_REPRESENTATION('',(#6405),#6409);
#6405 = LINE('',#6406,#6407);
#6406 = CARTESIAN_POINT('',(0.,-18.8));
#6407 = VECTOR('',#6408,1.);
#6408 = DIRECTION('',(1.,0.));
#6409 = ( GEOMETRIC_REPRESENTATION_CONTEXT(2) 
PARAMETRIC_REPRESENTATION_CONTEXT() REPRESENTATION_CONTEXT('2D SPACE',''
  ) );
#6410 = PCURVE('',#5780,#6411);
#6411 = DEFINITIONAL_REPRESENTATION('',(#6412),#6420);
#6412 = ( BOUNDED_CURVE() B_SPLINE_CURVE(2,(#6413,#6414,#6415,#6416,
#6417,#6418,#6419),.UNSPECIFIED.,.T.,.F.) B_SPLINE_CURVE_WITH_KNOTS((1,2
    ,2,2,2,1),(-2.094395102393,0.,2.094395102393,4.188790204786,
6.28318530718,8.377580409573),.UNSPECIFIED.) CURVE() 
GEOMETRIC_REPRESENTATION_ITEM() RATIONAL_B_SPLINE_CURVE((1.,0.5,1.,0.5,
1.,0.5,1.)) REPRESENTATION_ITEM('') );
#6413 = CARTESIAN_POINT('',(0.199999969054,37.));
#6414 = CARTESIAN_POINT('',(0.199999969054,53.974097914175));
#6415 = CARTESIAN_POINT('',(14.899999969054,45.487048957088));
#6416 = CARTESIAN_POINT('',(29.599999969054,37.));
#6417 = CARTESIAN_POINT('',(14.899999969054,28.512951042913));
#6418 = CARTESIAN_POINT('',(0.199999969054,20.025902085825));
#6419 = CARTESIAN_POINT('',(0.199999969054,37.));
#6420 = ( GEOMETRIC_REPRESENTATION_CONTEXT(2) 
PARAMETRIC_REPRESENTATION_CONTEXT() REPRESENTATION_CONTEXT('2D SPACE',''
  ) );
#6421 = ORIENTED_EDGE('',*,*,#6422,.F.);
#6422 = EDGE_CURVE('',#6423,#6395,#6425,.T.);
#6423 = VERTEX_POINT('',#6424);
#6424 = CARTESIAN_POINT('',(-10.20000001821,37.,13.198684153571));
#6425 = SURFACE_CURVE('',#6426,(#6430,#6437),.PCURVE_S1.);
#6426 = LINE('',#6427,#6428);
#6427 = CARTESIAN_POINT('',(-10.20000001821,37.,2.2));
#6428 = VECTOR('',#6429,1.);
#6429 = DIRECTION('',(0.,0.,1.));
#6430 = PCURVE('',#5094,#6431);
#6431 = DEFINITIONAL_REPRESENTATION('',(#6432),#6436);
#6432 = LINE('',#6433,#6434);
#6433 = CARTESIAN_POINT('',(3.14159265359,0.));
#6434 = VECTOR('',#6435,1.);
#6435 = DIRECTION('',(0.,-1.));
#6436 = ( GEOMETRIC_REPRESENTATION_CONTEXT(2) 
PARAMETRIC_REPRESENTATION_CONTEXT() REPRESENTATION_CONTEXT('2D SPACE',''
  ) );
#6437 = PCURVE('',#6438,#6443);
#6438 = PLANE('',#6439);
#6439 = AXIS2_PLACEMENT_3D('',#6440,#6441,#6442);
#6440 = CARTESIAN_POINT('',(-10.2,-37.,2.2));
#6441 = DIRECTION('',(-1.,0.,0.));
#6442 = DIRECTION('',(0.,1.,0.));
#6443 = DEFINITIONAL_REPRESENTATION('',(#6444),#6448);
#6444 = LINE('',#6445,#6446);
#6445 = CARTESIAN_POINT('',(74.,0.));
#6446 = VECTOR('',#6447,1.);
#6447 = DIRECTION('',(0.,-1.));
#6448 = ( GEOMETRIC_REPRESENTATION_CONTEXT(2) 
PARAMETRIC_REPRESENTATION_CONTEXT() REPRESENTATION_CONTEXT('2D SPACE',''
  ) );
#6449 = ORIENTED_EDGE('',*,*,#6450,.F.);
#6450 = EDGE_CURVE('',#5048,#6423,#6451,.T.);
#6451 = SURFACE_CURVE('',#6452,(#6503,#6557),.PCURVE_S1.);
#6452 = B_SPLINE_CURVE_WITH_KNOTS('',5,(#6453,#6454,#6455,#6456,#6457,
    #6458,#6459,#6460,#6461,#6462,#6463,#6464,#6465,#6466,#6467,#6468,
    #6469,#6470,#6471,#6472,#6473,#6474,#6475,#6476,#6477,#6478,#6479,
    #6480,#6481,#6482,#6483,#6484,#6485,#6486,#6487,#6488,#6489,#6490,
    #6491,#6492,#6493,#6494,#6495,#6496,#6497,#6498,#6499,#6500,#6501,
    #6502),.UNSPECIFIED.,.F.,.F.,(6,4,4,4,4,4,4,4,4,4,4,4,6),(0.,
    0.332766430207,0.663407024282,0.997809130273,0.998056656796,
    0.998304179985,0.99854316473,0.998782146368,0.99902965979,
    0.999260100324,0.999507607309,0.999755110962,1.),.UNSPECIFIED.);
#6453 = CARTESIAN_POINT('',(-10.60224624749,39.778888936721,2.1999994));
#6454 = CARTESIAN_POINT('',(-10.57904351141,39.700421028928,
    2.943181932171));
#6455 = CARTESIAN_POINT('',(-10.55157642741,39.60452022693,
    3.685260844608));
#6456 = CARTESIAN_POINT('',(-10.52061244766,39.491141176577,
    4.426012867636));
#6457 = CARTESIAN_POINT('',(-10.48723563674,39.360206852035,
    5.165178271059));
#6458 = CARTESIAN_POINT('',(-10.41861465368,39.063981778235,
    6.635032511372));
#6459 = CARTESIAN_POINT('',(-10.38338261756,38.898912033342,
    7.365764351257));
#6460 = CARTESIAN_POINT('',(-10.34846091858,38.716294767716,
    8.094453889105));
#6461 = CARTESIAN_POINT('',(-10.31546250612,38.515978724439,
    8.820855739506));
#6462 = CARTESIAN_POINT('',(-10.25682769886,38.07710738327,
    10.276746613709));
#6463 = CARTESIAN_POINT('',(-10.23128225843,37.838165086807,
    11.006103216641));
#6464 = CARTESIAN_POINT('',(-10.21166250785,37.58073364534,
    11.732608682803));
#6465 = CARTESIAN_POINT('',(-10.20029580349,37.304597921989,
    12.455840509107));
#6466 = CARTESIAN_POINT('',(-10.20000459124,37.009451042561,
    13.175655961422));
#6467 = CARTESIAN_POINT('',(-10.20000438191,37.009232724286,
    13.176188377072));
#6468 = CARTESIAN_POINT('',(-10.20000417865,37.009014395702,
    13.176720790587));
#6469 = CARTESIAN_POINT('',(-10.20000398147,37.008796056809,
    13.177253201969));
#6470 = CARTESIAN_POINT('',(-10.20000359924,37.008359361344,
    13.178318013295));
#6471 = CARTESIAN_POINT('',(-10.20000341419,37.008141004773,
    13.17885041324));
#6472 = CARTESIAN_POINT('',(-10.20000323523,37.007922637893,
    13.17938281105));
#6473 = CARTESIAN_POINT('',(-10.20000306233,37.007704260705,
    13.179915206725));
#6474 = CARTESIAN_POINT('',(-10.20000273445,37.007275019103,
    13.180961628605));
#6475 = CARTESIAN_POINT('',(-10.20000257905,37.007064155388,
    13.181475654956));
#6476 = CARTESIAN_POINT('',(-10.20000242931,37.006853282064,
    13.181989679315));
#6477 = CARTESIAN_POINT('',(-10.20000228524,37.00664239913,
    13.182503701684));
#6478 = CARTESIAN_POINT('',(-10.20000200844,37.006220616782,
    13.183531735757));
#6479 = CARTESIAN_POINT('',(-10.2000018757,37.006009717369,
    13.184045747461));
#6480 = CARTESIAN_POINT('',(-10.20000174863,37.005798808347,
    13.184559757174));
#6481 = CARTESIAN_POINT('',(-10.20000162723,37.005587889714,
    13.185073764896));
#6482 = CARTESIAN_POINT('',(-10.20000139164,37.005158502968,
    13.186120126659));
#6483 = CARTESIAN_POINT('',(-10.20000127786,37.004940034156,
    13.186652480556));
#6484 = CARTESIAN_POINT('',(-10.20000117017,37.004721555036,
    13.187184832316));
#6485 = CARTESIAN_POINT('',(-10.20000106855,37.004503065608,
    13.187717181939));
#6486 = CARTESIAN_POINT('',(-10.20000088409,37.004081137725,
    13.188745156848));
#6487 = CARTESIAN_POINT('',(-10.20000080042,37.003877700645,
    13.189240782418));
#6488 = CARTESIAN_POINT('',(-10.20000072203,37.003674254629,
    13.189736406136));
#6489 = CARTESIAN_POINT('',(-10.20000064892,37.003470799677,13.190232028
    ));
#6490 = CARTESIAN_POINT('',(-10.20000050823,37.003048803345,
    13.191259973696));
#6491 = CARTESIAN_POINT('',(-10.20000044145,37.002830260592,
    13.191792297242));
#6492 = CARTESIAN_POINT('',(-10.20000038077,37.00261170753,
    13.19232461865));
#6493 = CARTESIAN_POINT('',(-10.20000032618,37.002393144161,
    13.19285693792));
#6494 = CARTESIAN_POINT('',(-10.20000022918,37.001955999748,
    13.193921565015));
#6495 = CARTESIAN_POINT('',(-10.20000018677,37.001737418705,
    13.19445387284));
#6496 = CARTESIAN_POINT('',(-10.20000015046,37.001518827355,
    13.194986178527));
#6497 = CARTESIAN_POINT('',(-10.20000012023,37.001300225696,
    13.195518482074));
#6498 = CARTESIAN_POINT('',(-10.20000007223,37.000865311166,
    13.196577461689));
#6499 = CARTESIAN_POINT('',(-10.20000005433,37.000648998512,
    13.197104137801));
#6500 = CARTESIAN_POINT('',(-10.20000004239,37.000432675766,
    13.197630811819));
#6501 = CARTESIAN_POINT('',(-10.20000003642,37.000216342929,
    13.198157483742));
#6502 = CARTESIAN_POINT('',(-10.20000003642,37.,13.198684153571));
#6503 = PCURVE('',#5094,#6504);
#6504 = DEFINITIONAL_REPRESENTATION('',(#6505),#6556);
#6505 = B_SPLINE_CURVE_WITH_KNOTS('',5,(#6506,#6507,#6508,#6509,#6510,
    #6511,#6512,#6513,#6514,#6515,#6516,#6517,#6518,#6519,#6520,#6521,
    #6522,#6523,#6524,#6525,#6526,#6527,#6528,#6529,#6530,#6531,#6532,
    #6533,#6534,#6535,#6536,#6537,#6538,#6539,#6540,#6541,#6542,#6543,
    #6544,#6545,#6546,#6547,#6548,#6549,#6550,#6551,#6552,#6553,#6554,
    #6555),.UNSPECIFIED.,.F.,.F.,(6,4,4,4,4,4,4,4,4,4,4,4,6),(0.,
    0.332766430207,0.663407024282,0.997809130273,0.998056656796,
    0.998304179985,0.99854316473,0.998782146368,0.99902965979,
    0.999260100324,0.999507607309,0.999755110962,1.),.UNSPECIFIED.);
#6506 = CARTESIAN_POINT('',(2.854088095219,5.999999999062E-07));
#6507 = CARTESIAN_POINT('',(2.862437740204,-0.743181932171));
#6508 = CARTESIAN_POINT('',(2.872616606704,-1.485260844608));
#6509 = CARTESIAN_POINT('',(2.884608257323,-2.226012867636));
#6510 = CARTESIAN_POINT('',(2.89839285443,-2.965178271059));
#6511 = CARTESIAN_POINT('',(2.929420333092,-4.435032511372));
#6512 = CARTESIAN_POINT('',(2.946640957172,-5.165764351257));
#6513 = CARTESIAN_POINT('',(2.965606647034,-5.894453889105));
#6514 = CARTESIAN_POINT('',(2.98631296732,-6.620855739506));
#6515 = CARTESIAN_POINT('',(3.031493674264,-8.076746613709));
#6516 = CARTESIAN_POINT('',(3.05600593689,-8.806103216641));
#6517 = CARTESIAN_POINT('',(3.082332909727,-9.532608682803));
#6518 = CARTESIAN_POINT('',(3.11051121817,-10.2558405091));
#6519 = CARTESIAN_POINT('',(3.140628261343,-10.97565596142));
#6520 = CARTESIAN_POINT('',(3.140650538728,-10.97618837707));
#6521 = CARTESIAN_POINT('',(3.140672817164,-10.97672079058));
#6522 = CARTESIAN_POINT('',(3.140695096652,-10.97725320196));
#6523 = CARTESIAN_POINT('',(3.140739657431,-10.97831801329));
#6524 = CARTESIAN_POINT('',(3.140761938722,-10.97885041324));
#6525 = CARTESIAN_POINT('',(3.140784221064,-10.97938281105));
#6526 = CARTESIAN_POINT('',(3.140806504458,-10.97991520672));
#6527 = CARTESIAN_POINT('',(3.140850304634,-10.9809616286));
#6528 = CARTESIAN_POINT('',(3.140871821345,-10.98147565495));
#6529 = CARTESIAN_POINT('',(3.140893339037,-10.98198967931));
#6530 = CARTESIAN_POINT('',(3.140914857709,-10.98250370168));
#6531 = CARTESIAN_POINT('',(3.140957896733,-10.98353173575));
#6532 = CARTESIAN_POINT('',(3.140979417085,-10.98404574746));
#6533 = CARTESIAN_POINT('',(3.141000938418,-10.98455975717));
#6534 = CARTESIAN_POINT('',(3.141022460731,-10.98507376489));
#6535 = CARTESIAN_POINT('',(3.141066275712,-10.98612012665));
#6536 = CARTESIAN_POINT('',(3.141088568451,-10.98665248055));
#6537 = CARTESIAN_POINT('',(3.141110862241,-10.98718483231));
#6538 = CARTESIAN_POINT('',(3.141133157083,-10.98771718193));
#6539 = CARTESIAN_POINT('',(3.141176210953,-10.98874515684));
#6540 = CARTESIAN_POINT('',(3.14119696984,-10.98924078241));
#6541 = CARTESIAN_POINT('',(3.141217729639,-10.98973640613));
#6542 = CARTESIAN_POINT('',(3.14123849035,-10.990232028));
#6543 = CARTESIAN_POINT('',(3.141281551203,-10.99125997369));
#6544 = CARTESIAN_POINT('',(3.141303851485,-10.99179229724));
#6545 = CARTESIAN_POINT('',(3.141326152818,-10.99232461865));
#6546 = CARTESIAN_POINT('',(3.141348455204,-10.99285693792));
#6547 = CARTESIAN_POINT('',(3.141393061777,-10.99392156501));
#6548 = CARTESIAN_POINT('',(3.141415365966,-10.99445387284));
#6549 = CARTESIAN_POINT('',(3.141437671206,-10.99498617852));
#6550 = CARTESIAN_POINT('',(3.141459977498,-10.99551848207));
#6551 = CARTESIAN_POINT('',(3.141504356532,-10.99657746168));
#6552 = CARTESIAN_POINT('',(3.141526429252,-10.9971041378));
#6553 = CARTESIAN_POINT('',(3.141548503001,-10.99763081181));
#6554 = CARTESIAN_POINT('',(3.141570577781,-10.99815748374));
#6555 = CARTESIAN_POINT('',(3.14159265359,-10.99868415357));
#6556 = ( GEOMETRIC_REPRESENTATION_CONTEXT(2) 
PARAMETRIC_REPRESENTATION_CONTEXT() REPRESENTATION_CONTEXT('2D SPACE',''
  ) );
#6557 = PCURVE('',#5062,#6558);
#6558 = DEFINITIONAL_REPRESENTATION('',(#6559),#6610);
#6559 = B_SPLINE_CURVE_WITH_KNOTS('',5,(#6560,#6561,#6562,#6563,#6564,
    #6565,#6566,#6567,#6568,#6569,#6570,#6571,#6572,#6573,#6574,#6575,
    #6576,#6577,#6578,#6579,#6580,#6581,#6582,#6583,#6584,#6585,#6586,
    #6587,#6588,#6589,#6590,#6591,#6592,#6593,#6594,#6595,#6596,#6597,
    #6598,#6599,#6600,#6601,#6602,#6603,#6604,#6605,#6606,#6607,#6608,
    #6609),.UNSPECIFIED.,.F.,.F.,(6,4,4,4,4,4,4,4,4,4,4,4,6),(0.,
    0.332766430207,0.663407024282,0.997809130273,0.998056656796,
    0.998304179985,0.99854316473,0.998782146368,0.99902965979,
    0.999260100324,0.999507607309,0.999755110962,1.),.UNSPECIFIED.);
#6560 = CARTESIAN_POINT('',(0.105193885957,19.39775375251));
#6561 = CARTESIAN_POINT('',(0.123876723815,19.420956488584));
#6562 = CARTESIAN_POINT('',(0.142577885274,19.44842357259));
#6563 = CARTESIAN_POINT('',(0.161305522806,19.479387552338));
#6564 = CARTESIAN_POINT('',(0.180067132562,19.512764363258));
#6565 = CARTESIAN_POINT('',(0.217552302814,19.581385346311));
#6566 = CARTESIAN_POINT('',(0.236275825495,19.616617382431));
#6567 = CARTESIAN_POINT('',(0.255049549423,19.651539081418));
#6568 = CARTESIAN_POINT('',(0.273882153489,19.68453749388));
#6569 = CARTESIAN_POINT('',(0.311897169368,19.743172301136));
#6570 = CARTESIAN_POINT('',(0.33107920694,19.768717741569));
#6571 = CARTESIAN_POINT('',(0.350340940114,19.78833749215));
#6572 = CARTESIAN_POINT('',(0.369689039781,19.799704196507));
#6573 = CARTESIAN_POINT('',(0.389138428682,19.799995408754));
#6574 = CARTESIAN_POINT('',(0.389152814641,19.799995618083));
#6575 = CARTESIAN_POINT('',(0.389167200648,19.799995821342));
#6576 = CARTESIAN_POINT('',(0.389181586704,19.79999601853));
#6577 = CARTESIAN_POINT('',(0.389210358718,19.799996400759));
#6578 = CARTESIAN_POINT('',(0.389224744677,19.799996585801));
#6579 = CARTESIAN_POINT('',(0.389239130684,19.799996764769));
#6580 = CARTESIAN_POINT('',(0.389253516739,19.799996937663));
#6581 = CARTESIAN_POINT('',(0.389281792691,19.799997265546));
#6582 = CARTESIAN_POINT('',(0.389295682584,19.799997420946));
#6583 = CARTESIAN_POINT('',(0.389309572522,19.799997570682));
#6584 = CARTESIAN_POINT('',(0.389323462505,19.799997714753));
#6585 = CARTESIAN_POINT('',(0.389351242381,19.799997991558));
#6586 = CARTESIAN_POINT('',(0.389365132273,19.799998124294));
#6587 = CARTESIAN_POINT('',(0.389379022211,19.799998251362));
#6588 = CARTESIAN_POINT('',(0.389392912194,19.799998372761));
#6589 = CARTESIAN_POINT('',(0.389421188133,19.799998608353));
#6590 = CARTESIAN_POINT('',(0.389435574092,19.799998722133));
#6591 = CARTESIAN_POINT('',(0.389449960099,19.79999882983));
#6592 = CARTESIAN_POINT('',(0.389464346154,19.799998931443));
#6593 = CARTESIAN_POINT('',(0.389492126043,19.79999911591));
#6594 = CARTESIAN_POINT('',(0.38950551987,19.799999199575));
#6595 = CARTESIAN_POINT('',(0.389518913738,19.799999277964));
#6596 = CARTESIAN_POINT('',(0.389532307649,19.799999351076));
#6597 = CARTESIAN_POINT('',(0.389560087512,19.79999949177));
#6598 = CARTESIAN_POINT('',(0.389574473471,19.799999558542));
#6599 = CARTESIAN_POINT('',(0.389588859478,19.799999619224));
#6600 = CARTESIAN_POINT('',(0.389603245534,19.799999673815));
#6601 = CARTESIAN_POINT('',(0.389632017548,19.799999770815));
#6602 = CARTESIAN_POINT('',(0.389646403507,19.799999813224));
#6603 = CARTESIAN_POINT('',(0.389660789514,19.79999984954));
#6604 = CARTESIAN_POINT('',(0.389675175569,19.799999879763));
#6605 = CARTESIAN_POINT('',(0.389703795803,19.799999927764));
#6606 = CARTESIAN_POINT('',(0.389718029981,19.79999994567));
#6607 = CARTESIAN_POINT('',(0.389732264206,19.799999957609));
#6608 = CARTESIAN_POINT('',(0.389746498478,19.799999963579));
#6609 = CARTESIAN_POINT('',(0.389760732797,19.799999963579));
#6610 = ( GEOMETRIC_REPRESENTATION_CONTEXT(2) 
PARAMETRIC_REPRESENTATION_CONTEXT() REPRESENTATION_CONTEXT('2D SPACE',''
  ) );
#6611 = ADVANCED_FACE('',(#6612),#5062,.F.);
#6612 = FACE_BOUND('',#6613,.F.);
#6613 = EDGE_LOOP('',(#6614,#6637,#6666,#6687,#6735,#6736,#6737,#6765,
    #6786,#6815,#6841,#6870,#6896,#6929));
#6614 = ORIENTED_EDGE('',*,*,#6615,.F.);
#6615 = EDGE_CURVE('',#6616,#6618,#6620,.T.);
#6616 = VERTEX_POINT('',#6617);
#6617 = CARTESIAN_POINT('',(-10.97718106862,39.949968710876,0.));
#6618 = VERTEX_POINT('',#6619);
#6619 = CARTESIAN_POINT('',(-8.368246734865,39.949968710876,0.));
#6620 = SURFACE_CURVE('',#6621,(#6625,#6631),.PCURVE_S1.);
#6621 = LINE('',#6622,#6623);
#6622 = CARTESIAN_POINT('',(-30.,39.949968710876,0.));
#6623 = VECTOR('',#6624,1.);
#6624 = DIRECTION('',(1.,0.,0.));
#6625 = PCURVE('',#5062,#6626);
#6626 = DEFINITIONAL_REPRESENTATION('',(#6627),#6630);
#6627 = B_SPLINE_CURVE_WITH_KNOTS('',1,(#6628,#6629),.UNSPECIFIED.,.F.,
  .F.,(2,2),(-26.4,26.4),.PIECEWISE_BEZIER_KNOTS.);
#6628 = CARTESIAN_POINT('',(5.002085680577E-02,-26.4));
#6629 = CARTESIAN_POINT('',(5.002085680577E-02,26.4));
#6630 = ( GEOMETRIC_REPRESENTATION_CONTEXT(2) 
PARAMETRIC_REPRESENTATION_CONTEXT() REPRESENTATION_CONTEXT('2D SPACE',''
  ) );
#6631 = PCURVE('',#5186,#6632);
#6632 = DEFINITIONAL_REPRESENTATION('',(#6633),#6636);
#6633 = B_SPLINE_CURVE_WITH_KNOTS('',1,(#6634,#6635),.UNSPECIFIED.,.F.,
  .F.,(2,2),(-26.4,26.4),.PIECEWISE_BEZIER_KNOTS.);
#6634 = CARTESIAN_POINT('',(-26.39999999452,39.949968710876));
#6635 = CARTESIAN_POINT('',(26.400000005475,39.949968710876));
#6636 = ( GEOMETRIC_REPRESENTATION_CONTEXT(2) 
PARAMETRIC_REPRESENTATION_CONTEXT() REPRESENTATION_CONTEXT('2D SPACE',''
  ) );
#6637 = ORIENTED_EDGE('',*,*,#6638,.F.);
#6638 = EDGE_CURVE('',#6639,#6616,#6641,.T.);
#6639 = VERTEX_POINT('',#6640);
#6640 = CARTESIAN_POINT('',(-11.0054795969,39.871794542007,1.2));
#6641 = SURFACE_CURVE('',#6642,(#6648,#6657),.PCURVE_S1.);
#6642 = B_SPLINE_CURVE_WITH_KNOTS('',4,(#6643,#6644,#6645,#6646,#6647),
  .UNSPECIFIED.,.F.,.F.,(5,5),(0.,1.),.PIECEWISE_BEZIER_KNOTS.);
#6643 = CARTESIAN_POINT('',(-11.00547961504,39.871794493852,1.2000006));
#6644 = CARTESIAN_POINT('',(-10.9964152664,39.895853387941,
    0.900228380939));
#6645 = CARTESIAN_POINT('',(-10.98877916382,39.916902098963,
    0.600278372271));
#6646 = CARTESIAN_POINT('',(-10.98240144194,39.934940355565,
    0.300191162231));
#6647 = CARTESIAN_POINT('',(-10.97718106862,39.949968710876,
    -9.325873406851E-15));
#6648 = PCURVE('',#5062,#6649);
#6649 = DEFINITIONAL_REPRESENTATION('',(#6650),#6656);
#6650 = B_SPLINE_CURVE_WITH_KNOTS('',4,(#6651,#6652,#6653,#6654,#6655),
  .UNSPECIFIED.,.F.,.F.,(5,5),(0.,1.),.PIECEWISE_BEZIER_KNOTS.);
#6651 = CARTESIAN_POINT('',(8.008559508189E-02,18.994520384953));
#6652 = CARTESIAN_POINT('',(7.256719208883E-02,19.003584733594));
#6653 = CARTESIAN_POINT('',(6.505037895079E-02,19.011220836172));
#6654 = CARTESIAN_POINT('',(5.75350344614E-02,19.017598558052));
#6655 = CARTESIAN_POINT('',(5.002085680577E-02,19.022818931372));
#6656 = ( GEOMETRIC_REPRESENTATION_CONTEXT(2) 
PARAMETRIC_REPRESENTATION_CONTEXT() REPRESENTATION_CONTEXT('2D SPACE',''
  ) );
#6657 = PCURVE('',#5553,#6658);
#6658 = DEFINITIONAL_REPRESENTATION('',(#6659),#6665);
#6659 = B_SPLINE_CURVE_WITH_KNOTS('',4,(#6660,#6661,#6662,#6663,#6664),
  .UNSPECIFIED.,.F.,.F.,(5,5),(5.003799261731E-07,1.),
  .PIECEWISE_BEZIER_KNOTS.);
#6660 = CARTESIAN_POINT('',(5.922875455436,1.2));
#6661 = CARTESIAN_POINT('',(5.930909756189,0.900227930672));
#6662 = CARTESIAN_POINT('',(5.937906462855,0.600278071956));
#6663 = CARTESIAN_POINT('',(5.943885328711,0.300191012021));
#6664 = CARTESIAN_POINT('',(5.948856962187,-9.325873406851E-15));
#6665 = ( GEOMETRIC_REPRESENTATION_CONTEXT(2) 
PARAMETRIC_REPRESENTATION_CONTEXT() REPRESENTATION_CONTEXT('2D SPACE',''
  ) );
#6666 = ORIENTED_EDGE('',*,*,#6667,.F.);
#6667 = EDGE_CURVE('',#6668,#6639,#6670,.T.);
#6668 = VERTEX_POINT('',#6669);
#6669 = CARTESIAN_POINT('',(-12.72832690291,39.871794543389,1.2));
#6670 = SURFACE_CURVE('',#6671,(#6675,#6681),.PCURVE_S1.);
#6671 = LINE('',#6672,#6673);
#6672 = CARTESIAN_POINT('',(-30.,39.871794542007,1.2));
#6673 = VECTOR('',#6674,1.);
#6674 = DIRECTION('',(1.,0.,0.));
#6675 = PCURVE('',#5062,#6676);
#6676 = DEFINITIONAL_REPRESENTATION('',(#6677),#6680);
#6677 = B_SPLINE_CURVE_WITH_KNOTS('',1,(#6678,#6679),.UNSPECIFIED.,.F.,
  .F.,(2,2),(17.182745195352,19.84),.PIECEWISE_BEZIER_KNOTS.);
#6678 = CARTESIAN_POINT('',(8.008558003366E-02,17.182745195352));
#6679 = CARTESIAN_POINT('',(8.008558003366E-02,19.84));
#6680 = ( GEOMETRIC_REPRESENTATION_CONTEXT(2) 
PARAMETRIC_REPRESENTATION_CONTEXT() REPRESENTATION_CONTEXT('2D SPACE',''
  ) );
#6681 = PCURVE('',#5524,#6682);
#6682 = DEFINITIONAL_REPRESENTATION('',(#6683),#6686);
#6683 = B_SPLINE_CURVE_WITH_KNOTS('',1,(#6684,#6685),.UNSPECIFIED.,.F.,
  .F.,(2,2),(17.182745195352,19.84),.PIECEWISE_BEZIER_KNOTS.);
#6684 = CARTESIAN_POINT('',(1.182745195352,-1.128205457993));
#6685 = CARTESIAN_POINT('',(3.84,-1.128205457993));
#6686 = ( GEOMETRIC_REPRESENTATION_CONTEXT(2) 
PARAMETRIC_REPRESENTATION_CONTEXT() REPRESENTATION_CONTEXT('2D SPACE',''
  ) );
#6687 = ORIENTED_EDGE('',*,*,#6688,.T.);
#6688 = EDGE_CURVE('',#6668,#5015,#6689,.T.);
#6689 = SURFACE_CURVE('',#6690,(#6705,#6723),.PCURVE_S1.);
#6690 = B_SPLINE_CURVE_WITH_KNOTS('',7,(#6691,#6692,#6693,#6694,#6695,
    #6696,#6697,#6698,#6699,#6700,#6701,#6702,#6703,#6704),
  .UNSPECIFIED.,.F.,.F.,(8,6,8),(0.,0.84013559002,1.),.UNSPECIFIED.);
#6691 = CARTESIAN_POINT('',(-12.66305037796,39.949968710876,
    -9.547918011776E-15));
#6692 = CARTESIAN_POINT('',(-12.68346002121,39.923982185411,
    0.519080439615));
#6693 = CARTESIAN_POINT('',(-12.71048211971,39.890789837141,
    1.024521295037));
#6694 = CARTESIAN_POINT('',(-12.74500105836,39.850552099648,
    1.527644397879));
#6695 = CARTESIAN_POINT('',(-12.78913250913,39.802537901286,
    2.035978291064));
#6696 = CARTESIAN_POINT('',(-12.84598403513,39.746093511068,
    2.549461792484));
#6697 = CARTESIAN_POINT('',(-12.92015724749,39.681615514707,
    3.061181336599));
#6698 = CARTESIAN_POINT('',(-13.03589432095,39.599637789033,
    3.646025166017));
#6699 = CARTESIAN_POINT('',(-13.05529999006,39.586324852146,
    3.739129293519));
#6700 = CARTESIAN_POINT('',(-13.07571196619,39.57279044214,
    3.831966197376));
#6701 = CARTESIAN_POINT('',(-13.09723821519,39.559031164416,
    3.924570780124));
#6702 = CARTESIAN_POINT('',(-13.11999195223,39.545056543443,
    4.016888621099));
#6703 = CARTESIAN_POINT('',(-13.14409180205,39.530891479457,
    4.108776113254));
#6704 = CARTESIAN_POINT('',(-13.16966195921,39.516578705146,4.2000006));
#6705 = PCURVE('',#5062,#6706);
#6706 = DEFINITIONAL_REPRESENTATION('',(#6707),#6722);
#6707 = B_SPLINE_CURVE_WITH_KNOTS('',7,(#6708,#6709,#6710,#6711,#6712,
    #6713,#6714,#6715,#6716,#6717,#6718,#6719,#6720,#6721),
  .UNSPECIFIED.,.F.,.F.,(8,6,8),(0.,0.84013559002,1.),.UNSPECIFIED.);
#6708 = CARTESIAN_POINT('',(5.002085680577E-02,17.336949622036));
#6709 = CARTESIAN_POINT('',(6.301411953827E-02,17.316539978782));
#6710 = CARTESIAN_POINT('',(7.567582742081E-02,17.289517880281));
#6711 = CARTESIAN_POINT('',(8.829204625076E-02,17.254998941639));
#6712 = CARTESIAN_POINT('',(0.101054464759,17.210867490865));
#6713 = CARTESIAN_POINT('',(0.113966264169,17.154015964861));
#6714 = CARTESIAN_POINT('',(0.126859158969,17.079842752505));
#6715 = CARTESIAN_POINT('',(0.141623191538,16.964105679049));
#6716 = CARTESIAN_POINT('',(0.143974460626,16.944700009932));
#6717 = CARTESIAN_POINT('',(0.146319903538,16.924288033808));
#6718 = CARTESIAN_POINT('',(0.148660417448,16.902761784807));
#6719 = CARTESIAN_POINT('',(0.150994642678,16.880008047764));
#6720 = CARTESIAN_POINT('',(0.153318956765,16.855908197948));
#6721 = CARTESIAN_POINT('',(0.155627468528,16.830338040784));
#6722 = ( GEOMETRIC_REPRESENTATION_CONTEXT(2) 
PARAMETRIC_REPRESENTATION_CONTEXT() REPRESENTATION_CONTEXT('2D SPACE',''
  ) );
#6723 = PCURVE('',#5035,#6724);
#6724 = DEFINITIONAL_REPRESENTATION('',(#6725),#6734);
#6725 = B_SPLINE_CURVE_WITH_KNOTS('',7,(#6726,#6727,#6728,#6729,#6730,
    #6731,#6732,#6733),.UNSPECIFIED.,.F.,.F.,(8,8),(0.,0.518132439953),
  .PIECEWISE_BEZIER_KNOTS.);
#6726 = CARTESIAN_POINT('',(10.090548709109,4.2));
#6727 = CARTESIAN_POINT('',(10.102536097436,3.879870228205));
#6728 = CARTESIAN_POINT('',(10.116704859052,3.564928264876));
#6729 = CARTESIAN_POINT('',(10.133117142648,3.252518337354));
#6730 = CARTESIAN_POINT('',(10.151960385136,2.940533431788));
#6731 = CARTESIAN_POINT('',(10.173512272866,2.627754007114));
#6732 = CARTESIAN_POINT('',(10.198109477558,2.313937244599));
#6733 = CARTESIAN_POINT('',(10.226134664539,1.999999999083));
#6734 = ( GEOMETRIC_REPRESENTATION_CONTEXT(2) 
PARAMETRIC_REPRESENTATION_CONTEXT() REPRESENTATION_CONTEXT('2D SPACE',''
  ) );
#6735 = ORIENTED_EDGE('',*,*,#5047,.T.);
#6736 = ORIENTED_EDGE('',*,*,#6450,.T.);
#6737 = ORIENTED_EDGE('',*,*,#6738,.T.);
#6738 = EDGE_CURVE('',#6423,#6739,#6741,.T.);
#6739 = VERTEX_POINT('',#6740);
#6740 = CARTESIAN_POINT('',(-10.2,32.726136343907,21.));
#6741 = SURFACE_CURVE('',#6742,(#6747,#6754),.PCURVE_S1.);
#6742 = CIRCLE('',#6743,40.);
#6743 = AXIS2_PLACEMENT_3D('',#6744,#6745,#6746);
#6744 = CARTESIAN_POINT('',(-10.2,0.,-2.));
#6745 = DIRECTION('',(1.,0.,0.));
#6746 = DIRECTION('',(-0.,1.,0.));
#6747 = PCURVE('',#5062,#6748);
#6748 = DEFINITIONAL_REPRESENTATION('',(#6749),#6753);
#6749 = LINE('',#6750,#6751);
#6750 = CARTESIAN_POINT('',(0.,19.8));
#6751 = VECTOR('',#6752,1.);
#6752 = DIRECTION('',(1.,0.));
#6753 = ( GEOMETRIC_REPRESENTATION_CONTEXT(2) 
PARAMETRIC_REPRESENTATION_CONTEXT() REPRESENTATION_CONTEXT('2D SPACE',''
  ) );
#6754 = PCURVE('',#6438,#6755);
#6755 = DEFINITIONAL_REPRESENTATION('',(#6756),#6764);
#6756 = ( BOUNDED_CURVE() B_SPLINE_CURVE(2,(#6757,#6758,#6759,#6760,
#6761,#6762,#6763),.UNSPECIFIED.,.T.,.F.) B_SPLINE_CURVE_WITH_KNOTS((1,2
    ,2,2,2,1),(-2.094395102393,0.,2.094395102393,4.188790204786,
6.28318530718,8.377580409573),.UNSPECIFIED.) CURVE() 
GEOMETRIC_REPRESENTATION_ITEM() RATIONAL_B_SPLINE_CURVE((1.,0.5,1.,0.5,
1.,0.5,1.)) REPRESENTATION_ITEM('') );
#6757 = CARTESIAN_POINT('',(77.,4.2));
#6758 = CARTESIAN_POINT('',(77.,-65.08203230275));
#6759 = CARTESIAN_POINT('',(17.,-30.44101615137));
#6760 = CARTESIAN_POINT('',(-43.,4.2));
#6761 = CARTESIAN_POINT('',(17.,38.841016151378));
#6762 = CARTESIAN_POINT('',(77.,73.482032302755));
#6763 = CARTESIAN_POINT('',(77.,4.2));
#6764 = ( GEOMETRIC_REPRESENTATION_CONTEXT(2) 
PARAMETRIC_REPRESENTATION_CONTEXT() REPRESENTATION_CONTEXT('2D SPACE',''
  ) );
#6765 = ORIENTED_EDGE('',*,*,#6766,.T.);
#6766 = EDGE_CURVE('',#6739,#6767,#6769,.T.);
#6767 = VERTEX_POINT('',#6768);
#6768 = CARTESIAN_POINT('',(-10.,32.726136343907,21.));
#6769 = SURFACE_CURVE('',#6770,(#6774,#6780),.PCURVE_S1.);
#6770 = LINE('',#6771,#6772);
#6771 = CARTESIAN_POINT('',(-30.,32.726136343907,21.));
#6772 = VECTOR('',#6773,1.);
#6773 = DIRECTION('',(1.,0.,0.));
#6774 = PCURVE('',#5062,#6775);
#6775 = DEFINITIONAL_REPRESENTATION('',(#6776),#6779);
#6776 = B_SPLINE_CURVE_WITH_KNOTS('',1,(#6777,#6778),.UNSPECIFIED.,.F.,
  .F.,(2,2),(-26.4,26.4),.PIECEWISE_BEZIER_KNOTS.);
#6777 = CARTESIAN_POINT('',(0.612604148049,-26.4));
#6778 = CARTESIAN_POINT('',(0.612604148049,26.4));
#6779 = ( GEOMETRIC_REPRESENTATION_CONTEXT(2) 
PARAMETRIC_REPRESENTATION_CONTEXT() REPRESENTATION_CONTEXT('2D SPACE',''
  ) );
#6780 = PCURVE('',#5780,#6781);
#6781 = DEFINITIONAL_REPRESENTATION('',(#6782),#6785);
#6782 = B_SPLINE_CURVE_WITH_KNOTS('',1,(#6783,#6784),.UNSPECIFIED.,.F.,
  .F.,(2,2),(-26.4,26.4),.PIECEWISE_BEZIER_KNOTS.);
#6783 = CARTESIAN_POINT('',(-26.39999999452,32.726136343907));
#6784 = CARTESIAN_POINT('',(26.400000005475,32.726136343907));
#6785 = ( GEOMETRIC_REPRESENTATION_CONTEXT(2) 
PARAMETRIC_REPRESENTATION_CONTEXT() REPRESENTATION_CONTEXT('2D SPACE',''
  ) );
#6786 = ORIENTED_EDGE('',*,*,#6787,.F.);
#6787 = EDGE_CURVE('',#6788,#6767,#6790,.T.);
#6788 = VERTEX_POINT('',#6789);
#6789 = CARTESIAN_POINT('',(-10.,33.730549951046,19.5));
#6790 = SURFACE_CURVE('',#6791,(#6796,#6803),.PCURVE_S1.);
#6791 = CIRCLE('',#6792,40.);
#6792 = AXIS2_PLACEMENT_3D('',#6793,#6794,#6795);
#6793 = CARTESIAN_POINT('',(-10.,0.,-2.));
#6794 = DIRECTION('',(1.,0.,0.));
#6795 = DIRECTION('',(-0.,1.,0.));
#6796 = PCURVE('',#5062,#6797);
#6797 = DEFINITIONAL_REPRESENTATION('',(#6798),#6802);
#6798 = LINE('',#6799,#6800);
#6799 = CARTESIAN_POINT('',(0.,20.));
#6800 = VECTOR('',#6801,1.);
#6801 = DIRECTION('',(1.,0.));
#6802 = ( GEOMETRIC_REPRESENTATION_CONTEXT(2) 
PARAMETRIC_REPRESENTATION_CONTEXT() REPRESENTATION_CONTEXT('2D SPACE',''
  ) );
#6803 = PCURVE('',#6804,#6809);
#6804 = PLANE('',#6805);
#6805 = AXIS2_PLACEMENT_3D('',#6806,#6807,#6808);
#6806 = CARTESIAN_POINT('',(-10.,-47.,21.));
#6807 = DIRECTION('',(1.,0.,0.));
#6808 = DIRECTION('',(-0.,1.,0.));
#6809 = DEFINITIONAL_REPRESENTATION('',(#6810),#6814);
#6810 = CIRCLE('',#6811,40.);
#6811 = AXIS2_PLACEMENT_2D('',#6812,#6813);
#6812 = CARTESIAN_POINT('',(47.,-23.));
#6813 = DIRECTION('',(1.,0.));
#6814 = ( GEOMETRIC_REPRESENTATION_CONTEXT(2) 
PARAMETRIC_REPRESENTATION_CONTEXT() REPRESENTATION_CONTEXT('2D SPACE',''
  ) );
#6815 = ORIENTED_EDGE('',*,*,#6816,.T.);
#6816 = EDGE_CURVE('',#6788,#6817,#6819,.T.);
#6817 = VERTEX_POINT('',#6818);
#6818 = CARTESIAN_POINT('',(-9.1,33.730549951046,19.5));
#6819 = SURFACE_CURVE('',#6820,(#6824,#6830),.PCURVE_S1.);
#6820 = LINE('',#6821,#6822);
#6821 = CARTESIAN_POINT('',(-30.,33.730549951046,19.5));
#6822 = VECTOR('',#6823,1.);
#6823 = DIRECTION('',(1.,0.,0.));
#6824 = PCURVE('',#5062,#6825);
#6825 = DEFINITIONAL_REPRESENTATION('',(#6826),#6829);
#6826 = B_SPLINE_CURVE_WITH_KNOTS('',1,(#6827,#6828),.UNSPECIFIED.,.F.,
  .F.,(2,2),(17.182745195352,22.0000006),.PIECEWISE_BEZIER_KNOTS.);
#6827 = CARTESIAN_POINT('',(0.567469627074,17.182745195352));
#6828 = CARTESIAN_POINT('',(0.567469627074,22.0000006));
#6829 = ( GEOMETRIC_REPRESENTATION_CONTEXT(2) 
PARAMETRIC_REPRESENTATION_CONTEXT() REPRESENTATION_CONTEXT('2D SPACE',''
  ) );
#6830 = PCURVE('',#6831,#6836);
#6831 = PLANE('',#6832);
#6832 = AXIS2_PLACEMENT_3D('',#6833,#6834,#6835);
#6833 = CARTESIAN_POINT('',(-30.,0.,19.5));
#6834 = DIRECTION('',(0.,0.,1.));
#6835 = DIRECTION('',(1.,0.,0.));
#6836 = DEFINITIONAL_REPRESENTATION('',(#6837),#6840);
#6837 = B_SPLINE_CURVE_WITH_KNOTS('',1,(#6838,#6839),.UNSPECIFIED.,.F.,
  .F.,(2,2),(17.182745195352,22.0000006),.PIECEWISE_BEZIER_KNOTS.);
#6838 = CARTESIAN_POINT('',(17.182745195352,33.730549951046));
#6839 = CARTESIAN_POINT('',(22.0000006,33.730549951046));
#6840 = ( GEOMETRIC_REPRESENTATION_CONTEXT(2) 
PARAMETRIC_REPRESENTATION_CONTEXT() REPRESENTATION_CONTEXT('2D SPACE',''
  ) );
#6841 = ORIENTED_EDGE('',*,*,#6842,.T.);
#6842 = EDGE_CURVE('',#6817,#6843,#6845,.T.);
#6843 = VERTEX_POINT('',#6844);
#6844 = CARTESIAN_POINT('',(-9.1,32.726136343907,21.));
#6845 = SURFACE_CURVE('',#6846,(#6851,#6858),.PCURVE_S1.);
#6846 = CIRCLE('',#6847,40.);
#6847 = AXIS2_PLACEMENT_3D('',#6848,#6849,#6850);
#6848 = CARTESIAN_POINT('',(-9.1,0.,-2.));
#6849 = DIRECTION('',(1.,0.,0.));
#6850 = DIRECTION('',(-0.,1.,0.));
#6851 = PCURVE('',#5062,#6852);
#6852 = DEFINITIONAL_REPRESENTATION('',(#6853),#6857);
#6853 = LINE('',#6854,#6855);
#6854 = CARTESIAN_POINT('',(0.,20.9));
#6855 = VECTOR('',#6856,1.);
#6856 = DIRECTION('',(1.,0.));
#6857 = ( GEOMETRIC_REPRESENTATION_CONTEXT(2) 
PARAMETRIC_REPRESENTATION_CONTEXT() REPRESENTATION_CONTEXT('2D SPACE',''
  ) );
#6858 = PCURVE('',#6859,#6864);
#6859 = PLANE('',#6860);
#6860 = AXIS2_PLACEMENT_3D('',#6861,#6862,#6863);
#6861 = CARTESIAN_POINT('',(-9.1,-47.9,21.));
#6862 = DIRECTION('',(1.,0.,0.));
#6863 = DIRECTION('',(-0.,1.,0.));
#6864 = DEFINITIONAL_REPRESENTATION('',(#6865),#6869);
#6865 = CIRCLE('',#6866,40.);
#6866 = AXIS2_PLACEMENT_2D('',#6867,#6868);
#6867 = CARTESIAN_POINT('',(47.9,-23.));
#6868 = DIRECTION('',(1.,0.));
#6869 = ( GEOMETRIC_REPRESENTATION_CONTEXT(2) 
PARAMETRIC_REPRESENTATION_CONTEXT() REPRESENTATION_CONTEXT('2D SPACE',''
  ) );
#6870 = ORIENTED_EDGE('',*,*,#6871,.T.);
#6871 = EDGE_CURVE('',#6843,#6872,#6874,.T.);
#6872 = VERTEX_POINT('',#6873);
#6873 = CARTESIAN_POINT('',(-8.,32.726136343907,21.));
#6874 = SURFACE_CURVE('',#6875,(#6879,#6885),.PCURVE_S1.);
#6875 = LINE('',#6876,#6877);
#6876 = CARTESIAN_POINT('',(-30.,32.726136343907,21.));
#6877 = VECTOR('',#6878,1.);
#6878 = DIRECTION('',(1.,0.,0.));
#6879 = PCURVE('',#5062,#6880);
#6880 = DEFINITIONAL_REPRESENTATION('',(#6881),#6884);
#6881 = B_SPLINE_CURVE_WITH_KNOTS('',1,(#6882,#6883),.UNSPECIFIED.,.F.,
  .F.,(2,2),(-26.4,26.4),.PIECEWISE_BEZIER_KNOTS.);
#6882 = CARTESIAN_POINT('',(0.612604148049,-26.4));
#6883 = CARTESIAN_POINT('',(0.612604148049,26.4));
#6884 = ( GEOMETRIC_REPRESENTATION_CONTEXT(2) 
PARAMETRIC_REPRESENTATION_CONTEXT() REPRESENTATION_CONTEXT('2D SPACE',''
  ) );
#6885 = PCURVE('',#6886,#6891);
#6886 = PLANE('',#6887);
#6887 = AXIS2_PLACEMENT_3D('',#6888,#6889,#6890);
#6888 = CARTESIAN_POINT('',(-30.00000000547,-1.73210767953E-15,21.));
#6889 = DIRECTION('',(0.,0.,1.));
#6890 = DIRECTION('',(1.,0.,0.));
#6891 = DEFINITIONAL_REPRESENTATION('',(#6892),#6895);
#6892 = B_SPLINE_CURVE_WITH_KNOTS('',1,(#6893,#6894),.UNSPECIFIED.,.F.,
  .F.,(2,2),(-26.4,26.4),.PIECEWISE_BEZIER_KNOTS.);
#6893 = CARTESIAN_POINT('',(-26.39999999452,32.726136343907));
#6894 = CARTESIAN_POINT('',(26.400000005475,32.726136343907));
#6895 = ( GEOMETRIC_REPRESENTATION_CONTEXT(2) 
PARAMETRIC_REPRESENTATION_CONTEXT() REPRESENTATION_CONTEXT('2D SPACE',''
  ) );
#6896 = ORIENTED_EDGE('',*,*,#6897,.F.);
#6897 = EDGE_CURVE('',#6898,#6872,#6900,.T.);
#6898 = VERTEX_POINT('',#6899);
#6899 = CARTESIAN_POINT('',(-8.000000012549,37.,13.198684153571));
#6900 = SURFACE_CURVE('',#6901,(#6906,#6913),.PCURVE_S1.);
#6901 = CIRCLE('',#6902,40.);
#6902 = AXIS2_PLACEMENT_3D('',#6903,#6904,#6905);
#6903 = CARTESIAN_POINT('',(-8.,0.,-2.));
#6904 = DIRECTION('',(1.,0.,0.));
#6905 = DIRECTION('',(-0.,1.,0.));
#6906 = PCURVE('',#5062,#6907);
#6907 = DEFINITIONAL_REPRESENTATION('',(#6908),#6912);
#6908 = LINE('',#6909,#6910);
#6909 = CARTESIAN_POINT('',(0.,22.));
#6910 = VECTOR('',#6911,1.);
#6911 = DIRECTION('',(1.,0.));
#6912 = ( GEOMETRIC_REPRESENTATION_CONTEXT(2) 
PARAMETRIC_REPRESENTATION_CONTEXT() REPRESENTATION_CONTEXT('2D SPACE',''
  ) );
#6913 = PCURVE('',#6914,#6919);
#6914 = PLANE('',#6915);
#6915 = AXIS2_PLACEMENT_3D('',#6916,#6917,#6918);
#6916 = CARTESIAN_POINT('',(-8.,-37.,0.));
#6917 = DIRECTION('',(-1.,0.,0.));
#6918 = DIRECTION('',(0.,1.,0.));
#6919 = DEFINITIONAL_REPRESENTATION('',(#6920),#6928);
#6920 = ( BOUNDED_CURVE() B_SPLINE_CURVE(2,(#6921,#6922,#6923,#6924,
#6925,#6926,#6927),.UNSPECIFIED.,.T.,.F.) B_SPLINE_CURVE_WITH_KNOTS((1,2
    ,2,2,2,1),(-2.094395102393,0.,2.094395102393,4.188790204786,
6.28318530718,8.377580409573),.UNSPECIFIED.) CURVE() 
GEOMETRIC_REPRESENTATION_ITEM() RATIONAL_B_SPLINE_CURVE((1.,0.5,1.,0.5,
1.,0.5,1.)) REPRESENTATION_ITEM('') );
#6921 = CARTESIAN_POINT('',(77.,2.));
#6922 = CARTESIAN_POINT('',(77.,-67.28203230275));
#6923 = CARTESIAN_POINT('',(17.,-32.64101615137));
#6924 = CARTESIAN_POINT('',(-43.,2.));
#6925 = CARTESIAN_POINT('',(17.,36.641016151378));
#6926 = CARTESIAN_POINT('',(77.,71.282032302755));
#6927 = CARTESIAN_POINT('',(77.,2.));
#6928 = ( GEOMETRIC_REPRESENTATION_CONTEXT(2) 
PARAMETRIC_REPRESENTATION_CONTEXT() REPRESENTATION_CONTEXT('2D SPACE',''
  ) );
#6929 = ORIENTED_EDGE('',*,*,#6930,.F.);
#6930 = EDGE_CURVE('',#6618,#6898,#6931,.T.);
#6931 = SURFACE_CURVE('',#6932,(#6947,#6965),.PCURVE_S1.);
#6932 = B_SPLINE_CURVE_WITH_KNOTS('',5,(#6933,#6934,#6935,#6936,#6937,
    #6938,#6939,#6940,#6941,#6942,#6943,#6944,#6945,#6946),
  .UNSPECIFIED.,.F.,.F.,(6,4,4,6),(0.,0.408204104014,0.701533486192,1.),
  .UNSPECIFIED.);
#6933 = CARTESIAN_POINT('',(-8.368246742483,39.949968740914,
    -6.00000019271E-07));
#6934 = CARTESIAN_POINT('',(-8.354362225895,39.895221967106,
    1.093565679215));
#6935 = CARTESIAN_POINT('',(-8.331321826063,39.803021593517,
    2.185966897341));
#6936 = CARTESIAN_POINT('',(-8.300046236479,39.673309092516,
    3.276414215002));
#6937 = CARTESIAN_POINT('',(-8.26269769522,39.505898358304,
    4.364019854001));
#6938 = CARTESIAN_POINT('',(-8.193750800975,39.152926423542,
    6.226581366237));
#6939 = CARTESIAN_POINT('',(-8.163490461339,38.985723946617,
    7.003426451989));
#6940 = CARTESIAN_POINT('',(-8.133022497554,38.798782062015,
    7.778053697427));
#6941 = CARTESIAN_POINT('',(-8.103869594399,38.591936668279,
    8.550147491114));
#6942 = CARTESIAN_POINT('',(-8.051446569071,38.134061561144,
    10.102035471501));
#6943 = CARTESIAN_POINT('',(-8.028289718315,37.882333955685,
    10.881685270608));
#6944 = CARTESIAN_POINT('',(-8.010369172853,37.609567287221,
    11.65803199583));
#6945 = CARTESIAN_POINT('',(-8.000000025098,37.315513681544,
    12.430590935817));
#6946 = CARTESIAN_POINT('',(-8.000000025098,37.,13.198684153571));
#6947 = PCURVE('',#5062,#6948);
#6948 = DEFINITIONAL_REPRESENTATION('',(#6949),#6964);
#6949 = B_SPLINE_CURVE_WITH_KNOTS('',5,(#6950,#6951,#6952,#6953,#6954,
    #6955,#6956,#6957,#6958,#6959,#6960,#6961,#6962,#6963),
  .UNSPECIFIED.,.F.,.F.,(6,4,4,6),(0.,0.408204104014,0.701533486192,1.),
  .UNSPECIFIED.);
#6950 = CARTESIAN_POINT('',(5.002084178698E-02,21.631753257517));
#6951 = CARTESIAN_POINT('',(7.739423690293E-02,21.645637774105));
#6952 = CARTESIAN_POINT('',(0.104785359921,21.668678173937));
#6953 = CARTESIAN_POINT('',(0.13221731199,21.699953763521));
#6954 = CARTESIAN_POINT('',(0.159711248755,21.73730230478));
#6955 = CARTESIAN_POINT('',(0.207104052623,21.806249199025));
#6956 = CARTESIAN_POINT('',(0.226963865371,21.836509538661));
#6957 = CARTESIAN_POINT('',(0.246877297554,21.866977502446));
#6958 = CARTESIAN_POINT('',(0.26685400039,21.896130405601));
#6959 = CARTESIAN_POINT('',(0.307304633245,21.948553430929));
#6960 = CARTESIAN_POINT('',(0.327780040803,21.971710281685));
#6961 = CARTESIAN_POINT('',(0.348342766091,21.989630827147));
#6962 = CARTESIAN_POINT('',(0.369001456642,21.999999974902));
#6963 = CARTESIAN_POINT('',(0.389760732797,21.999999974902));
#6964 = ( GEOMETRIC_REPRESENTATION_CONTEXT(2) 
PARAMETRIC_REPRESENTATION_CONTEXT() REPRESENTATION_CONTEXT('2D SPACE',''
  ) );
#6965 = PCURVE('',#6966,#6971);
#6966 = CYLINDRICAL_SURFACE('',#6967,12.);
#6967 = AXIS2_PLACEMENT_3D('',#6968,#6969,#6970);
#6968 = CARTESIAN_POINT('',(-20.00000002509,37.,0.));
#6969 = DIRECTION('',(0.,0.,-1.));
#6970 = DIRECTION('',(-1.,0.,0.));
#6971 = DEFINITIONAL_REPRESENTATION('',(#6972),#6987);
#6972 = B_SPLINE_CURVE_WITH_KNOTS('',5,(#6973,#6974,#6975,#6976,#6977,
    #6978,#6979,#6980,#6981,#6982,#6983,#6984,#6985,#6986),
  .UNSPECIFIED.,.F.,.F.,(6,4,4,6),(0.,0.408204104014,0.701533486192,1.),
  .UNSPECIFIED.);
#6973 = CARTESIAN_POINT('',(2.893216025841,5.999999999062E-07));
#6974 = CARTESIAN_POINT('',(2.897922691507,-1.093565679215));
#6975 = CARTESIAN_POINT('',(2.905842164451,-2.185966897341));
#6976 = CARTESIAN_POINT('',(2.916961258516,-3.276414215002));
#6977 = CARTESIAN_POINT('',(2.931250171614,-4.364019854001));
#6978 = CARTESIAN_POINT('',(2.961220395374,-6.226581366237));
#6979 = CARTESIAN_POINT('',(2.975378905031,-7.003426451989));
#6980 = CARTESIAN_POINT('',(2.991159375492,-7.778053697427));
#6981 = CARTESIAN_POINT('',(3.008560976523,-8.550147491114));
#6982 = CARTESIAN_POINT('',(3.046966505216,-10.1020354715));
#6983 = CARTESIAN_POINT('',(3.06802711474,-10.8816852706));
#6984 = CARTESIAN_POINT('',(3.09079533523,-11.65803199582));
#6985 = CARTESIAN_POINT('',(3.115299846794,-12.43059093581));
#6986 = CARTESIAN_POINT('',(3.14159265359,-13.19868415357));
#6987 = ( GEOMETRIC_REPRESENTATION_CONTEXT(2) 
PARAMETRIC_REPRESENTATION_CONTEXT() REPRESENTATION_CONTEXT('2D SPACE',''
  ) );
#6988 = ADVANCED_FACE('',(#6989),#5035,.F.);
#6989 = FACE_BOUND('',#6990,.F.);
#6990 = EDGE_LOOP('',(#6991,#6992,#7018,#7019));
#6991 = ORIENTED_EDGE('',*,*,#6688,.F.);
#6992 = ORIENTED_EDGE('',*,*,#6993,.F.);
#6993 = EDGE_CURVE('',#5460,#6668,#6994,.T.);
#6994 = SURFACE_CURVE('',#6995,(#7000,#7007),.PCURVE_S1.);
#6995 = CIRCLE('',#6996,1.7);
#6996 = AXIS2_PLACEMENT_3D('',#6997,#6998,#6999);
#6997 = CARTESIAN_POINT('',(-14.,41.,1.2));
#6998 = DIRECTION('',(0.,0.,-1.));
#6999 = DIRECTION('',(-1.,0.,0.));
#7000 = PCURVE('',#5035,#7001);
#7001 = DEFINITIONAL_REPRESENTATION('',(#7002),#7006);
#7002 = LINE('',#7003,#7004);
#7003 = CARTESIAN_POINT('',(0.,3.));
#7004 = VECTOR('',#7005,1.);
#7005 = DIRECTION('',(1.,0.));
#7006 = ( GEOMETRIC_REPRESENTATION_CONTEXT(2) 
PARAMETRIC_REPRESENTATION_CONTEXT() REPRESENTATION_CONTEXT('2D SPACE',''
  ) );
#7007 = PCURVE('',#5524,#7008);
#7008 = DEFINITIONAL_REPRESENTATION('',(#7009),#7017);
#7009 = ( BOUNDED_CURVE() B_SPLINE_CURVE(2,(#7010,#7011,#7012,#7013,
#7014,#7015,#7016),.UNSPECIFIED.,.T.,.F.) B_SPLINE_CURVE_WITH_KNOTS((1,2
    ,2,2,2,1),(-2.094395102393,0.,2.094395102393,4.188790204786,
6.28318530718,8.377580409573),.UNSPECIFIED.) CURVE() 
GEOMETRIC_REPRESENTATION_ITEM() RATIONAL_B_SPLINE_CURVE((1.,0.5,1.,0.5,
1.,0.5,1.)) REPRESENTATION_ITEM('') );
#7010 = CARTESIAN_POINT('',(-1.7,0.));
#7011 = CARTESIAN_POINT('',(-1.7,2.944486372867));
#7012 = CARTESIAN_POINT('',(0.85,1.472243186434));
#7013 = CARTESIAN_POINT('',(3.4,4.163799117101E-16));
#7014 = CARTESIAN_POINT('',(0.85,-1.472243186434));
#7015 = CARTESIAN_POINT('',(-1.7,-2.944486372867));
#7016 = CARTESIAN_POINT('',(-1.7,0.));
#7017 = ( GEOMETRIC_REPRESENTATION_CONTEXT(2) 
PARAMETRIC_REPRESENTATION_CONTEXT() REPRESENTATION_CONTEXT('2D SPACE',''
  ) );
#7018 = ORIENTED_EDGE('',*,*,#5459,.F.);
#7019 = ORIENTED_EDGE('',*,*,#5014,.T.);
#7020 = ADVANCED_FACE('',(#7021),#4961,.T.);
#7021 = FACE_BOUND('',#7022,.T.);
#7022 = EDGE_LOOP('',(#7023,#7048,#7075,#7076,#7098,#7099));
#7023 = ORIENTED_EDGE('',*,*,#7024,.T.);
#7024 = EDGE_CURVE('',#7025,#7027,#7029,.T.);
#7025 = VERTEX_POINT('',#7026);
#7026 = CARTESIAN_POINT('',(-39.1,39.,2.2));
#7027 = VERTEX_POINT('',#7028);
#7028 = CARTESIAN_POINT('',(-39.1,39.,5.7));
#7029 = SEAM_CURVE('',#7030,(#7034,#7041),.PCURVE_S1.);
#7030 = LINE('',#7031,#7032);
#7031 = CARTESIAN_POINT('',(-39.1,39.,2.2));
#7032 = VECTOR('',#7033,1.);
#7033 = DIRECTION('',(0.,0.,1.));
#7034 = PCURVE('',#4961,#7035);
#7035 = DEFINITIONAL_REPRESENTATION('',(#7036),#7040);
#7036 = LINE('',#7037,#7038);
#7037 = CARTESIAN_POINT('',(6.28318530718,-0.));
#7038 = VECTOR('',#7039,1.);
#7039 = DIRECTION('',(0.,1.));
#7040 = ( GEOMETRIC_REPRESENTATION_CONTEXT(2) 
PARAMETRIC_REPRESENTATION_CONTEXT() REPRESENTATION_CONTEXT('2D SPACE',''
  ) );
#7041 = PCURVE('',#4961,#7042);
#7042 = DEFINITIONAL_REPRESENTATION('',(#7043),#7047);
#7043 = LINE('',#7044,#7045);
#7044 = CARTESIAN_POINT('',(0.,-0.));
#7045 = VECTOR('',#7046,1.);
#7046 = DIRECTION('',(0.,1.));
#7047 = ( GEOMETRIC_REPRESENTATION_CONTEXT(2) 
PARAMETRIC_REPRESENTATION_CONTEXT() REPRESENTATION_CONTEXT('2D SPACE',''
  ) );
#7048 = ORIENTED_EDGE('',*,*,#7049,.F.);
#7049 = EDGE_CURVE('',#7027,#7027,#7050,.T.);
#7050 = SURFACE_CURVE('',#7051,(#7056,#7063),.PCURVE_S1.);
#7051 = CIRCLE('',#7052,2.4);
#7052 = AXIS2_PLACEMENT_3D('',#7053,#7054,#7055);
#7053 = CARTESIAN_POINT('',(-41.5,39.,5.7));
#7054 = DIRECTION('',(0.,0.,1.));
#7055 = DIRECTION('',(1.,0.,0.));
#7056 = PCURVE('',#4961,#7057);
#7057 = DEFINITIONAL_REPRESENTATION('',(#7058),#7062);
#7058 = LINE('',#7059,#7060);
#7059 = CARTESIAN_POINT('',(0.,3.5));
#7060 = VECTOR('',#7061,1.);
#7061 = DIRECTION('',(1.,0.));
#7062 = ( GEOMETRIC_REPRESENTATION_CONTEXT(2) 
PARAMETRIC_REPRESENTATION_CONTEXT() REPRESENTATION_CONTEXT('2D SPACE',''
  ) );
#7063 = PCURVE('',#7064,#7069);
#7064 = PLANE('',#7065);
#7065 = AXIS2_PLACEMENT_3D('',#7066,#7067,#7068);
#7066 = CARTESIAN_POINT('',(-41.5,39.,5.7));
#7067 = DIRECTION('',(0.,0.,1.));
#7068 = DIRECTION('',(1.,0.,0.));
#7069 = DEFINITIONAL_REPRESENTATION('',(#7070),#7074);
#7070 = CIRCLE('',#7071,2.4);
#7071 = AXIS2_PLACEMENT_2D('',#7072,#7073);
#7072 = CARTESIAN_POINT('',(0.,0.));
#7073 = DIRECTION('',(1.,0.));
#7074 = ( GEOMETRIC_REPRESENTATION_CONTEXT(2) 
PARAMETRIC_REPRESENTATION_CONTEXT() REPRESENTATION_CONTEXT('2D SPACE',''
  ) );
#7075 = ORIENTED_EDGE('',*,*,#7024,.F.);
#7076 = ORIENTED_EDGE('',*,*,#7077,.T.);
#7077 = EDGE_CURVE('',#7025,#4945,#7078,.T.);
#7078 = SURFACE_CURVE('',#7079,(#7084,#7091),.PCURVE_S1.);
#7079 = CIRCLE('',#7080,2.4);
#7080 = AXIS2_PLACEMENT_3D('',#7081,#7082,#7083);
#7081 = CARTESIAN_POINT('',(-41.5,39.,2.2));
#7082 = DIRECTION('',(0.,0.,1.));
#7083 = DIRECTION('',(1.,0.,0.));
#7084 = PCURVE('',#4961,#7085);
#7085 = DEFINITIONAL_REPRESENTATION('',(#7086),#7090);
#7086 = LINE('',#7087,#7088);
#7087 = CARTESIAN_POINT('',(0.,0.));
#7088 = VECTOR('',#7089,1.);
#7089 = DIRECTION('',(1.,0.));
#7090 = ( GEOMETRIC_REPRESENTATION_CONTEXT(2) 
PARAMETRIC_REPRESENTATION_CONTEXT() REPRESENTATION_CONTEXT('2D SPACE',''
  ) );
#7091 = PCURVE('',#5265,#7092);
#7092 = DEFINITIONAL_REPRESENTATION('',(#7093),#7097);
#7093 = CIRCLE('',#7094,2.4);
#7094 = AXIS2_PLACEMENT_2D('',#7095,#7096);
#7095 = CARTESIAN_POINT('',(0.,0.));
#7096 = DIRECTION('',(1.,0.));
#7097 = ( GEOMETRIC_REPRESENTATION_CONTEXT(2) 
PARAMETRIC_REPRESENTATION_CONTEXT() REPRESENTATION_CONTEXT('2D SPACE',''
  ) );
#7098 = ORIENTED_EDGE('',*,*,#4944,.T.);
#7099 = ORIENTED_EDGE('',*,*,#7100,.T.);
#7100 = EDGE_CURVE('',#4919,#7025,#7101,.T.);
#7101 = SURFACE_CURVE('',#7102,(#7107,#7114),.PCURVE_S1.);
#7102 = CIRCLE('',#7103,2.4);
#7103 = AXIS2_PLACEMENT_3D('',#7104,#7105,#7106);
#7104 = CARTESIAN_POINT('',(-41.5,39.,2.2));
#7105 = DIRECTION('',(0.,0.,1.));
#7106 = DIRECTION('',(1.,0.,0.));
#7107 = PCURVE('',#4961,#7108);
#7108 = DEFINITIONAL_REPRESENTATION('',(#7109),#7113);
#7109 = LINE('',#7110,#7111);
#7110 = CARTESIAN_POINT('',(0.,0.));
#7111 = VECTOR('',#7112,1.);
#7112 = DIRECTION('',(1.,0.));
#7113 = ( GEOMETRIC_REPRESENTATION_CONTEXT(2) 
PARAMETRIC_REPRESENTATION_CONTEXT() REPRESENTATION_CONTEXT('2D SPACE',''
  ) );
#7114 = PCURVE('',#5265,#7115);
#7115 = DEFINITIONAL_REPRESENTATION('',(#7116),#7120);
#7116 = CIRCLE('',#7117,2.4);
#7117 = AXIS2_PLACEMENT_2D('',#7118,#7119);
#7118 = CARTESIAN_POINT('',(0.,0.));
#7119 = DIRECTION('',(1.,0.));
#7120 = ( GEOMETRIC_REPRESENTATION_CONTEXT(2) 
PARAMETRIC_REPRESENTATION_CONTEXT() REPRESENTATION_CONTEXT('2D SPACE',''
  ) );
#7121 = ADVANCED_FACE('',(#7122),#4933,.F.);
#7122 = FACE_BOUND('',#7123,.F.);
#7123 = EDGE_LOOP('',(#7124,#7147,#7181,#7207,#7255,#7256,#7278));
#7124 = ORIENTED_EDGE('',*,*,#7125,.F.);
#7125 = EDGE_CURVE('',#7126,#7128,#7130,.T.);
#7126 = VERTEX_POINT('',#7127);
#7127 = CARTESIAN_POINT('',(-42.97718106862,39.949968710876,0.));
#7128 = VERTEX_POINT('',#7129);
#7129 = CARTESIAN_POINT('',(-42.0545804255,39.949968710876,0.));
#7130 = SURFACE_CURVE('',#7131,(#7135,#7141),.PCURVE_S1.);
#7131 = LINE('',#7132,#7133);
#7132 = CARTESIAN_POINT('',(-30.,39.949968710876,0.));
#7133 = VECTOR('',#7134,1.);
#7134 = DIRECTION('',(1.,0.,0.));
#7135 = PCURVE('',#4933,#7136);
#7136 = DEFINITIONAL_REPRESENTATION('',(#7137),#7140);
#7137 = B_SPLINE_CURVE_WITH_KNOTS('',1,(#7138,#7139),.UNSPECIFIED.,.F.,
  .F.,(2,2),(-26.4,26.4),.PIECEWISE_BEZIER_KNOTS.);
#7138 = CARTESIAN_POINT('',(5.002085680577E-02,-26.4));
#7139 = CARTESIAN_POINT('',(5.002085680577E-02,26.4));
#7140 = ( GEOMETRIC_REPRESENTATION_CONTEXT(2) 
PARAMETRIC_REPRESENTATION_CONTEXT() REPRESENTATION_CONTEXT('2D SPACE',''
  ) );
#7141 = PCURVE('',#5186,#7142);
#7142 = DEFINITIONAL_REPRESENTATION('',(#7143),#7146);
#7143 = B_SPLINE_CURVE_WITH_KNOTS('',1,(#7144,#7145),.UNSPECIFIED.,.F.,
  .F.,(2,2),(-26.4,26.4),.PIECEWISE_BEZIER_KNOTS.);
#7144 = CARTESIAN_POINT('',(-26.39999999452,39.949968710876));
#7145 = CARTESIAN_POINT('',(26.400000005475,39.949968710876));
#7146 = ( GEOMETRIC_REPRESENTATION_CONTEXT(2) 
PARAMETRIC_REPRESENTATION_CONTEXT() REPRESENTATION_CONTEXT('2D SPACE',''
  ) );
#7147 = ORIENTED_EDGE('',*,*,#7148,.F.);
#7148 = EDGE_CURVE('',#7149,#7126,#7151,.T.);
#7149 = VERTEX_POINT('',#7150);
#7150 = CARTESIAN_POINT('',(-43.0054795969,39.871794542007,1.2));
#7151 = SURFACE_CURVE('',#7152,(#7158,#7167),.PCURVE_S1.);
#7152 = B_SPLINE_CURVE_WITH_KNOTS('',4,(#7153,#7154,#7155,#7156,#7157),
  .UNSPECIFIED.,.F.,.F.,(5,5),(0.,1.),.PIECEWISE_BEZIER_KNOTS.);
#7153 = CARTESIAN_POINT('',(-43.00547961504,39.871794493852,1.2000006));
#7154 = CARTESIAN_POINT('',(-42.99641526644,39.895853387843,
    0.90022838216));
#7155 = CARTESIAN_POINT('',(-42.98877917278,39.916902100204,
    0.600278368973));
#7156 = CARTESIAN_POINT('',(-42.98240144198,39.934940355473,
    0.300191164065));
#7157 = CARTESIAN_POINT('',(-42.97718106862,39.949968710876,
    -9.325873406851E-15));
#7158 = PCURVE('',#4933,#7159);
#7159 = DEFINITIONAL_REPRESENTATION('',(#7160),#7166);
#7160 = B_SPLINE_CURVE_WITH_KNOTS('',4,(#7161,#7162,#7163,#7164,#7165),
  .UNSPECIFIED.,.F.,.F.,(5,5),(0.,1.),.PIECEWISE_BEZIER_KNOTS.);
#7161 = CARTESIAN_POINT('',(8.008559508189E-02,-13.00547961504));
#7162 = CARTESIAN_POINT('',(7.256719211946E-02,-12.99641526644));
#7163 = CARTESIAN_POINT('',(6.505037886733E-02,-12.98877917278));
#7164 = CARTESIAN_POINT('',(5.753503450733E-02,-12.98240144198));
#7165 = CARTESIAN_POINT('',(5.002085680577E-02,-12.97718106862));
#7166 = ( GEOMETRIC_REPRESENTATION_CONTEXT(2) 
PARAMETRIC_REPRESENTATION_CONTEXT() REPRESENTATION_CONTEXT('2D SPACE',''
  ) );
#7167 = PCURVE('',#7168,#7173);
#7168 = CYLINDRICAL_SURFACE('',#7169,3.2);
#7169 = AXIS2_PLACEMENT_3D('',#7170,#7171,#7172);
#7170 = CARTESIAN_POINT('',(-46.,41.,0.));
#7171 = DIRECTION('',(0.,0.,1.));
#7172 = DIRECTION('',(1.,0.,0.));
#7173 = DEFINITIONAL_REPRESENTATION('',(#7174),#7180);
#7174 = B_SPLINE_CURVE_WITH_KNOTS('',4,(#7175,#7176,#7177,#7178,#7179),
  .UNSPECIFIED.,.F.,.F.,(5,5),(5.003799509808E-07,1.),
  .PIECEWISE_BEZIER_KNOTS.);
#7175 = CARTESIAN_POINT('',(5.922875455436,1.2));
#7176 = CARTESIAN_POINT('',(5.930909756157,0.900227931893));
#7177 = CARTESIAN_POINT('',(5.937906459893,0.600278068658));
#7178 = CARTESIAN_POINT('',(5.94388532868,0.300191013856));
#7179 = CARTESIAN_POINT('',(5.948856962187,-9.325873406851E-15));
#7180 = ( GEOMETRIC_REPRESENTATION_CONTEXT(2) 
PARAMETRIC_REPRESENTATION_CONTEXT() REPRESENTATION_CONTEXT('2D SPACE',''
  ) );
#7181 = ORIENTED_EDGE('',*,*,#7182,.F.);
#7182 = EDGE_CURVE('',#7183,#7149,#7185,.T.);
#7183 = VERTEX_POINT('',#7184);
#7184 = CARTESIAN_POINT('',(-44.72832690291,39.871794543389,1.2));
#7185 = SURFACE_CURVE('',#7186,(#7190,#7196),.PCURVE_S1.);
#7186 = LINE('',#7187,#7188);
#7187 = CARTESIAN_POINT('',(-30.,39.871794542007,1.2));
#7188 = VECTOR('',#7189,1.);
#7189 = DIRECTION('',(1.,0.,0.));
#7190 = PCURVE('',#4933,#7191);
#7191 = DEFINITIONAL_REPRESENTATION('',(#7192),#7195);
#7192 = B_SPLINE_CURVE_WITH_KNOTS('',1,(#7193,#7194),.UNSPECIFIED.,.F.,
  .F.,(2,2),(-14.81725480464,-12.16),.PIECEWISE_BEZIER_KNOTS.);
#7193 = CARTESIAN_POINT('',(8.008558003366E-02,-14.81725480464));
#7194 = CARTESIAN_POINT('',(8.008558003366E-02,-12.16));
#7195 = ( GEOMETRIC_REPRESENTATION_CONTEXT(2) 
PARAMETRIC_REPRESENTATION_CONTEXT() REPRESENTATION_CONTEXT('2D SPACE',''
  ) );
#7196 = PCURVE('',#7197,#7202);
#7197 = PLANE('',#7198);
#7198 = AXIS2_PLACEMENT_3D('',#7199,#7200,#7201);
#7199 = CARTESIAN_POINT('',(-46.,41.,1.2));
#7200 = DIRECTION('',(0.,0.,1.));
#7201 = DIRECTION('',(1.,0.,0.));
#7202 = DEFINITIONAL_REPRESENTATION('',(#7203),#7206);
#7203 = B_SPLINE_CURVE_WITH_KNOTS('',1,(#7204,#7205),.UNSPECIFIED.,.F.,
  .F.,(2,2),(-14.81725480464,-12.16),.PIECEWISE_BEZIER_KNOTS.);
#7204 = CARTESIAN_POINT('',(1.182745195352,-1.128205457993));
#7205 = CARTESIAN_POINT('',(3.84,-1.128205457993));
#7206 = ( GEOMETRIC_REPRESENTATION_CONTEXT(2) 
PARAMETRIC_REPRESENTATION_CONTEXT() REPRESENTATION_CONTEXT('2D SPACE',''
  ) );
#7207 = ORIENTED_EDGE('',*,*,#7208,.T.);
#7208 = EDGE_CURVE('',#7183,#4890,#7209,.T.);
#7209 = SURFACE_CURVE('',#7210,(#7225,#7243),.PCURVE_S1.);
#7210 = B_SPLINE_CURVE_WITH_KNOTS('',7,(#7211,#7212,#7213,#7214,#7215,
    #7216,#7217,#7218,#7219,#7220,#7221,#7222,#7223,#7224),
  .UNSPECIFIED.,.F.,.F.,(8,6,8),(0.,0.840135590021,1.),.UNSPECIFIED.);
#7211 = CARTESIAN_POINT('',(-44.66305037796,39.949968710876,
    -9.547918011776E-15));
#7212 = CARTESIAN_POINT('',(-44.68346002121,39.923982185412,
    0.51908043961));
#7213 = CARTESIAN_POINT('',(-44.71048211971,39.89078983714,
    1.024521295048));
#7214 = CARTESIAN_POINT('',(-44.74500105836,39.850552099648,
    1.527644397871));
#7215 = CARTESIAN_POINT('',(-44.78913250913,39.802537901287,
    2.035978291064));
#7216 = CARTESIAN_POINT('',(-44.84598403514,39.746093511067,
    2.549461792488));
#7217 = CARTESIAN_POINT('',(-44.92015724749,39.681615514707,
    3.061181336597));
#7218 = CARTESIAN_POINT('',(-45.03589432095,39.599637789033,
    3.646025166017));
#7219 = CARTESIAN_POINT('',(-45.05529999006,39.586324852146,
    3.739129293519));
#7220 = CARTESIAN_POINT('',(-45.07571196619,39.57279044214,
    3.831966197376));
#7221 = CARTESIAN_POINT('',(-45.09723821519,39.559031164416,
    3.924570780124));
#7222 = CARTESIAN_POINT('',(-45.11999195223,39.545056543443,
    4.016888621098));
#7223 = CARTESIAN_POINT('',(-45.14409180205,39.530891479457,
    4.108776113254));
#7224 = CARTESIAN_POINT('',(-45.16966195921,39.516578705146,4.2000006));
#7225 = PCURVE('',#4933,#7226);
#7226 = DEFINITIONAL_REPRESENTATION('',(#7227),#7242);
#7227 = B_SPLINE_CURVE_WITH_KNOTS('',7,(#7228,#7229,#7230,#7231,#7232,
    #7233,#7234,#7235,#7236,#7237,#7238,#7239,#7240,#7241),
  .UNSPECIFIED.,.F.,.F.,(8,6,8),(0.,0.840135590021,1.),.UNSPECIFIED.);
#7228 = CARTESIAN_POINT('',(5.002085680577E-02,-14.66305037796));
#7229 = CARTESIAN_POINT('',(6.301411953813E-02,-14.68346002121));
#7230 = CARTESIAN_POINT('',(7.56758274211E-02,-14.71048211971));
#7231 = CARTESIAN_POINT('',(8.829204625053E-02,-14.74500105836));
#7232 = CARTESIAN_POINT('',(0.101054464759,-14.78913250913));
#7233 = CARTESIAN_POINT('',(0.113966264169,-14.84598403514));
#7234 = CARTESIAN_POINT('',(0.126859158969,-14.92015724749));
#7235 = CARTESIAN_POINT('',(0.141623191538,-15.03589432095));
#7236 = CARTESIAN_POINT('',(0.143974460626,-15.05529999006));
#7237 = CARTESIAN_POINT('',(0.146319903538,-15.07571196619));
#7238 = CARTESIAN_POINT('',(0.148660417448,-15.09723821519));
#7239 = CARTESIAN_POINT('',(0.150994642678,-15.11999195223));
#7240 = CARTESIAN_POINT('',(0.153318956765,-15.14409180205));
#7241 = CARTESIAN_POINT('',(0.155627468528,-15.16966195921));
#7242 = ( GEOMETRIC_REPRESENTATION_CONTEXT(2) 
PARAMETRIC_REPRESENTATION_CONTEXT() REPRESENTATION_CONTEXT('2D SPACE',''
  ) );
#7243 = PCURVE('',#4906,#7244);
#7244 = DEFINITIONAL_REPRESENTATION('',(#7245),#7254);
#7245 = B_SPLINE_CURVE_WITH_KNOTS('',7,(#7246,#7247,#7248,#7249,#7250,
    #7251,#7252,#7253),.UNSPECIFIED.,.F.,.F.,(8,8),(0.,0.518132439953),
  .PIECEWISE_BEZIER_KNOTS.);
#7246 = CARTESIAN_POINT('',(10.090548709109,4.2));
#7247 = CARTESIAN_POINT('',(10.102536097436,3.879870228209));
#7248 = CARTESIAN_POINT('',(10.116704859052,3.564928264874));
#7249 = CARTESIAN_POINT('',(10.133117142649,3.252518337353));
#7250 = CARTESIAN_POINT('',(10.151960385136,2.940533431788));
#7251 = CARTESIAN_POINT('',(10.173512272866,2.627754007114));
#7252 = CARTESIAN_POINT('',(10.198109477558,2.3139372446));
#7253 = CARTESIAN_POINT('',(10.226134664539,1.999999999083));
#7254 = ( GEOMETRIC_REPRESENTATION_CONTEXT(2) 
PARAMETRIC_REPRESENTATION_CONTEXT() REPRESENTATION_CONTEXT('2D SPACE',''
  ) );
#7255 = ORIENTED_EDGE('',*,*,#4918,.T.);
#7256 = ORIENTED_EDGE('',*,*,#7257,.T.);
#7257 = EDGE_CURVE('',#4919,#7258,#7260,.T.);
#7258 = VERTEX_POINT('',#7259);
#7259 = CARTESIAN_POINT('',(-42.27674456737,39.778888873371,2.2));
#7260 = SURFACE_CURVE('',#7261,(#7265,#7271),.PCURVE_S1.);
#7261 = LINE('',#7262,#7263);
#7262 = CARTESIAN_POINT('',(-30.,39.778888873371,2.2));
#7263 = VECTOR('',#7264,1.);
#7264 = DIRECTION('',(1.,0.,0.));
#7265 = PCURVE('',#4933,#7266);
#7266 = DEFINITIONAL_REPRESENTATION('',(#7267),#7270);
#7267 = B_SPLINE_CURVE_WITH_KNOTS('',1,(#7268,#7269),.UNSPECIFIED.,.F.,
  .F.,(2,2),(-23.76,23.76),.PIECEWISE_BEZIER_KNOTS.);
#7268 = CARTESIAN_POINT('',(0.10519390104,-23.76));
#7269 = CARTESIAN_POINT('',(0.10519390104,23.76));
#7270 = ( GEOMETRIC_REPRESENTATION_CONTEXT(2) 
PARAMETRIC_REPRESENTATION_CONTEXT() REPRESENTATION_CONTEXT('2D SPACE',''
  ) );
#7271 = PCURVE('',#5265,#7272);
#7272 = DEFINITIONAL_REPRESENTATION('',(#7273),#7277);
#7273 = LINE('',#7274,#7275);
#7274 = CARTESIAN_POINT('',(11.5,0.778888873371));
#7275 = VECTOR('',#7276,1.);
#7276 = DIRECTION('',(1.,0.));
#7277 = ( GEOMETRIC_REPRESENTATION_CONTEXT(2) 
PARAMETRIC_REPRESENTATION_CONTEXT() REPRESENTATION_CONTEXT('2D SPACE',''
  ) );
#7278 = ORIENTED_EDGE('',*,*,#7279,.T.);
#7279 = EDGE_CURVE('',#7258,#7128,#7280,.T.);
#7280 = SURFACE_CURVE('',#7281,(#7294,#7310),.PCURVE_S1.);
#7281 = B_SPLINE_CURVE_WITH_KNOTS('',6,(#7282,#7283,#7284,#7285,#7286,
    #7287,#7288,#7289,#7290,#7291,#7292,#7293),.UNSPECIFIED.,.F.,.F.,(7,
    5,7),(0.,4.364087162034E-02,1.),.UNSPECIFIED.);
#7282 = CARTESIAN_POINT('',(-42.27674456737,39.778888873371,
    2.200000000005));
#7283 = CARTESIAN_POINT('',(-42.27505351895,39.780575266274,
    2.184027896221));
#7284 = CARTESIAN_POINT('',(-42.27336140025,39.782253939293,
    2.168055208146));
#7285 = CARTESIAN_POINT('',(-42.27166827522,39.78392489338,
    2.152081930716));
#7286 = CARTESIAN_POINT('',(-42.26997420838,39.785588129471,
    2.13610805875));
#7287 = CARTESIAN_POINT('',(-42.26827926482,39.787243648485,
    2.12013358696));
#7288 = CARTESIAN_POINT('',(-42.22942223437,39.825001896147,
    1.754075888664));
#7289 = CARTESIAN_POINT('',(-42.19197456809,39.857305626147,
    1.404677197313));
#7290 = CARTESIAN_POINT('',(-42.15478134938,39.886006797917,
    1.054437315319));
#7291 = CARTESIAN_POINT('',(-42.11861517063,39.911047053943,
    0.703107421245));
#7292 = CARTESIAN_POINT('',(-42.08473326875,39.932365839911,
    0.35161707215));
#7293 = CARTESIAN_POINT('',(-42.0545804255,39.949968710876,
    -8.659739592076E-15));
#7294 = PCURVE('',#4933,#7295);
#7295 = DEFINITIONAL_REPRESENTATION('',(#7296),#7309);
#7296 = B_SPLINE_CURVE_WITH_KNOTS('',6,(#7297,#7298,#7299,#7300,#7301,
    #7302,#7303,#7304,#7305,#7306,#7307,#7308),.UNSPECIFIED.,.F.,.F.,(7,
    5,7),(0.,4.364087162034E-02,1.),.UNSPECIFIED.);
#7297 = CARTESIAN_POINT('',(0.105193901041,-12.27674456737));
#7298 = CARTESIAN_POINT('',(0.104792378921,-12.27505351895));
#7299 = CARTESIAN_POINT('',(0.104390862539,-12.27336140025));
#7300 = CARTESIAN_POINT('',(0.103989351651,-12.27166827522));
#7301 = CARTESIAN_POINT('',(0.103587846008,-12.26997420838));
#7302 = CARTESIAN_POINT('',(0.10318634536,-12.26827926482));
#7303 = CARTESIAN_POINT('',(9.398634795003E-02,-12.22942223437));
#7304 = CARTESIAN_POINT('',(8.521461749405E-02,-12.19197456809));
#7305 = CARTESIAN_POINT('',(7.642999225407E-02,-12.15478134938));
#7306 = CARTESIAN_POINT('',(6.762520985822E-02,-12.11861517063));
#7307 = CARTESIAN_POINT('',(5.882229228859E-02,-12.08473326875));
#7308 = CARTESIAN_POINT('',(5.002085680577E-02,-12.0545804255));
#7309 = ( GEOMETRIC_REPRESENTATION_CONTEXT(2) 
PARAMETRIC_REPRESENTATION_CONTEXT() REPRESENTATION_CONTEXT('2D SPACE',''
  ) );
#7310 = PCURVE('',#5231,#7311);
#7311 = DEFINITIONAL_REPRESENTATION('',(#7312),#7325);
#7312 = B_SPLINE_CURVE_WITH_KNOTS('',6,(#7313,#7314,#7315,#7316,#7317,
    #7318,#7319,#7320,#7321,#7322,#7323,#7324),.UNSPECIFIED.,.F.,.F.,(7,
    5,7),(0.,4.364087162034E-02,1.),.UNSPECIFIED.);
#7313 = CARTESIAN_POINT('',(0.786776575937,4.499999999995));
#7314 = CARTESIAN_POINT('',(0.788947679507,4.515972103779));
#7315 = CARTESIAN_POINT('',(0.79111451635,4.531944791854));
#7316 = CARTESIAN_POINT('',(0.793277064322,4.547918069284));
#7317 = CARTESIAN_POINT('',(0.79543530055,4.56389194125));
#7318 = CARTESIAN_POINT('',(0.797589201431,4.57986641304));
#7319 = CARTESIAN_POINT('',(0.846844432155,4.945924111336));
#7320 = CARTESIAN_POINT('',(0.891725654134,5.295322802687));
#7321 = CARTESIAN_POINT('',(0.934343675826,5.645562684681));
#7322 = CARTESIAN_POINT('',(0.974269588337,5.996892578755));
#7323 = CARTESIAN_POINT('',(1.010641759913,6.34838292785));
#7324 = CARTESIAN_POINT('',(1.042382640326,6.7));
#7325 = ( GEOMETRIC_REPRESENTATION_CONTEXT(2) 
PARAMETRIC_REPRESENTATION_CONTEXT() REPRESENTATION_CONTEXT('2D SPACE',''
  ) );
#7326 = ADVANCED_FACE('',(#7327),#4906,.F.);
#7327 = FACE_BOUND('',#7328,.F.);
#7328 = EDGE_LOOP('',(#7329,#7330,#7331,#7359));
#7329 = ORIENTED_EDGE('',*,*,#4889,.F.);
#7330 = ORIENTED_EDGE('',*,*,#7208,.F.);
#7331 = ORIENTED_EDGE('',*,*,#7332,.F.);
#7332 = EDGE_CURVE('',#7333,#7183,#7335,.T.);
#7333 = VERTEX_POINT('',#7334);
#7334 = CARTESIAN_POINT('',(-47.27167308921,39.871794542151,1.2));
#7335 = SURFACE_CURVE('',#7336,(#7341,#7348),.PCURVE_S1.);
#7336 = CIRCLE('',#7337,1.7);
#7337 = AXIS2_PLACEMENT_3D('',#7338,#7339,#7340);
#7338 = CARTESIAN_POINT('',(-46.,41.,1.2));
#7339 = DIRECTION('',(0.,0.,-1.));
#7340 = DIRECTION('',(-1.,0.,0.));
#7341 = PCURVE('',#4906,#7342);
#7342 = DEFINITIONAL_REPRESENTATION('',(#7343),#7347);
#7343 = LINE('',#7344,#7345);
#7344 = CARTESIAN_POINT('',(0.,3.));
#7345 = VECTOR('',#7346,1.);
#7346 = DIRECTION('',(1.,0.));
#7347 = ( GEOMETRIC_REPRESENTATION_CONTEXT(2) 
PARAMETRIC_REPRESENTATION_CONTEXT() REPRESENTATION_CONTEXT('2D SPACE',''
  ) );
#7348 = PCURVE('',#7197,#7349);
#7349 = DEFINITIONAL_REPRESENTATION('',(#7350),#7358);
#7350 = ( BOUNDED_CURVE() B_SPLINE_CURVE(2,(#7351,#7352,#7353,#7354,
#7355,#7356,#7357),.UNSPECIFIED.,.T.,.F.) B_SPLINE_CURVE_WITH_KNOTS((1,2
    ,2,2,2,1),(-2.094395102393,0.,2.094395102393,4.188790204786,
6.28318530718,8.377580409573),.UNSPECIFIED.) CURVE() 
GEOMETRIC_REPRESENTATION_ITEM() RATIONAL_B_SPLINE_CURVE((1.,0.5,1.,0.5,
1.,0.5,1.)) REPRESENTATION_ITEM('') );
#7351 = CARTESIAN_POINT('',(-1.7,0.));
#7352 = CARTESIAN_POINT('',(-1.7,2.944486372867));
#7353 = CARTESIAN_POINT('',(0.85,1.472243186434));
#7354 = CARTESIAN_POINT('',(3.4,4.163799117101E-16));
#7355 = CARTESIAN_POINT('',(0.85,-1.472243186434));
#7356 = CARTESIAN_POINT('',(-1.7,-2.944486372867));
#7357 = CARTESIAN_POINT('',(-1.7,0.));
#7358 = ( GEOMETRIC_REPRESENTATION_CONTEXT(2) 
PARAMETRIC_REPRESENTATION_CONTEXT() REPRESENTATION_CONTEXT('2D SPACE',''
  ) );
#7359 = ORIENTED_EDGE('',*,*,#7360,.F.);
#7360 = EDGE_CURVE('',#4864,#7333,#7361,.T.);
#7361 = SURFACE_CURVE('',#7362,(#7377,#7389),.PCURVE_S1.);
#7362 = B_SPLINE_CURVE_WITH_KNOTS('',7,(#7363,#7364,#7365,#7366,#7367,
    #7368,#7369,#7370,#7371,#7372,#7373,#7374,#7375,#7376),
  .UNSPECIFIED.,.F.,.F.,(8,6,8),(0.,0.482027835492,1.),.UNSPECIFIED.);
#7363 = CARTESIAN_POINT('',(-46.83033804078,39.516578705146,4.2000006));
#7364 = CARTESIAN_POINT('',(-46.90713434032,39.559565069926,
    3.926020938277));
#7365 = CARTESIAN_POINT('',(-46.97188448094,39.60190018391,
    3.641721368462));
#7366 = CARTESIAN_POINT('',(-47.02672829737,39.642084000591,
    3.354750597749));
#7367 = CARTESIAN_POINT('',(-47.07363532017,39.679606415272,
    3.068853371703));
#7368 = CARTESIAN_POINT('',(-47.11428531373,39.714546960747,
    2.784464467645));
#7369 = CARTESIAN_POINT('',(-47.15003560792,39.747249363483,
    2.499116479501));
#7370 = CARTESIAN_POINT('',(-47.21615380939,39.811202239761,
    1.894527308436));
#7371 = CARTESIAN_POINT('',(-47.24535631603,39.841615911076,
    1.579510707575));
#7372 = CARTESIAN_POINT('',(-47.27025317561,39.86912992324,
    1.263919380779));
#7373 = CARTESIAN_POINT('',(-47.29144335253,39.893699069512,
    0.948354469303));
#7374 = CARTESIAN_POINT('',(-47.30940104877,39.91534493805,
    0.632849621017));
#7375 = CARTESIAN_POINT('',(-47.32448615164,39.934099629447,
    0.316984653279));
#7376 = CARTESIAN_POINT('',(-47.33694962203,39.949968710876,
    -9.547918011776E-15));
#7377 = PCURVE('',#4906,#7378);
#7378 = DEFINITIONAL_REPRESENTATION('',(#7379),#7388);
#7379 = B_SPLINE_CURVE_WITH_KNOTS('',7,(#7380,#7381,#7382,#7383,#7384,
    #7385,#7386,#7387),.UNSPECIFIED.,.F.,.F.,(8,8),(0.483844226558,1.),
  .PIECEWISE_BEZIER_KNOTS.);
#7380 = CARTESIAN_POINT('',(5.481828592382,1.999999999999));
#7381 = CARTESIAN_POINT('',(5.509689820376,2.312100875308));
#7382 = CARTESIAN_POINT('',(5.534336373505,2.62602276476));
#7383 = CARTESIAN_POINT('',(5.556036116373,2.940507024814));
#7384 = CARTESIAN_POINT('',(5.57502104897,3.254964719602));
#7385 = CARTESIAN_POINT('',(5.591487034562,3.569365702164));
#7386 = CARTESIAN_POINT('',(5.605586564347,3.884126927867));
#7387 = CARTESIAN_POINT('',(5.61741455884,4.2));
#7388 = ( GEOMETRIC_REPRESENTATION_CONTEXT(2) 
PARAMETRIC_REPRESENTATION_CONTEXT() REPRESENTATION_CONTEXT('2D SPACE',''
  ) );
#7389 = PCURVE('',#4878,#7390);
#7390 = DEFINITIONAL_REPRESENTATION('',(#7391),#7406);
#7391 = B_SPLINE_CURVE_WITH_KNOTS('',7,(#7392,#7393,#7394,#7395,#7396,
    #7397,#7398,#7399,#7400,#7401,#7402,#7403,#7404,#7405),
  .UNSPECIFIED.,.F.,.F.,(8,6,8),(0.,0.482027835492,1.),.UNSPECIFIED.);
#7392 = CARTESIAN_POINT('',(0.155627468528,-16.83033804078));
#7393 = CARTESIAN_POINT('',(0.148694184557,-16.90713434032));
#7394 = CARTESIAN_POINT('',(0.141508544467,-16.97188448094));
#7395 = CARTESIAN_POINT('',(0.134264723994,-17.02672829737));
#7396 = CARTESIAN_POINT('',(0.127056459545,-17.07363532017));
#7397 = CARTESIAN_POINT('',(0.119893652738,-17.11428531373));
#7398 = CARTESIAN_POINT('',(0.112713530641,-17.15003560792));
#7399 = CARTESIAN_POINT('',(9.751447565055E-02,-17.21615380939));
#7400 = CARTESIAN_POINT('',(8.960277251259E-02,-17.24535631603));
#7401 = CARTESIAN_POINT('',(8.168360769606E-02,-17.27025317561));
#7402 = CARTESIAN_POINT('',(7.377121794843E-02,-17.29144335253));
#7403 = CARTESIAN_POINT('',(6.586558766389E-02,-17.30940104877));
#7404 = CARTESIAN_POINT('',(5.795539752027E-02,-17.32448615164));
#7405 = CARTESIAN_POINT('',(5.002085680577E-02,-17.33694962203));
#7406 = ( GEOMETRIC_REPRESENTATION_CONTEXT(2) 
PARAMETRIC_REPRESENTATION_CONTEXT() REPRESENTATION_CONTEXT('2D SPACE',''
  ) );
#7407 = ADVANCED_FACE('',(#7408),#4878,.F.);
#7408 = FACE_BOUND('',#7409,.F.);
#7409 = EDGE_LOOP('',(#7410,#7433,#7494,#7527,#7553,#7582,#7608,#7637,
    #7658,#7684,#7685,#7686,#7687,#7708));
#7410 = ORIENTED_EDGE('',*,*,#7411,.F.);
#7411 = EDGE_CURVE('',#7412,#7414,#7416,.T.);
#7412 = VERTEX_POINT('',#7413);
#7413 = CARTESIAN_POINT('',(-51.63175329023,39.949968710876,0.));
#7414 = VERTEX_POINT('',#7415);
#7415 = CARTESIAN_POINT('',(-49.02281893137,39.949968710876,0.));
#7416 = SURFACE_CURVE('',#7417,(#7421,#7427),.PCURVE_S1.);
#7417 = LINE('',#7418,#7419);
#7418 = CARTESIAN_POINT('',(-30.,39.949968710876,0.));
#7419 = VECTOR('',#7420,1.);
#7420 = DIRECTION('',(1.,0.,0.));
#7421 = PCURVE('',#4878,#7422);
#7422 = DEFINITIONAL_REPRESENTATION('',(#7423),#7426);
#7423 = B_SPLINE_CURVE_WITH_KNOTS('',1,(#7424,#7425),.UNSPECIFIED.,.F.,
  .F.,(2,2),(-26.4,26.4),.PIECEWISE_BEZIER_KNOTS.);
#7424 = CARTESIAN_POINT('',(5.002085680577E-02,-26.4));
#7425 = CARTESIAN_POINT('',(5.002085680577E-02,26.4));
#7426 = ( GEOMETRIC_REPRESENTATION_CONTEXT(2) 
PARAMETRIC_REPRESENTATION_CONTEXT() REPRESENTATION_CONTEXT('2D SPACE',''
  ) );
#7427 = PCURVE('',#5186,#7428);
#7428 = DEFINITIONAL_REPRESENTATION('',(#7429),#7432);
#7429 = B_SPLINE_CURVE_WITH_KNOTS('',1,(#7430,#7431),.UNSPECIFIED.,.F.,
  .F.,(2,2),(-26.4,26.4),.PIECEWISE_BEZIER_KNOTS.);
#7430 = CARTESIAN_POINT('',(-26.39999999452,39.949968710876));
#7431 = CARTESIAN_POINT('',(26.400000005475,39.949968710876));
#7432 = ( GEOMETRIC_REPRESENTATION_CONTEXT(2) 
PARAMETRIC_REPRESENTATION_CONTEXT() REPRESENTATION_CONTEXT('2D SPACE',''
  ) );
#7433 = ORIENTED_EDGE('',*,*,#7434,.T.);
#7434 = EDGE_CURVE('',#7412,#7435,#7437,.T.);
#7435 = VERTEX_POINT('',#7436);
#7436 = CARTESIAN_POINT('',(-52.,37.,13.198684153571));
#7437 = SURFACE_CURVE('',#7438,(#7453,#7471),.PCURVE_S1.);
#7438 = B_SPLINE_CURVE_WITH_KNOTS('',5,(#7439,#7440,#7441,#7442,#7443,
    #7444,#7445,#7446,#7447,#7448,#7449,#7450,#7451,#7452),
  .UNSPECIFIED.,.F.,.F.,(6,4,4,6),(0.,0.408204104014,0.701533486192,1.),
  .UNSPECIFIED.);
#7439 = CARTESIAN_POINT('',(-51.63175328261,39.949968740914,
    -5.999999660913E-07));
#7440 = CARTESIAN_POINT('',(-51.6456377992,39.895221967106,
    1.093565679216));
#7441 = CARTESIAN_POINT('',(-51.66867819903,39.803021593517,
    2.185966897341));
#7442 = CARTESIAN_POINT('',(-51.69995378861,39.673309092516,
    3.276414215002));
#7443 = CARTESIAN_POINT('',(-51.73730232987,39.505898358305,4.364019854)
  );
#7444 = CARTESIAN_POINT('',(-51.80624922412,39.152926423541,
    6.226581366239));
#7445 = CARTESIAN_POINT('',(-51.83650956375,38.985723946616,
    7.00342645199));
#7446 = CARTESIAN_POINT('',(-51.86697752754,38.798782062015,
    7.778053697427));
#7447 = CARTESIAN_POINT('',(-51.89613043069,38.59193666828,
    8.550147491111));
#7448 = CARTESIAN_POINT('',(-51.94855345602,38.134061561143,
    10.102035471503));
#7449 = CARTESIAN_POINT('',(-51.97171030678,37.882333955685,
    10.88168527061));
#7450 = CARTESIAN_POINT('',(-51.98963085224,37.609567287221,
    11.658031995829));
#7451 = CARTESIAN_POINT('',(-52.,37.315513681546,12.430590935813));
#7452 = CARTESIAN_POINT('',(-52.,37.,13.198684153571));
#7453 = PCURVE('',#4878,#7454);
#7454 = DEFINITIONAL_REPRESENTATION('',(#7455),#7470);
#7455 = B_SPLINE_CURVE_WITH_KNOTS('',5,(#7456,#7457,#7458,#7459,#7460,
    #7461,#7462,#7463,#7464,#7465,#7466,#7467,#7468,#7469),
  .UNSPECIFIED.,.F.,.F.,(6,4,4,6),(0.,0.408204104014,0.701533486192,1.),
  .UNSPECIFIED.);
#7456 = CARTESIAN_POINT('',(5.002084178699E-02,-21.63175328261));
#7457 = CARTESIAN_POINT('',(7.739423690295E-02,-21.6456377992));
#7458 = CARTESIAN_POINT('',(0.104785359921,-21.66867819903));
#7459 = CARTESIAN_POINT('',(0.13221731199,-21.69995378861));
#7460 = CARTESIAN_POINT('',(0.159711248755,-21.73730232987));
#7461 = CARTESIAN_POINT('',(0.207104052623,-21.80624922412));
#7462 = CARTESIAN_POINT('',(0.226963865371,-21.83650956375));
#7463 = CARTESIAN_POINT('',(0.246877297554,-21.86697752754));
#7464 = CARTESIAN_POINT('',(0.26685400039,-21.89613043069));
#7465 = CARTESIAN_POINT('',(0.307304633245,-21.94855345602));
#7466 = CARTESIAN_POINT('',(0.327780040803,-21.97171030678));
#7467 = CARTESIAN_POINT('',(0.348342766091,-21.98963085224));
#7468 = CARTESIAN_POINT('',(0.369001456642,-22.));
#7469 = CARTESIAN_POINT('',(0.389760732797,-22.));
#7470 = ( GEOMETRIC_REPRESENTATION_CONTEXT(2) 
PARAMETRIC_REPRESENTATION_CONTEXT() REPRESENTATION_CONTEXT('2D SPACE',''
  ) );
#7471 = PCURVE('',#7472,#7477);
#7472 = CYLINDRICAL_SURFACE('',#7473,12.);
#7473 = AXIS2_PLACEMENT_3D('',#7474,#7475,#7476);
#7474 = CARTESIAN_POINT('',(-40.,37.,0.));
#7475 = DIRECTION('',(0.,0.,-1.));
#7476 = DIRECTION('',(-1.,0.,0.));
#7477 = DEFINITIONAL_REPRESENTATION('',(#7478),#7493);
#7478 = B_SPLINE_CURVE_WITH_KNOTS('',5,(#7479,#7480,#7481,#7482,#7483,
    #7484,#7485,#7486,#7487,#7488,#7489,#7490,#7491,#7492),
  .UNSPECIFIED.,.F.,.F.,(6,4,4,6),(0.,0.408204104014,0.701533486192,1.),
  .UNSPECIFIED.);
#7479 = CARTESIAN_POINT('',(0.248376627749,5.999999999062E-07));
#7480 = CARTESIAN_POINT('',(0.243669962083,-1.093565679216));
#7481 = CARTESIAN_POINT('',(0.235750489139,-2.185966897342));
#7482 = CARTESIAN_POINT('',(0.224631395074,-3.276414215002));
#7483 = CARTESIAN_POINT('',(0.210342481976,-4.364019854));
#7484 = CARTESIAN_POINT('',(0.180372258216,-6.226581366239));
#7485 = CARTESIAN_POINT('',(0.166213748558,-7.00342645199));
#7486 = CARTESIAN_POINT('',(0.150433278098,-7.778053697427));
#7487 = CARTESIAN_POINT('',(0.133031677067,-8.550147491111));
#7488 = CARTESIAN_POINT('',(9.462614837417E-02,-10.1020354715));
#7489 = CARTESIAN_POINT('',(7.356553884995E-02,-10.88168527061));
#7490 = CARTESIAN_POINT('',(5.079731836021E-02,-11.65803199582));
#7491 = CARTESIAN_POINT('',(2.629280679548E-02,-12.43059093581));
#7492 = CARTESIAN_POINT('',(0.,-13.19868415357));
#7493 = ( GEOMETRIC_REPRESENTATION_CONTEXT(2) 
PARAMETRIC_REPRESENTATION_CONTEXT() REPRESENTATION_CONTEXT('2D SPACE',''
  ) );
#7494 = ORIENTED_EDGE('',*,*,#7495,.T.);
#7495 = EDGE_CURVE('',#7435,#7496,#7498,.T.);
#7496 = VERTEX_POINT('',#7497);
#7497 = CARTESIAN_POINT('',(-52.,32.726136343907,21.));
#7498 = SURFACE_CURVE('',#7499,(#7504,#7511),.PCURVE_S1.);
#7499 = CIRCLE('',#7500,40.);
#7500 = AXIS2_PLACEMENT_3D('',#7501,#7502,#7503);
#7501 = CARTESIAN_POINT('',(-52.,0.,-2.));
#7502 = DIRECTION('',(1.,0.,0.));
#7503 = DIRECTION('',(-0.,1.,0.));
#7504 = PCURVE('',#4878,#7505);
#7505 = DEFINITIONAL_REPRESENTATION('',(#7506),#7510);
#7506 = LINE('',#7507,#7508);
#7507 = CARTESIAN_POINT('',(0.,-22.));
#7508 = VECTOR('',#7509,1.);
#7509 = DIRECTION('',(1.,0.));
#7510 = ( GEOMETRIC_REPRESENTATION_CONTEXT(2) 
PARAMETRIC_REPRESENTATION_CONTEXT() REPRESENTATION_CONTEXT('2D SPACE',''
  ) );
#7511 = PCURVE('',#7512,#7517);
#7512 = PLANE('',#7513);
#7513 = AXIS2_PLACEMENT_3D('',#7514,#7515,#7516);
#7514 = CARTESIAN_POINT('',(-52.,-37.,0.));
#7515 = DIRECTION('',(-1.,0.,0.));
#7516 = DIRECTION('',(0.,1.,0.));
#7517 = DEFINITIONAL_REPRESENTATION('',(#7518),#7526);
#7518 = ( BOUNDED_CURVE() B_SPLINE_CURVE(2,(#7519,#7520,#7521,#7522,
#7523,#7524,#7525),.UNSPECIFIED.,.T.,.F.) B_SPLINE_CURVE_WITH_KNOTS((1,2
    ,2,2,2,1),(-2.094395102393,0.,2.094395102393,4.188790204786,
6.28318530718,8.377580409573),.UNSPECIFIED.) CURVE() 
GEOMETRIC_REPRESENTATION_ITEM() RATIONAL_B_SPLINE_CURVE((1.,0.5,1.,0.5,
1.,0.5,1.)) REPRESENTATION_ITEM('') );
#7519 = CARTESIAN_POINT('',(77.,2.));
#7520 = CARTESIAN_POINT('',(77.,-67.28203230275));
#7521 = CARTESIAN_POINT('',(17.,-32.64101615137));
#7522 = CARTESIAN_POINT('',(-43.,2.));
#7523 = CARTESIAN_POINT('',(17.,36.641016151378));
#7524 = CARTESIAN_POINT('',(77.,71.282032302755));
#7525 = CARTESIAN_POINT('',(77.,2.));
#7526 = ( GEOMETRIC_REPRESENTATION_CONTEXT(2) 
PARAMETRIC_REPRESENTATION_CONTEXT() REPRESENTATION_CONTEXT('2D SPACE',''
  ) );
#7527 = ORIENTED_EDGE('',*,*,#7528,.T.);
#7528 = EDGE_CURVE('',#7496,#7529,#7531,.T.);
#7529 = VERTEX_POINT('',#7530);
#7530 = CARTESIAN_POINT('',(-50.9,32.726136343907,21.));
#7531 = SURFACE_CURVE('',#7532,(#7536,#7542),.PCURVE_S1.);
#7532 = LINE('',#7533,#7534);
#7533 = CARTESIAN_POINT('',(-30.,32.726136343907,21.));
#7534 = VECTOR('',#7535,1.);
#7535 = DIRECTION('',(1.,0.,0.));
#7536 = PCURVE('',#4878,#7537);
#7537 = DEFINITIONAL_REPRESENTATION('',(#7538),#7541);
#7538 = B_SPLINE_CURVE_WITH_KNOTS('',1,(#7539,#7540),.UNSPECIFIED.,.F.,
  .F.,(2,2),(-26.4,26.4),.PIECEWISE_BEZIER_KNOTS.);
#7539 = CARTESIAN_POINT('',(0.612604148049,-26.4));
#7540 = CARTESIAN_POINT('',(0.612604148049,26.4));
#7541 = ( GEOMETRIC_REPRESENTATION_CONTEXT(2) 
PARAMETRIC_REPRESENTATION_CONTEXT() REPRESENTATION_CONTEXT('2D SPACE',''
  ) );
#7542 = PCURVE('',#7543,#7548);
#7543 = PLANE('',#7544);
#7544 = AXIS2_PLACEMENT_3D('',#7545,#7546,#7547);
#7545 = CARTESIAN_POINT('',(-30.00000000547,-1.73210767953E-15,21.));
#7546 = DIRECTION('',(0.,0.,1.));
#7547 = DIRECTION('',(1.,0.,0.));
#7548 = DEFINITIONAL_REPRESENTATION('',(#7549),#7552);
#7549 = B_SPLINE_CURVE_WITH_KNOTS('',1,(#7550,#7551),.UNSPECIFIED.,.F.,
  .F.,(2,2),(-26.4,26.4),.PIECEWISE_BEZIER_KNOTS.);
#7550 = CARTESIAN_POINT('',(-26.39999999452,32.726136343907));
#7551 = CARTESIAN_POINT('',(26.400000005475,32.726136343907));
#7552 = ( GEOMETRIC_REPRESENTATION_CONTEXT(2) 
PARAMETRIC_REPRESENTATION_CONTEXT() REPRESENTATION_CONTEXT('2D SPACE',''
  ) );
#7553 = ORIENTED_EDGE('',*,*,#7554,.F.);
#7554 = EDGE_CURVE('',#7555,#7529,#7557,.T.);
#7555 = VERTEX_POINT('',#7556);
#7556 = CARTESIAN_POINT('',(-50.9,33.730549951046,19.5));
#7557 = SURFACE_CURVE('',#7558,(#7563,#7570),.PCURVE_S1.);
#7558 = CIRCLE('',#7559,40.);
#7559 = AXIS2_PLACEMENT_3D('',#7560,#7561,#7562);
#7560 = CARTESIAN_POINT('',(-50.9,0.,-2.));
#7561 = DIRECTION('',(1.,0.,0.));
#7562 = DIRECTION('',(-0.,1.,0.));
#7563 = PCURVE('',#4878,#7564);
#7564 = DEFINITIONAL_REPRESENTATION('',(#7565),#7569);
#7565 = LINE('',#7566,#7567);
#7566 = CARTESIAN_POINT('',(0.,-20.9));
#7567 = VECTOR('',#7568,1.);
#7568 = DIRECTION('',(1.,0.));
#7569 = ( GEOMETRIC_REPRESENTATION_CONTEXT(2) 
PARAMETRIC_REPRESENTATION_CONTEXT() REPRESENTATION_CONTEXT('2D SPACE',''
  ) );
#7570 = PCURVE('',#7571,#7576);
#7571 = PLANE('',#7572);
#7572 = AXIS2_PLACEMENT_3D('',#7573,#7574,#7575);
#7573 = CARTESIAN_POINT('',(-50.9,-47.9,21.));
#7574 = DIRECTION('',(1.,0.,0.));
#7575 = DIRECTION('',(-0.,1.,0.));
#7576 = DEFINITIONAL_REPRESENTATION('',(#7577),#7581);
#7577 = CIRCLE('',#7578,40.);
#7578 = AXIS2_PLACEMENT_2D('',#7579,#7580);
#7579 = CARTESIAN_POINT('',(47.9,-23.));
#7580 = DIRECTION('',(1.,0.));
#7581 = ( GEOMETRIC_REPRESENTATION_CONTEXT(2) 
PARAMETRIC_REPRESENTATION_CONTEXT() REPRESENTATION_CONTEXT('2D SPACE',''
  ) );
#7582 = ORIENTED_EDGE('',*,*,#7583,.T.);
#7583 = EDGE_CURVE('',#7555,#7584,#7586,.T.);
#7584 = VERTEX_POINT('',#7585);
#7585 = CARTESIAN_POINT('',(-50.,33.730549951046,19.5));
#7586 = SURFACE_CURVE('',#7587,(#7591,#7597),.PCURVE_S1.);
#7587 = LINE('',#7588,#7589);
#7588 = CARTESIAN_POINT('',(-30.,33.730549951046,19.5));
#7589 = VECTOR('',#7590,1.);
#7590 = DIRECTION('',(1.,0.,0.));
#7591 = PCURVE('',#4878,#7592);
#7592 = DEFINITIONAL_REPRESENTATION('',(#7593),#7596);
#7593 = B_SPLINE_CURVE_WITH_KNOTS('',1,(#7594,#7595),.UNSPECIFIED.,.F.,
  .F.,(2,2),(-22.0000006,-17.18274519535),.PIECEWISE_BEZIER_KNOTS.);
#7594 = CARTESIAN_POINT('',(0.567469627074,-22.0000006));
#7595 = CARTESIAN_POINT('',(0.567469627074,-17.18274519535));
#7596 = ( GEOMETRIC_REPRESENTATION_CONTEXT(2) 
PARAMETRIC_REPRESENTATION_CONTEXT() REPRESENTATION_CONTEXT('2D SPACE',''
  ) );
#7597 = PCURVE('',#7598,#7603);
#7598 = PLANE('',#7599);
#7599 = AXIS2_PLACEMENT_3D('',#7600,#7601,#7602);
#7600 = CARTESIAN_POINT('',(-30.,0.,19.5));
#7601 = DIRECTION('',(0.,0.,1.));
#7602 = DIRECTION('',(1.,0.,0.));
#7603 = DEFINITIONAL_REPRESENTATION('',(#7604),#7607);
#7604 = B_SPLINE_CURVE_WITH_KNOTS('',1,(#7605,#7606),.UNSPECIFIED.,.F.,
  .F.,(2,2),(-22.0000006,-17.18274519535),.PIECEWISE_BEZIER_KNOTS.);
#7605 = CARTESIAN_POINT('',(-22.0000006,33.730549951046));
#7606 = CARTESIAN_POINT('',(-17.18274519535,33.730549951046));
#7607 = ( GEOMETRIC_REPRESENTATION_CONTEXT(2) 
PARAMETRIC_REPRESENTATION_CONTEXT() REPRESENTATION_CONTEXT('2D SPACE',''
  ) );
#7608 = ORIENTED_EDGE('',*,*,#7609,.T.);
#7609 = EDGE_CURVE('',#7584,#7610,#7612,.T.);
#7610 = VERTEX_POINT('',#7611);
#7611 = CARTESIAN_POINT('',(-50.,32.726136343907,21.));
#7612 = SURFACE_CURVE('',#7613,(#7618,#7625),.PCURVE_S1.);
#7613 = CIRCLE('',#7614,40.);
#7614 = AXIS2_PLACEMENT_3D('',#7615,#7616,#7617);
#7615 = CARTESIAN_POINT('',(-50.,0.,-2.));
#7616 = DIRECTION('',(1.,0.,0.));
#7617 = DIRECTION('',(-0.,1.,0.));
#7618 = PCURVE('',#4878,#7619);
#7619 = DEFINITIONAL_REPRESENTATION('',(#7620),#7624);
#7620 = LINE('',#7621,#7622);
#7621 = CARTESIAN_POINT('',(0.,-20.));
#7622 = VECTOR('',#7623,1.);
#7623 = DIRECTION('',(1.,0.));
#7624 = ( GEOMETRIC_REPRESENTATION_CONTEXT(2) 
PARAMETRIC_REPRESENTATION_CONTEXT() REPRESENTATION_CONTEXT('2D SPACE',''
  ) );
#7625 = PCURVE('',#7626,#7631);
#7626 = PLANE('',#7627);
#7627 = AXIS2_PLACEMENT_3D('',#7628,#7629,#7630);
#7628 = CARTESIAN_POINT('',(-50.,-47.,21.));
#7629 = DIRECTION('',(1.,0.,0.));
#7630 = DIRECTION('',(-0.,1.,0.));
#7631 = DEFINITIONAL_REPRESENTATION('',(#7632),#7636);
#7632 = CIRCLE('',#7633,40.);
#7633 = AXIS2_PLACEMENT_2D('',#7634,#7635);
#7634 = CARTESIAN_POINT('',(47.,-23.));
#7635 = DIRECTION('',(1.,0.));
#7636 = ( GEOMETRIC_REPRESENTATION_CONTEXT(2) 
PARAMETRIC_REPRESENTATION_CONTEXT() REPRESENTATION_CONTEXT('2D SPACE',''
  ) );
#7637 = ORIENTED_EDGE('',*,*,#7638,.T.);
#7638 = EDGE_CURVE('',#7610,#7639,#7641,.T.);
#7639 = VERTEX_POINT('',#7640);
#7640 = CARTESIAN_POINT('',(-49.8,32.726136343907,21.));
#7641 = SURFACE_CURVE('',#7642,(#7646,#7652),.PCURVE_S1.);
#7642 = LINE('',#7643,#7644);
#7643 = CARTESIAN_POINT('',(-30.,32.726136343907,21.));
#7644 = VECTOR('',#7645,1.);
#7645 = DIRECTION('',(1.,0.,0.));
#7646 = PCURVE('',#4878,#7647);
#7647 = DEFINITIONAL_REPRESENTATION('',(#7648),#7651);
#7648 = B_SPLINE_CURVE_WITH_KNOTS('',1,(#7649,#7650),.UNSPECIFIED.,.F.,
  .F.,(2,2),(-26.4,26.4),.PIECEWISE_BEZIER_KNOTS.);
#7649 = CARTESIAN_POINT('',(0.612604148049,-26.4));
#7650 = CARTESIAN_POINT('',(0.612604148049,26.4));
#7651 = ( GEOMETRIC_REPRESENTATION_CONTEXT(2) 
PARAMETRIC_REPRESENTATION_CONTEXT() REPRESENTATION_CONTEXT('2D SPACE',''
  ) );
#7652 = PCURVE('',#5780,#7653);
#7653 = DEFINITIONAL_REPRESENTATION('',(#7654),#7657);
#7654 = B_SPLINE_CURVE_WITH_KNOTS('',1,(#7655,#7656),.UNSPECIFIED.,.F.,
  .F.,(2,2),(-26.4,26.4),.PIECEWISE_BEZIER_KNOTS.);
#7655 = CARTESIAN_POINT('',(-26.39999999452,32.726136343907));
#7656 = CARTESIAN_POINT('',(26.400000005475,32.726136343907));
#7657 = ( GEOMETRIC_REPRESENTATION_CONTEXT(2) 
PARAMETRIC_REPRESENTATION_CONTEXT() REPRESENTATION_CONTEXT('2D SPACE',''
  ) );
#7658 = ORIENTED_EDGE('',*,*,#7659,.F.);
#7659 = EDGE_CURVE('',#5572,#7639,#7660,.T.);
#7660 = SURFACE_CURVE('',#7661,(#7666,#7673),.PCURVE_S1.);
#7661 = CIRCLE('',#7662,40.);
#7662 = AXIS2_PLACEMENT_3D('',#7663,#7664,#7665);
#7663 = CARTESIAN_POINT('',(-49.8,0.,-2.));
#7664 = DIRECTION('',(1.,0.,0.));
#7665 = DIRECTION('',(-0.,1.,0.));
#7666 = PCURVE('',#4878,#7667);
#7667 = DEFINITIONAL_REPRESENTATION('',(#7668),#7672);
#7668 = LINE('',#7669,#7670);
#7669 = CARTESIAN_POINT('',(0.,-19.8));
#7670 = VECTOR('',#7671,1.);
#7671 = DIRECTION('',(1.,0.));
#7672 = ( GEOMETRIC_REPRESENTATION_CONTEXT(2) 
PARAMETRIC_REPRESENTATION_CONTEXT() REPRESENTATION_CONTEXT('2D SPACE',''
  ) );
#7673 = PCURVE('',#5751,#7674);
#7674 = DEFINITIONAL_REPRESENTATION('',(#7675),#7683);
#7675 = ( BOUNDED_CURVE() B_SPLINE_CURVE(2,(#7676,#7677,#7678,#7679,
#7680,#7681,#7682),.UNSPECIFIED.,.T.,.F.) B_SPLINE_CURVE_WITH_KNOTS((1,2
    ,2,2,2,1),(-2.094395102393,0.,2.094395102393,4.188790204786,
6.28318530718,8.377580409573),.UNSPECIFIED.) CURVE() 
GEOMETRIC_REPRESENTATION_ITEM() RATIONAL_B_SPLINE_CURVE((1.,0.5,1.,0.5,
1.,0.5,1.)) REPRESENTATION_ITEM('') );
#7676 = CARTESIAN_POINT('',(77.,4.2));
#7677 = CARTESIAN_POINT('',(77.,-65.08203230275));
#7678 = CARTESIAN_POINT('',(17.,-30.44101615137));
#7679 = CARTESIAN_POINT('',(-43.,4.2));
#7680 = CARTESIAN_POINT('',(17.,38.841016151378));
#7681 = CARTESIAN_POINT('',(77.,73.482032302755));
#7682 = CARTESIAN_POINT('',(77.,4.2));
#7683 = ( GEOMETRIC_REPRESENTATION_CONTEXT(2) 
PARAMETRIC_REPRESENTATION_CONTEXT() REPRESENTATION_CONTEXT('2D SPACE',''
  ) );
#7684 = ORIENTED_EDGE('',*,*,#5571,.F.);
#7685 = ORIENTED_EDGE('',*,*,#4863,.T.);
#7686 = ORIENTED_EDGE('',*,*,#7360,.T.);
#7687 = ORIENTED_EDGE('',*,*,#7688,.F.);
#7688 = EDGE_CURVE('',#7689,#7333,#7691,.T.);
#7689 = VERTEX_POINT('',#7690);
#7690 = CARTESIAN_POINT('',(-48.99452040309,39.871794542007,1.2));
#7691 = SURFACE_CURVE('',#7692,(#7696,#7702),.PCURVE_S1.);
#7692 = LINE('',#7693,#7694);
#7693 = CARTESIAN_POINT('',(-30.,39.871794542007,1.2));
#7694 = VECTOR('',#7695,1.);
#7695 = DIRECTION('',(1.,0.,0.));
#7696 = PCURVE('',#4878,#7697);
#7697 = DEFINITIONAL_REPRESENTATION('',(#7698),#7701);
#7698 = B_SPLINE_CURVE_WITH_KNOTS('',1,(#7699,#7700),.UNSPECIFIED.,.F.,
  .F.,(2,2),(-19.84,-17.18274519535),.PIECEWISE_BEZIER_KNOTS.);
#7699 = CARTESIAN_POINT('',(8.008558003366E-02,-19.84));
#7700 = CARTESIAN_POINT('',(8.008558003366E-02,-17.18274519535));
#7701 = ( GEOMETRIC_REPRESENTATION_CONTEXT(2) 
PARAMETRIC_REPRESENTATION_CONTEXT() REPRESENTATION_CONTEXT('2D SPACE',''
  ) );
#7702 = PCURVE('',#7197,#7703);
#7703 = DEFINITIONAL_REPRESENTATION('',(#7704),#7707);
#7704 = B_SPLINE_CURVE_WITH_KNOTS('',1,(#7705,#7706),.UNSPECIFIED.,.F.,
  .F.,(2,2),(-19.84,-17.18274519535),.PIECEWISE_BEZIER_KNOTS.);
#7705 = CARTESIAN_POINT('',(-3.84,-1.128205457993));
#7706 = CARTESIAN_POINT('',(-1.182745195352,-1.128205457993));
#7707 = ( GEOMETRIC_REPRESENTATION_CONTEXT(2) 
PARAMETRIC_REPRESENTATION_CONTEXT() REPRESENTATION_CONTEXT('2D SPACE',''
  ) );
#7708 = ORIENTED_EDGE('',*,*,#7709,.F.);
#7709 = EDGE_CURVE('',#7414,#7689,#7710,.T.);
#7710 = SURFACE_CURVE('',#7711,(#7717,#7726),.PCURVE_S1.);
#7711 = B_SPLINE_CURVE_WITH_KNOTS('',4,(#7712,#7713,#7714,#7715,#7716),
  .UNSPECIFIED.,.F.,.F.,(5,5),(0.,1.),.PIECEWISE_BEZIER_KNOTS.);
#7712 = CARTESIAN_POINT('',(-49.02281893137,39.949968710876,
    -9.325873406851E-15));
#7713 = CARTESIAN_POINT('',(-49.01759855801,39.934940355472,
    0.300191164099));
#7714 = CARTESIAN_POINT('',(-49.01122082698,39.916902100237,
    0.600278368851));
#7715 = CARTESIAN_POINT('',(-49.00358473355,39.895853387839,
    0.900228382213));
#7716 = CARTESIAN_POINT('',(-48.99452038495,39.871794493852,1.2000006));
#7717 = PCURVE('',#4878,#7718);
#7718 = DEFINITIONAL_REPRESENTATION('',(#7719),#7725);
#7719 = B_SPLINE_CURVE_WITH_KNOTS('',4,(#7720,#7721,#7722,#7723,#7724),
  .UNSPECIFIED.,.F.,.F.,(5,5),(0.,1.),.PIECEWISE_BEZIER_KNOTS.);
#7720 = CARTESIAN_POINT('',(5.002085680577E-02,-19.02281893137));
#7721 = CARTESIAN_POINT('',(5.753503450816E-02,-19.01759855801));
#7722 = CARTESIAN_POINT('',(6.505037886424E-02,-19.01122082698));
#7723 = CARTESIAN_POINT('',(7.256719212078E-02,-19.00358473355));
#7724 = CARTESIAN_POINT('',(8.008559508189E-02,-18.99452038495));
#7725 = ( GEOMETRIC_REPRESENTATION_CONTEXT(2) 
PARAMETRIC_REPRESENTATION_CONTEXT() REPRESENTATION_CONTEXT('2D SPACE',''
  ) );
#7726 = PCURVE('',#7168,#7727);
#7727 = DEFINITIONAL_REPRESENTATION('',(#7728),#7734);
#7728 = B_SPLINE_CURVE_WITH_KNOTS('',4,(#7729,#7730,#7731,#7732,#7733),
  .UNSPECIFIED.,.F.,.F.,(5,5),(0.,0.99999949962),
  .PIECEWISE_BEZIER_KNOTS.);
#7729 = CARTESIAN_POINT('',(9.759106305762,-9.325873406851E-15));
#7730 = CARTESIAN_POINT('',(9.764077939269,0.300191013889));
#7731 = CARTESIAN_POINT('',(9.770056808131,0.600278068536));
#7732 = CARTESIAN_POINT('',(9.777053511794,0.900227931946));
#7733 = CARTESIAN_POINT('',(9.785087812513,1.2));
#7734 = ( GEOMETRIC_REPRESENTATION_CONTEXT(2) 
PARAMETRIC_REPRESENTATION_CONTEXT() REPRESENTATION_CONTEXT('2D SPACE',''
  ) );
#7735 = ADVANCED_FACE('',(#7736),#5186,.F.);
#7736 = FACE_BOUND('',#7737,.F.);
#7737 = EDGE_LOOP('',(#7738,#7766,#7767,#7789,#7790,#7816,#7817,#7818,
    #7819,#7841,#7842,#7870));
#7738 = ORIENTED_EDGE('',*,*,#7739,.F.);
#7739 = EDGE_CURVE('',#7412,#7740,#7742,.T.);
#7740 = VERTEX_POINT('',#7741);
#7741 = CARTESIAN_POINT('',(-40.,49.,0.));
#7742 = SURFACE_CURVE('',#7743,(#7748,#7759),.PCURVE_S1.);
#7743 = CIRCLE('',#7744,12.);
#7744 = AXIS2_PLACEMENT_3D('',#7745,#7746,#7747);
#7745 = CARTESIAN_POINT('',(-40.,37.,0.));
#7746 = DIRECTION('',(0.,0.,-1.));
#7747 = DIRECTION('',(-1.,0.,0.));
#7748 = PCURVE('',#5186,#7749);
#7749 = DEFINITIONAL_REPRESENTATION('',(#7750),#7758);
#7750 = ( BOUNDED_CURVE() B_SPLINE_CURVE(2,(#7751,#7752,#7753,#7754,
#7755,#7756,#7757),.UNSPECIFIED.,.T.,.F.) B_SPLINE_CURVE_WITH_KNOTS((1,2
    ,2,2,2,1),(-2.094395102393,0.,2.094395102393,4.188790204786,
6.28318530718,8.377580409573),.UNSPECIFIED.) CURVE() 
GEOMETRIC_REPRESENTATION_ITEM() RATIONAL_B_SPLINE_CURVE((1.,0.5,1.,0.5,
1.,0.5,1.)) REPRESENTATION_ITEM('') );
#7751 = CARTESIAN_POINT('',(-21.99999999452,37.));
#7752 = CARTESIAN_POINT('',(-21.99999999452,57.784609690827));
#7753 = CARTESIAN_POINT('',(-3.999999994525,47.392304845413));
#7754 = CARTESIAN_POINT('',(14.000000005475,37.));
#7755 = CARTESIAN_POINT('',(-3.999999994525,26.607695154587));
#7756 = CARTESIAN_POINT('',(-21.99999999452,16.215390309173));
#7757 = CARTESIAN_POINT('',(-21.99999999452,37.));
#7758 = ( GEOMETRIC_REPRESENTATION_CONTEXT(2) 
PARAMETRIC_REPRESENTATION_CONTEXT() REPRESENTATION_CONTEXT('2D SPACE',''
  ) );
#7759 = PCURVE('',#7472,#7760);
#7760 = DEFINITIONAL_REPRESENTATION('',(#7761),#7765);
#7761 = LINE('',#7762,#7763);
#7762 = CARTESIAN_POINT('',(0.,0.));
#7763 = VECTOR('',#7764,1.);
#7764 = DIRECTION('',(1.,0.));
#7765 = ( GEOMETRIC_REPRESENTATION_CONTEXT(2) 
PARAMETRIC_REPRESENTATION_CONTEXT() REPRESENTATION_CONTEXT('2D SPACE',''
  ) );
#7766 = ORIENTED_EDGE('',*,*,#7411,.T.);
#7767 = ORIENTED_EDGE('',*,*,#7768,.F.);
#7768 = EDGE_CURVE('',#7126,#7414,#7769,.T.);
#7769 = SURFACE_CURVE('',#7770,(#7775,#7782),.PCURVE_S1.);
#7770 = CIRCLE('',#7771,3.2);
#7771 = AXIS2_PLACEMENT_3D('',#7772,#7773,#7774);
#7772 = CARTESIAN_POINT('',(-46.,41.,0.));
#7773 = DIRECTION('',(-0.,0.,1.));
#7774 = DIRECTION('',(0.944630916054,-0.328134777851,0.));
#7775 = PCURVE('',#5186,#7776);
#7776 = DEFINITIONAL_REPRESENTATION('',(#7777),#7781);
#7777 = CIRCLE('',#7778,3.2);
#7778 = AXIS2_PLACEMENT_2D('',#7779,#7780);
#7779 = CARTESIAN_POINT('',(-15.99999999452,41.));
#7780 = DIRECTION('',(0.944630916054,-0.328134777851));
#7781 = ( GEOMETRIC_REPRESENTATION_CONTEXT(2) 
PARAMETRIC_REPRESENTATION_CONTEXT() REPRESENTATION_CONTEXT('2D SPACE',''
  ) );
#7782 = PCURVE('',#7168,#7783);
#7783 = DEFINITIONAL_REPRESENTATION('',(#7784),#7788);
#7784 = LINE('',#7785,#7786);
#7785 = CARTESIAN_POINT('',(5.948856962187,0.));
#7786 = VECTOR('',#7787,1.);
#7787 = DIRECTION('',(1.,0.));
#7788 = ( GEOMETRIC_REPRESENTATION_CONTEXT(2) 
PARAMETRIC_REPRESENTATION_CONTEXT() REPRESENTATION_CONTEXT('2D SPACE',''
  ) );
#7789 = ORIENTED_EDGE('',*,*,#7125,.T.);
#7790 = ORIENTED_EDGE('',*,*,#7791,.T.);
#7791 = EDGE_CURVE('',#7128,#5170,#7792,.T.);
#7792 = SURFACE_CURVE('',#7793,(#7798,#7809),.PCURVE_S1.);
#7793 = CIRCLE('',#7794,1.1);
#7794 = AXIS2_PLACEMENT_3D('',#7795,#7796,#7797);
#7795 = CARTESIAN_POINT('',(-41.5,39.,0.));
#7796 = DIRECTION('',(0.,0.,-1.));
#7797 = DIRECTION('',(-1.,0.,0.));
#7798 = PCURVE('',#5186,#7799);
#7799 = DEFINITIONAL_REPRESENTATION('',(#7800),#7808);
#7800 = ( BOUNDED_CURVE() B_SPLINE_CURVE(2,(#7801,#7802,#7803,#7804,
#7805,#7806,#7807),.UNSPECIFIED.,.T.,.F.) B_SPLINE_CURVE_WITH_KNOTS((1,2
    ,2,2,2,1),(-2.094395102393,0.,2.094395102393,4.188790204786,
6.28318530718,8.377580409573),.UNSPECIFIED.) CURVE() 
GEOMETRIC_REPRESENTATION_ITEM() RATIONAL_B_SPLINE_CURVE((1.,0.5,1.,0.5,
1.,0.5,1.)) REPRESENTATION_ITEM('') );
#7801 = CARTESIAN_POINT('',(-12.59999999452,39.));
#7802 = CARTESIAN_POINT('',(-12.59999999452,40.905255888326));
#7803 = CARTESIAN_POINT('',(-10.94999999452,39.952627944163));
#7804 = CARTESIAN_POINT('',(-9.299999994525,39.));
#7805 = CARTESIAN_POINT('',(-10.94999999452,38.047372055837));
#7806 = CARTESIAN_POINT('',(-12.59999999452,37.094744111674));
#7807 = CARTESIAN_POINT('',(-12.59999999452,39.));
#7808 = ( GEOMETRIC_REPRESENTATION_CONTEXT(2) 
PARAMETRIC_REPRESENTATION_CONTEXT() REPRESENTATION_CONTEXT('2D SPACE',''
  ) );
#7809 = PCURVE('',#5231,#7810);
#7810 = DEFINITIONAL_REPRESENTATION('',(#7811),#7815);
#7811 = LINE('',#7812,#7813);
#7812 = CARTESIAN_POINT('',(0.,6.7));
#7813 = VECTOR('',#7814,1.);
#7814 = DIRECTION('',(1.,0.));
#7815 = ( GEOMETRIC_REPRESENTATION_CONTEXT(2) 
PARAMETRIC_REPRESENTATION_CONTEXT() REPRESENTATION_CONTEXT('2D SPACE',''
  ) );
#7816 = ORIENTED_EDGE('',*,*,#5169,.T.);
#7817 = ORIENTED_EDGE('',*,*,#5405,.T.);
#7818 = ORIENTED_EDGE('',*,*,#5435,.T.);
#7819 = ORIENTED_EDGE('',*,*,#7820,.F.);
#7820 = EDGE_CURVE('',#6616,#5436,#7821,.T.);
#7821 = SURFACE_CURVE('',#7822,(#7827,#7834),.PCURVE_S1.);
#7822 = CIRCLE('',#7823,3.2);
#7823 = AXIS2_PLACEMENT_3D('',#7824,#7825,#7826);
#7824 = CARTESIAN_POINT('',(-14.,41.,0.));
#7825 = DIRECTION('',(-0.,0.,1.));
#7826 = DIRECTION('',(0.944630916054,-0.328134777851,0.));
#7827 = PCURVE('',#5186,#7828);
#7828 = DEFINITIONAL_REPRESENTATION('',(#7829),#7833);
#7829 = CIRCLE('',#7830,3.2);
#7830 = AXIS2_PLACEMENT_2D('',#7831,#7832);
#7831 = CARTESIAN_POINT('',(16.000000005475,41.));
#7832 = DIRECTION('',(0.944630916054,-0.328134777851));
#7833 = ( GEOMETRIC_REPRESENTATION_CONTEXT(2) 
PARAMETRIC_REPRESENTATION_CONTEXT() REPRESENTATION_CONTEXT('2D SPACE',''
  ) );
#7834 = PCURVE('',#5553,#7835);
#7835 = DEFINITIONAL_REPRESENTATION('',(#7836),#7840);
#7836 = LINE('',#7837,#7838);
#7837 = CARTESIAN_POINT('',(5.948856962187,0.));
#7838 = VECTOR('',#7839,1.);
#7839 = DIRECTION('',(1.,0.));
#7840 = ( GEOMETRIC_REPRESENTATION_CONTEXT(2) 
PARAMETRIC_REPRESENTATION_CONTEXT() REPRESENTATION_CONTEXT('2D SPACE',''
  ) );
#7841 = ORIENTED_EDGE('',*,*,#6615,.T.);
#7842 = ORIENTED_EDGE('',*,*,#7843,.F.);
#7843 = EDGE_CURVE('',#7844,#6618,#7846,.T.);
#7844 = VERTEX_POINT('',#7845);
#7845 = CARTESIAN_POINT('',(-20.00000002509,49.,0.));
#7846 = SURFACE_CURVE('',#7847,(#7852,#7863),.PCURVE_S1.);
#7847 = CIRCLE('',#7848,12.);
#7848 = AXIS2_PLACEMENT_3D('',#7849,#7850,#7851);
#7849 = CARTESIAN_POINT('',(-20.00000002509,37.,0.));
#7850 = DIRECTION('',(0.,0.,-1.));
#7851 = DIRECTION('',(-1.,0.,0.));
#7852 = PCURVE('',#5186,#7853);
#7853 = DEFINITIONAL_REPRESENTATION('',(#7854),#7862);
#7854 = ( BOUNDED_CURVE() B_SPLINE_CURVE(2,(#7855,#7856,#7857,#7858,
#7859,#7860,#7861),.UNSPECIFIED.,.T.,.F.) B_SPLINE_CURVE_WITH_KNOTS((1,2
    ,2,2,2,1),(-2.094395102393,0.,2.094395102393,4.188790204786,
6.28318530718,8.377580409573),.UNSPECIFIED.) CURVE() 
GEOMETRIC_REPRESENTATION_ITEM() RATIONAL_B_SPLINE_CURVE((1.,0.5,1.,0.5,
1.,0.5,1.)) REPRESENTATION_ITEM('') );
#7855 = CARTESIAN_POINT('',(-2.000000019623,37.));
#7856 = CARTESIAN_POINT('',(-2.000000019623,57.784609690827));
#7857 = CARTESIAN_POINT('',(15.999999980377,47.392304845413));
#7858 = CARTESIAN_POINT('',(33.999999980377,37.));
#7859 = CARTESIAN_POINT('',(15.999999980377,26.607695154587));
#7860 = CARTESIAN_POINT('',(-2.000000019623,16.215390309173));
#7861 = CARTESIAN_POINT('',(-2.000000019623,37.));
#7862 = ( GEOMETRIC_REPRESENTATION_CONTEXT(2) 
PARAMETRIC_REPRESENTATION_CONTEXT() REPRESENTATION_CONTEXT('2D SPACE',''
  ) );
#7863 = PCURVE('',#6966,#7864);
#7864 = DEFINITIONAL_REPRESENTATION('',(#7865),#7869);
#7865 = LINE('',#7866,#7867);
#7866 = CARTESIAN_POINT('',(0.,0.));
#7867 = VECTOR('',#7868,1.);
#7868 = DIRECTION('',(1.,0.));
#7869 = ( GEOMETRIC_REPRESENTATION_CONTEXT(2) 
PARAMETRIC_REPRESENTATION_CONTEXT() REPRESENTATION_CONTEXT('2D SPACE',''
  ) );
#7870 = ORIENTED_EDGE('',*,*,#7871,.F.);
#7871 = EDGE_CURVE('',#7740,#7844,#7872,.T.);
#7872 = SURFACE_CURVE('',#7873,(#7877,#7884),.PCURVE_S1.);
#7873 = LINE('',#7874,#7875);
#7874 = CARTESIAN_POINT('',(-30.,49.,0.));
#7875 = VECTOR('',#7876,1.);
#7876 = DIRECTION('',(1.,0.,0.));
#7877 = PCURVE('',#5186,#7878);
#7878 = DEFINITIONAL_REPRESENTATION('',(#7879),#7883);
#7879 = LINE('',#7880,#7881);
#7880 = CARTESIAN_POINT('',(5.474810553509E-09,49.));
#7881 = VECTOR('',#7882,1.);
#7882 = DIRECTION('',(1.,0.));
#7883 = ( GEOMETRIC_REPRESENTATION_CONTEXT(2) 
PARAMETRIC_REPRESENTATION_CONTEXT() REPRESENTATION_CONTEXT('2D SPACE',''
  ) );
#7884 = PCURVE('',#7885,#7890);
#7885 = PLANE('',#7886);
#7886 = AXIS2_PLACEMENT_3D('',#7887,#7888,#7889);
#7887 = CARTESIAN_POINT('',(-40.,49.,0.));
#7888 = DIRECTION('',(0.,1.,0.));
#7889 = DIRECTION('',(1.,0.,0.));
#7890 = DEFINITIONAL_REPRESENTATION('',(#7891),#7895);
#7891 = LINE('',#7892,#7893);
#7892 = CARTESIAN_POINT('',(10.,0.));
#7893 = VECTOR('',#7894,1.);
#7894 = DIRECTION('',(1.,0.));
#7895 = ( GEOMETRIC_REPRESENTATION_CONTEXT(2) 
PARAMETRIC_REPRESENTATION_CONTEXT() REPRESENTATION_CONTEXT('2D SPACE',''
  ) );
#7896 = ADVANCED_FACE('',(#7897),#5265,.F.);
#7897 = FACE_BOUND('',#7898,.F.);
#7898 = EDGE_LOOP('',(#7899,#7900,#7901,#7902,#7903,#7931));
#7899 = ORIENTED_EDGE('',*,*,#7257,.F.);
#7900 = ORIENTED_EDGE('',*,*,#7100,.T.);
#7901 = ORIENTED_EDGE('',*,*,#7077,.T.);
#7902 = ORIENTED_EDGE('',*,*,#5252,.F.);
#7903 = ORIENTED_EDGE('',*,*,#7904,.T.);
#7904 = EDGE_CURVE('',#5198,#7905,#7907,.T.);
#7905 = VERTEX_POINT('',#7906);
#7906 = CARTESIAN_POINT('',(-42.6,39.,2.2));
#7907 = SURFACE_CURVE('',#7908,(#7913,#7924),.PCURVE_S1.);
#7908 = CIRCLE('',#7909,1.1);
#7909 = AXIS2_PLACEMENT_3D('',#7910,#7911,#7912);
#7910 = CARTESIAN_POINT('',(-41.5,39.,2.2));
#7911 = DIRECTION('',(0.,0.,-1.));
#7912 = DIRECTION('',(-1.,0.,0.));
#7913 = PCURVE('',#5265,#7914);
#7914 = DEFINITIONAL_REPRESENTATION('',(#7915),#7923);
#7915 = ( BOUNDED_CURVE() B_SPLINE_CURVE(2,(#7916,#7917,#7918,#7919,
#7920,#7921,#7922),.UNSPECIFIED.,.T.,.F.) B_SPLINE_CURVE_WITH_KNOTS((1,2
    ,2,2,2,1),(-2.094395102393,0.,2.094395102393,4.188790204786,
6.28318530718,8.377580409573),.UNSPECIFIED.) CURVE() 
GEOMETRIC_REPRESENTATION_ITEM() RATIONAL_B_SPLINE_CURVE((1.,0.5,1.,0.5,
1.,0.5,1.)) REPRESENTATION_ITEM('') );
#7916 = CARTESIAN_POINT('',(-1.1,0.));
#7917 = CARTESIAN_POINT('',(-1.1,1.905255888326));
#7918 = CARTESIAN_POINT('',(0.55,0.952627944163));
#7919 = CARTESIAN_POINT('',(2.2,2.694222958124E-16));
#7920 = CARTESIAN_POINT('',(0.55,-0.952627944163));
#7921 = CARTESIAN_POINT('',(-1.1,-1.905255888326));
#7922 = CARTESIAN_POINT('',(-1.1,0.));
#7923 = ( GEOMETRIC_REPRESENTATION_CONTEXT(2) 
PARAMETRIC_REPRESENTATION_CONTEXT() REPRESENTATION_CONTEXT('2D SPACE',''
  ) );
#7924 = PCURVE('',#5231,#7925);
#7925 = DEFINITIONAL_REPRESENTATION('',(#7926),#7930);
#7926 = LINE('',#7927,#7928);
#7927 = CARTESIAN_POINT('',(0.,4.5));
#7928 = VECTOR('',#7929,1.);
#7929 = DIRECTION('',(1.,0.));
#7930 = ( GEOMETRIC_REPRESENTATION_CONTEXT(2) 
PARAMETRIC_REPRESENTATION_CONTEXT() REPRESENTATION_CONTEXT('2D SPACE',''
  ) );
#7931 = ORIENTED_EDGE('',*,*,#7932,.T.);
#7932 = EDGE_CURVE('',#7905,#7258,#7933,.T.);
#7933 = SURFACE_CURVE('',#7934,(#7939,#7950),.PCURVE_S1.);
#7934 = CIRCLE('',#7935,1.1);
#7935 = AXIS2_PLACEMENT_3D('',#7936,#7937,#7938);
#7936 = CARTESIAN_POINT('',(-41.5,39.,2.2));
#7937 = DIRECTION('',(0.,0.,-1.));
#7938 = DIRECTION('',(-1.,0.,0.));
#7939 = PCURVE('',#5265,#7940);
#7940 = DEFINITIONAL_REPRESENTATION('',(#7941),#7949);
#7941 = ( BOUNDED_CURVE() B_SPLINE_CURVE(2,(#7942,#7943,#7944,#7945,
#7946,#7947,#7948),.UNSPECIFIED.,.T.,.F.) B_SPLINE_CURVE_WITH_KNOTS((1,2
    ,2,2,2,1),(-2.094395102393,0.,2.094395102393,4.188790204786,
6.28318530718,8.377580409573),.UNSPECIFIED.) CURVE() 
GEOMETRIC_REPRESENTATION_ITEM() RATIONAL_B_SPLINE_CURVE((1.,0.5,1.,0.5,
1.,0.5,1.)) REPRESENTATION_ITEM('') );
#7942 = CARTESIAN_POINT('',(-1.1,0.));
#7943 = CARTESIAN_POINT('',(-1.1,1.905255888326));
#7944 = CARTESIAN_POINT('',(0.55,0.952627944163));
#7945 = CARTESIAN_POINT('',(2.2,2.694222958124E-16));
#7946 = CARTESIAN_POINT('',(0.55,-0.952627944163));
#7947 = CARTESIAN_POINT('',(-1.1,-1.905255888326));
#7948 = CARTESIAN_POINT('',(-1.1,0.));
#7949 = ( GEOMETRIC_REPRESENTATION_CONTEXT(2) 
PARAMETRIC_REPRESENTATION_CONTEXT() REPRESENTATION_CONTEXT('2D SPACE',''
  ) );
#7950 = PCURVE('',#5231,#7951);
#7951 = DEFINITIONAL_REPRESENTATION('',(#7952),#7956);
#7952 = LINE('',#7953,#7954);
#7953 = CARTESIAN_POINT('',(0.,4.5));
#7954 = VECTOR('',#7955,1.);
#7955 = DIRECTION('',(1.,0.));
#7956 = ( GEOMETRIC_REPRESENTATION_CONTEXT(2) 
PARAMETRIC_REPRESENTATION_CONTEXT() REPRESENTATION_CONTEXT('2D SPACE',''
  ) );
#7957 = ADVANCED_FACE('',(#7958),#5231,.F.);
#7958 = FACE_BOUND('',#7959,.F.);
#7959 = EDGE_LOOP('',(#7960,#7961,#7984,#8010,#8011,#8012,#8013,#8014));
#7960 = ORIENTED_EDGE('',*,*,#7932,.F.);
#7961 = ORIENTED_EDGE('',*,*,#7962,.F.);
#7962 = EDGE_CURVE('',#7963,#7905,#7965,.T.);
#7963 = VERTEX_POINT('',#7964);
#7964 = CARTESIAN_POINT('',(-42.6,39.,5.7));
#7965 = SEAM_CURVE('',#7966,(#7970,#7977),.PCURVE_S1.);
#7966 = LINE('',#7967,#7968);
#7967 = CARTESIAN_POINT('',(-42.6,39.,6.7));
#7968 = VECTOR('',#7969,1.);
#7969 = DIRECTION('',(0.,0.,-1.));
#7970 = PCURVE('',#5231,#7971);
#7971 = DEFINITIONAL_REPRESENTATION('',(#7972),#7976);
#7972 = LINE('',#7973,#7974);
#7973 = CARTESIAN_POINT('',(6.28318530718,-0.));
#7974 = VECTOR('',#7975,1.);
#7975 = DIRECTION('',(0.,1.));
#7976 = ( GEOMETRIC_REPRESENTATION_CONTEXT(2) 
PARAMETRIC_REPRESENTATION_CONTEXT() REPRESENTATION_CONTEXT('2D SPACE',''
  ) );
#7977 = PCURVE('',#5231,#7978);
#7978 = DEFINITIONAL_REPRESENTATION('',(#7979),#7983);
#7979 = LINE('',#7980,#7981);
#7980 = CARTESIAN_POINT('',(0.,-0.));
#7981 = VECTOR('',#7982,1.);
#7982 = DIRECTION('',(0.,1.));
#7983 = ( GEOMETRIC_REPRESENTATION_CONTEXT(2) 
PARAMETRIC_REPRESENTATION_CONTEXT() REPRESENTATION_CONTEXT('2D SPACE',''
  ) );
#7984 = ORIENTED_EDGE('',*,*,#7985,.T.);
#7985 = EDGE_CURVE('',#7963,#7963,#7986,.T.);
#7986 = SURFACE_CURVE('',#7987,(#7992,#7999),.PCURVE_S1.);
#7987 = CIRCLE('',#7988,1.1);
#7988 = AXIS2_PLACEMENT_3D('',#7989,#7990,#7991);
#7989 = CARTESIAN_POINT('',(-41.5,39.,5.7));
#7990 = DIRECTION('',(0.,0.,-1.));
#7991 = DIRECTION('',(-1.,0.,0.));
#7992 = PCURVE('',#5231,#7993);
#7993 = DEFINITIONAL_REPRESENTATION('',(#7994),#7998);
#7994 = LINE('',#7995,#7996);
#7995 = CARTESIAN_POINT('',(0.,1.));
#7996 = VECTOR('',#7997,1.);
#7997 = DIRECTION('',(1.,0.));
#7998 = ( GEOMETRIC_REPRESENTATION_CONTEXT(2) 
PARAMETRIC_REPRESENTATION_CONTEXT() REPRESENTATION_CONTEXT('2D SPACE',''
  ) );
#7999 = PCURVE('',#7064,#8000);
#8000 = DEFINITIONAL_REPRESENTATION('',(#8001),#8009);
#8001 = ( BOUNDED_CURVE() B_SPLINE_CURVE(2,(#8002,#8003,#8004,#8005,
#8006,#8007,#8008),.UNSPECIFIED.,.T.,.F.) B_SPLINE_CURVE_WITH_KNOTS((1,2
    ,2,2,2,1),(-2.094395102393,0.,2.094395102393,4.188790204786,
6.28318530718,8.377580409573),.UNSPECIFIED.) CURVE() 
GEOMETRIC_REPRESENTATION_ITEM() RATIONAL_B_SPLINE_CURVE((1.,0.5,1.,0.5,
1.,0.5,1.)) REPRESENTATION_ITEM('') );
#8002 = CARTESIAN_POINT('',(-1.1,0.));
#8003 = CARTESIAN_POINT('',(-1.1,1.905255888326));
#8004 = CARTESIAN_POINT('',(0.55,0.952627944163));
#8005 = CARTESIAN_POINT('',(2.2,2.694222958124E-16));
#8006 = CARTESIAN_POINT('',(0.55,-0.952627944163));
#8007 = CARTESIAN_POINT('',(-1.1,-1.905255888326));
#8008 = CARTESIAN_POINT('',(-1.1,0.));
#8009 = ( GEOMETRIC_REPRESENTATION_CONTEXT(2) 
PARAMETRIC_REPRESENTATION_CONTEXT() REPRESENTATION_CONTEXT('2D SPACE',''
  ) );
#8010 = ORIENTED_EDGE('',*,*,#7962,.T.);
#8011 = ORIENTED_EDGE('',*,*,#7904,.F.);
#8012 = ORIENTED_EDGE('',*,*,#5197,.F.);
#8013 = ORIENTED_EDGE('',*,*,#7791,.F.);
#8014 = ORIENTED_EDGE('',*,*,#7279,.F.);
#8015 = ADVANCED_FACE('',(#8016),#5553,.F.);
#8016 = FACE_BOUND('',#8017,.F.);
#8017 = EDGE_LOOP('',(#8018,#8019,#8020,#8042));
#8018 = ORIENTED_EDGE('',*,*,#7820,.T.);
#8019 = ORIENTED_EDGE('',*,*,#5535,.T.);
#8020 = ORIENTED_EDGE('',*,*,#8021,.F.);
#8021 = EDGE_CURVE('',#6639,#5510,#8022,.T.);
#8022 = SURFACE_CURVE('',#8023,(#8028,#8035),.PCURVE_S1.);
#8023 = CIRCLE('',#8024,3.2);
#8024 = AXIS2_PLACEMENT_3D('',#8025,#8026,#8027);
#8025 = CARTESIAN_POINT('',(-14.,41.,1.2));
#8026 = DIRECTION('',(-0.,0.,1.));
#8027 = DIRECTION('',(0.935787625967,-0.352564205623,0.));
#8028 = PCURVE('',#5553,#8029);
#8029 = DEFINITIONAL_REPRESENTATION('',(#8030),#8034);
#8030 = LINE('',#8031,#8032);
#8031 = CARTESIAN_POINT('',(5.922875455436,1.2));
#8032 = VECTOR('',#8033,1.);
#8033 = DIRECTION('',(1.,0.));
#8034 = ( GEOMETRIC_REPRESENTATION_CONTEXT(2) 
PARAMETRIC_REPRESENTATION_CONTEXT() REPRESENTATION_CONTEXT('2D SPACE',''
  ) );
#8035 = PCURVE('',#5524,#8036);
#8036 = DEFINITIONAL_REPRESENTATION('',(#8037),#8041);
#8037 = CIRCLE('',#8038,3.2);
#8038 = AXIS2_PLACEMENT_2D('',#8039,#8040);
#8039 = CARTESIAN_POINT('',(0.,0.));
#8040 = DIRECTION('',(0.935787625967,-0.352564205623));
#8041 = ( GEOMETRIC_REPRESENTATION_CONTEXT(2) 
PARAMETRIC_REPRESENTATION_CONTEXT() REPRESENTATION_CONTEXT('2D SPACE',''
  ) );
#8042 = ORIENTED_EDGE('',*,*,#6638,.T.);
#8043 = ADVANCED_FACE('',(#8044),#5524,.F.);
#8044 = FACE_BOUND('',#8045,.F.);
#8045 = EDGE_LOOP('',(#8046,#8047,#8048,#8049));
#8046 = ORIENTED_EDGE('',*,*,#8021,.T.);
#8047 = ORIENTED_EDGE('',*,*,#5509,.T.);
#8048 = ORIENTED_EDGE('',*,*,#6993,.T.);
#8049 = ORIENTED_EDGE('',*,*,#6667,.T.);
#8050 = ADVANCED_FACE('',(#8051),#5963,.F.);
#8051 = FACE_BOUND('',#8052,.T.);
#8052 = EDGE_LOOP('',(#8053,#8083,#8104,#8105,#8106,#8107,#8108,#8136));
#8053 = ORIENTED_EDGE('',*,*,#8054,.F.);
#8054 = EDGE_CURVE('',#8055,#8057,#8059,.T.);
#8055 = VERTEX_POINT('',#8056);
#8056 = CARTESIAN_POINT('',(-36.5,49.,9.2));
#8057 = VERTEX_POINT('',#8058);
#8058 = CARTESIAN_POINT('',(-40.,49.,12.7));
#8059 = SURFACE_CURVE('',#8060,(#8065,#8072),.PCURVE_S1.);
#8060 = CIRCLE('',#8061,3.5);
#8061 = AXIS2_PLACEMENT_3D('',#8062,#8063,#8064);
#8062 = CARTESIAN_POINT('',(-40.,49.,9.2));
#8063 = DIRECTION('',(0.,-1.,0.));
#8064 = DIRECTION('',(1.,0.,0.));
#8065 = PCURVE('',#5963,#8066);
#8066 = DEFINITIONAL_REPRESENTATION('',(#8067),#8071);
#8067 = LINE('',#8068,#8069);
#8068 = CARTESIAN_POINT('',(-0.,0.));
#8069 = VECTOR('',#8070,1.);
#8070 = DIRECTION('',(-1.,0.));
#8071 = ( GEOMETRIC_REPRESENTATION_CONTEXT(2) 
PARAMETRIC_REPRESENTATION_CONTEXT() REPRESENTATION_CONTEXT('2D SPACE',''
  ) );
#8072 = PCURVE('',#7885,#8073);
#8073 = DEFINITIONAL_REPRESENTATION('',(#8074),#8082);
#8074 = ( BOUNDED_CURVE() B_SPLINE_CURVE(2,(#8075,#8076,#8077,#8078,
#8079,#8080,#8081),.UNSPECIFIED.,.T.,.F.) B_SPLINE_CURVE_WITH_KNOTS((1,2
    ,2,2,2,1),(-2.094395102393,0.,2.094395102393,4.188790204786,
6.28318530718,8.377580409573),.UNSPECIFIED.) CURVE() 
GEOMETRIC_REPRESENTATION_ITEM() RATIONAL_B_SPLINE_CURVE((1.,0.5,1.,0.5,
1.,0.5,1.)) REPRESENTATION_ITEM('') );
#8075 = CARTESIAN_POINT('',(3.5,-9.2));
#8076 = CARTESIAN_POINT('',(3.5,-15.26217782649));
#8077 = CARTESIAN_POINT('',(-1.75,-12.23108891324));
#8078 = CARTESIAN_POINT('',(-7.,-9.2));
#8079 = CARTESIAN_POINT('',(-1.75,-6.168911086754));
#8080 = CARTESIAN_POINT('',(3.5,-3.137822173509));
#8081 = CARTESIAN_POINT('',(3.5,-9.2));
#8082 = ( GEOMETRIC_REPRESENTATION_CONTEXT(2) 
PARAMETRIC_REPRESENTATION_CONTEXT() REPRESENTATION_CONTEXT('2D SPACE',''
  ) );
#8083 = ORIENTED_EDGE('',*,*,#8084,.T.);
#8084 = EDGE_CURVE('',#8055,#6066,#8085,.T.);
#8085 = SEAM_CURVE('',#8086,(#8090,#8097),.PCURVE_S1.);
#8086 = LINE('',#8087,#8088);
#8087 = CARTESIAN_POINT('',(-36.5,49.,9.2));
#8088 = VECTOR('',#8089,1.);
#8089 = DIRECTION('',(0.,-1.,0.));
#8090 = PCURVE('',#5963,#8091);
#8091 = DEFINITIONAL_REPRESENTATION('',(#8092),#8096);
#8092 = LINE('',#8093,#8094);
#8093 = CARTESIAN_POINT('',(-6.28318530718,0.));
#8094 = VECTOR('',#8095,1.);
#8095 = DIRECTION('',(-0.,-1.));
#8096 = ( GEOMETRIC_REPRESENTATION_CONTEXT(2) 
PARAMETRIC_REPRESENTATION_CONTEXT() REPRESENTATION_CONTEXT('2D SPACE',''
  ) );
#8097 = PCURVE('',#5963,#8098);
#8098 = DEFINITIONAL_REPRESENTATION('',(#8099),#8103);
#8099 = LINE('',#8100,#8101);
#8100 = CARTESIAN_POINT('',(-0.,0.));
#8101 = VECTOR('',#8102,1.);
#8102 = DIRECTION('',(-0.,-1.));
#8103 = ( GEOMETRIC_REPRESENTATION_CONTEXT(2) 
PARAMETRIC_REPRESENTATION_CONTEXT() REPRESENTATION_CONTEXT('2D SPACE',''
  ) );
#8104 = ORIENTED_EDGE('',*,*,#6089,.F.);
#8105 = ORIENTED_EDGE('',*,*,#5819,.T.);
#8106 = ORIENTED_EDGE('',*,*,#6065,.F.);
#8107 = ORIENTED_EDGE('',*,*,#8084,.F.);
#8108 = ORIENTED_EDGE('',*,*,#8109,.F.);
#8109 = EDGE_CURVE('',#8110,#8055,#8112,.T.);
#8110 = VERTEX_POINT('',#8111);
#8111 = CARTESIAN_POINT('',(-40.,49.,5.7));
#8112 = SURFACE_CURVE('',#8113,(#8118,#8125),.PCURVE_S1.);
#8113 = CIRCLE('',#8114,3.5);
#8114 = AXIS2_PLACEMENT_3D('',#8115,#8116,#8117);
#8115 = CARTESIAN_POINT('',(-40.,49.,9.2));
#8116 = DIRECTION('',(0.,-1.,0.));
#8117 = DIRECTION('',(1.,0.,0.));
#8118 = PCURVE('',#5963,#8119);
#8119 = DEFINITIONAL_REPRESENTATION('',(#8120),#8124);
#8120 = LINE('',#8121,#8122);
#8121 = CARTESIAN_POINT('',(-0.,0.));
#8122 = VECTOR('',#8123,1.);
#8123 = DIRECTION('',(-1.,0.));
#8124 = ( GEOMETRIC_REPRESENTATION_CONTEXT(2) 
PARAMETRIC_REPRESENTATION_CONTEXT() REPRESENTATION_CONTEXT('2D SPACE',''
  ) );
#8125 = PCURVE('',#7885,#8126);
#8126 = DEFINITIONAL_REPRESENTATION('',(#8127),#8135);
#8127 = ( BOUNDED_CURVE() B_SPLINE_CURVE(2,(#8128,#8129,#8130,#8131,
#8132,#8133,#8134),.UNSPECIFIED.,.T.,.F.) B_SPLINE_CURVE_WITH_KNOTS((1,2
    ,2,2,2,1),(-2.094395102393,0.,2.094395102393,4.188790204786,
6.28318530718,8.377580409573),.UNSPECIFIED.) CURVE() 
GEOMETRIC_REPRESENTATION_ITEM() RATIONAL_B_SPLINE_CURVE((1.,0.5,1.,0.5,
1.,0.5,1.)) REPRESENTATION_ITEM('') );
#8128 = CARTESIAN_POINT('',(3.5,-9.2));
#8129 = CARTESIAN_POINT('',(3.5,-15.26217782649));
#8130 = CARTESIAN_POINT('',(-1.75,-12.23108891324));
#8131 = CARTESIAN_POINT('',(-7.,-9.2));
#8132 = CARTESIAN_POINT('',(-1.75,-6.168911086754));
#8133 = CARTESIAN_POINT('',(3.5,-3.137822173509));
#8134 = CARTESIAN_POINT('',(3.5,-9.2));
#8135 = ( GEOMETRIC_REPRESENTATION_CONTEXT(2) 
PARAMETRIC_REPRESENTATION_CONTEXT() REPRESENTATION_CONTEXT('2D SPACE',''
  ) );
#8136 = ORIENTED_EDGE('',*,*,#8137,.F.);
#8137 = EDGE_CURVE('',#8057,#8110,#8138,.T.);
#8138 = SURFACE_CURVE('',#8139,(#8178,#8220),.PCURVE_S1.);
#8139 = B_SPLINE_CURVE_WITH_KNOTS('',7,(#8140,#8141,#8142,#8143,#8144,
    #8145,#8146,#8147,#8148,#8149,#8150,#8151,#8152,#8153,#8154,#8155,
    #8156,#8157,#8158,#8159,#8160,#8161,#8162,#8163,#8164,#8165,#8166,
    #8167,#8168,#8169,#8170,#8171,#8172,#8173,#8174,#8175,#8176,#8177),
  .UNSPECIFIED.,.F.,.F.,(8,6,6,6,6,6,8),(0.,0.14117213414,0.330375600394
    ,0.499962517619,0.723633667017,0.916241108572,1.),.UNSPECIFIED.);
#8140 = CARTESIAN_POINT('',(-40.,49.,12.7));
#8141 = CARTESIAN_POINT('',(-40.27031561497,49.,12.7));
#8142 = CARTESIAN_POINT('',(-40.53838258409,48.992896339491,
    12.675642878074));
#8143 = CARTESIAN_POINT('',(-40.80060304119,48.978899510704,
    12.627659505404));
#8144 = CARTESIAN_POINT('',(-41.05351985976,48.958765469365,
    12.557644317215));
#8145 = CARTESIAN_POINT('',(-41.29397451032,48.93372163517,
    12.468036409565));
#8146 = CARTESIAN_POINT('',(-41.51926140981,48.905294262592,
    12.362127101993));
#8147 = CARTESIAN_POINT('',(-42.00607035723,48.83448566269,
    12.08590213456));
#8148 = CARTESIAN_POINT('',(-42.25709958249,48.790174589022,
    11.904084196964));
#8149 = CARTESIAN_POINT('',(-42.48065778487,48.744745660356,
    11.703994850719));
#8150 = CARTESIAN_POINT('',(-42.67759260531,48.700356039013,
    11.489695338649));
#8151 = CARTESIAN_POINT('',(-42.84892795788,48.658624997632,
    11.264288533624));
#8152 = CARTESIAN_POINT('',(-42.9956446003,48.620770459649,
    11.030128862737));
#8153 = CARTESIAN_POINT('',(-43.22866109677,48.558060241052,
    10.572808238809));
#8154 = CARTESIAN_POINT('',(-43.31968217703,48.532254554511,
    10.350956860842));
#8155 = CARTESIAN_POINT('',(-43.39203478059,48.510967605932,
    10.124841262843));
#8156 = CARTESIAN_POINT('',(-43.44606634907,48.494685942601,
    9.895666678536));
#8157 = CARTESIAN_POINT('',(-43.48201551293,48.483724213217,
    9.664487513569));
#8158 = CARTESIAN_POINT('',(-43.5,48.478240283249,9.432277868655));
#8159 = CARTESIAN_POINT('',(-43.5,48.478240283249,8.893644658965));
#8160 = CARTESIAN_POINT('',(-43.46871581187,48.487779624515,
    8.587598355541));
#8161 = CARTESIAN_POINT('',(-43.40625854443,48.506824304983,
    8.283917809465));
#8162 = CARTESIAN_POINT('',(-43.31224906371,48.534903257543,
    7.984758603879));
#8163 = CARTESIAN_POINT('',(-43.1859048372,48.571091237388,
    7.692596528323));
#8164 = CARTESIAN_POINT('',(-43.02611471751,48.613901724013,
    7.410533928001));
#8165 = CARTESIAN_POINT('',(-42.66402429939,48.701824537429,
    6.912159222924));
#8166 = CARTESIAN_POINT('',(-42.46989902039,48.745988232765,
    6.691039986244));
#8167 = CARTESIAN_POINT('',(-42.2482692545,48.792202049366,
    6.482773606124));
#8168 = CARTESIAN_POINT('',(-41.99848595712,48.83851968229,
    6.291400887684));
#8169 = CARTESIAN_POINT('',(-41.72030627233,48.882468207471,
    6.121704211294));
#8170 = CARTESIAN_POINT('',(-41.41414349616,48.921061874114,
    5.97936529037));
#8171 = CARTESIAN_POINT('',(-40.93692919889,48.964248948891,
    5.824308965864));
#8172 = CARTESIAN_POINT('',(-40.7875630951,48.975707589303,
    5.783882420959));
#8173 = CARTESIAN_POINT('',(-40.63427457828,48.985229333994,
    5.750761864935));
#8174 = CARTESIAN_POINT('',(-40.47794045615,48.992559460766,
    5.72551028982));
#8175 = CARTESIAN_POINT('',(-40.31948275025,48.997515777468,
    5.708517387762));
#8176 = CARTESIAN_POINT('',(-40.15985027781,49.,5.7));
#8177 = CARTESIAN_POINT('',(-40.,49.,5.7));
#8178 = PCURVE('',#5963,#8179);
#8179 = DEFINITIONAL_REPRESENTATION('',(#8180),#8219);
#8180 = B_SPLINE_CURVE_WITH_KNOTS('',7,(#8181,#8182,#8183,#8184,#8185,
    #8186,#8187,#8188,#8189,#8190,#8191,#8192,#8193,#8194,#8195,#8196,
    #8197,#8198,#8199,#8200,#8201,#8202,#8203,#8204,#8205,#8206,#8207,
    #8208,#8209,#8210,#8211,#8212,#8213,#8214,#8215,#8216,#8217,#8218),
  .UNSPECIFIED.,.F.,.F.,(8,6,6,6,6,6,8),(0.,0.14117213414,0.330375600394
    ,0.499962517619,0.723633667017,0.916241108572,1.),.UNSPECIFIED.);
#8181 = CARTESIAN_POINT('',(-1.570796326795,0.));
#8182 = CARTESIAN_POINT('',(-1.648029359645,0.));
#8183 = CARTESIAN_POINT('',(-1.724619854853,-7.103660509214E-03));
#8184 = CARTESIAN_POINT('',(-1.800292736241,-2.11004892956E-02));
#8185 = CARTESIAN_POINT('',(-1.874755125106,-4.123453063504E-02));
#8186 = CARTESIAN_POINT('',(-1.947663759441,-6.627836483048E-02));
#8187 = CARTESIAN_POINT('',(-2.018580385237,-9.470573740811E-02));
#8188 = CARTESIAN_POINT('',(-2.178499544387,-0.16551433731));
#8189 = CARTESIAN_POINT('',(-2.266516487817,-0.209825410978));
#8190 = CARTESIAN_POINT('',(-2.351537531629,-0.255254339644));
#8191 = CARTESIAN_POINT('',(-2.434017587172,-0.299643960987));
#8192 = CARTESIAN_POINT('',(-2.514380016844,-0.341375002368));
#8193 = CARTESIAN_POINT('',(-2.59302159336,-0.379229540351));
#8194 = CARTESIAN_POINT('',(-2.739668146287,-0.441939758948));
#8195 = CARTESIAN_POINT('',(-2.807952172025,-0.467745445489));
#8196 = CARTESIAN_POINT('',(-2.875443691193,-0.489032394068));
#8197 = CARTESIAN_POINT('',(-2.942353579873,-0.505314057399));
#8198 = CARTESIAN_POINT('',(-3.008881839625,-0.516275786783));
#8199 = CARTESIAN_POINT('',(-3.07522754826,-0.521759716751));
#8200 = CARTESIAN_POINT('',(-3.229122751028,-0.521759716751));
#8201 = CARTESIAN_POINT('',(-3.316564494874,-0.512220375485));
#8202 = CARTESIAN_POINT('',(-3.404425964068,-0.493175695017));
#8203 = CARTESIAN_POINT('',(-3.493175572271,-0.465096742457));
#8204 = CARTESIAN_POINT('',(-3.583307476435,-0.428908762612));
#8205 = CARTESIAN_POINT('',(-3.675340572994,-0.386098275987));
#8206 = CARTESIAN_POINT('',(-3.851347719777,-0.298175462571));
#8207 = CARTESIAN_POINT('',(-3.935059937399,-0.254011767235));
#8208 = CARTESIAN_POINT('',(-4.021303186284,-0.207797950634));
#8209 = CARTESIAN_POINT('',(-4.110353564667,-0.16148031771));
#8210 = CARTESIAN_POINT('',(-4.202554524243,-0.117531792529));
#8211 = CARTESIAN_POINT('',(-4.298315563867,-7.89381258855E-02));
#8212 = CARTESIAN_POINT('',(-4.441679222851,-3.575105110924E-02));
#8213 = CARTESIAN_POINT('',(-4.485835817159,-2.429241069692E-02));
#8214 = CARTESIAN_POINT('',(-4.530547195015,-1.47706660057E-02));
#8215 = CARTESIAN_POINT('',(-4.575678952794,-7.440539233877E-03));
#8216 = CARTESIAN_POINT('',(-4.621108198304,-2.48422253237E-03));
#8217 = CARTESIAN_POINT('',(-4.666717472438,0.));
#8218 = CARTESIAN_POINT('',(-4.712388980385,0.));
#8219 = ( GEOMETRIC_REPRESENTATION_CONTEXT(2) 
PARAMETRIC_REPRESENTATION_CONTEXT() REPRESENTATION_CONTEXT('2D SPACE',''
  ) );
#8220 = PCURVE('',#7472,#8221);
#8221 = DEFINITIONAL_REPRESENTATION('',(#8222),#8261);
#8222 = B_SPLINE_CURVE_WITH_KNOTS('',7,(#8223,#8224,#8225,#8226,#8227,
    #8228,#8229,#8230,#8231,#8232,#8233,#8234,#8235,#8236,#8237,#8238,
    #8239,#8240,#8241,#8242,#8243,#8244,#8245,#8246,#8247,#8248,#8249,
    #8250,#8251,#8252,#8253,#8254,#8255,#8256,#8257,#8258,#8259,#8260),
  .UNSPECIFIED.,.F.,.F.,(8,6,6,6,6,6,8),(0.,0.14117213414,0.330375600394
    ,0.499962517619,0.723633667017,0.916241108572,1.),.UNSPECIFIED.);
#8223 = CARTESIAN_POINT('',(1.570796326795,-12.7));
#8224 = CARTESIAN_POINT('',(1.548270025547,-12.7));
#8225 = CARTESIAN_POINT('',(1.5259310913,-12.67564287807));
#8226 = CARTESIAN_POINT('',(1.504060794146,-12.6276595054));
#8227 = CARTESIAN_POINT('',(1.482929643969,-12.55764431721));
#8228 = CARTESIAN_POINT('',(1.462791302895,-12.46803640956));
#8229 = CARTESIAN_POINT('',(1.443871892625,-12.36212710199));
#8230 = CARTESIAN_POINT('',(1.402877583305,-12.08590213456));
#8231 = CARTESIAN_POINT('',(1.381644816957,-11.90408419696));
#8232 = CARTESIAN_POINT('',(1.362642890907,-11.70399485071));
#8233 = CARTESIAN_POINT('',(1.345824956224,-11.48969533865));
#8234 = CARTESIAN_POINT('',(1.331131904562,-11.26428853362));
#8235 = CARTESIAN_POINT('',(1.318505797464,-11.03012886273));
#8236 = CARTESIAN_POINT('',(1.298396847835,-10.5728082388));
#8237 = CARTESIAN_POINT('',(1.290513507394,-10.35095686084));
#8238 = CARTESIAN_POINT('',(1.284228889905,-10.12484126284));
#8239 = CARTESIAN_POINT('',(1.279526291739,-9.895666678536));
#8240 = CARTESIAN_POINT('',(1.276394358491,-9.664487513569));
#8241 = CARTESIAN_POINT('',(1.274827523436,-9.432277868655));
#8242 = CARTESIAN_POINT('',(1.274827523436,-8.893644658965));
#8243 = CARTESIAN_POINT('',(1.277553043326,-8.587598355541));
#8244 = CARTESIAN_POINT('',(1.282994413663,-8.283917809465));
#8245 = CARTESIAN_POINT('',(1.291170354961,-7.984758603878));
#8246 = CARTESIAN_POINT('',(1.30212089414,-7.692596528323));
#8247 = CARTESIAN_POINT('',(1.315902534471,-7.410533928001));
#8248 = CARTESIAN_POINT('',(1.346953555658,-6.912159222924));
#8249 = CARTESIAN_POINT('',(1.363542278995,-6.691039986244));
#8250 = CARTESIAN_POINT('',(1.382403421599,-6.482773606124));
#8251 = CARTESIAN_POINT('',(1.403563082211,-6.291400887684));
#8252 = CARTESIAN_POINT('',(1.427015711137,-6.121704211294));
#8253 = CARTESIAN_POINT('',(1.452715298095,-5.97936529037));
#8254 = CARTESIAN_POINT('',(1.492645672302,-5.824308965864));
#8255 = CARTESIAN_POINT('',(1.505128253355,-5.783882420959));
#8256 = CARTESIAN_POINT('',(1.517924711701,-5.750761864935));
#8257 = CARTESIAN_POINT('',(1.530964098677,-5.72551028982));
#8258 = CARTESIAN_POINT('',(1.544172762794,-5.708517387762));
#8259 = CARTESIAN_POINT('',(1.55747547031,-5.7));
#8260 = CARTESIAN_POINT('',(1.570796326795,-5.7));
#8261 = ( GEOMETRIC_REPRESENTATION_CONTEXT(2) 
PARAMETRIC_REPRESENTATION_CONTEXT() REPRESENTATION_CONTEXT('2D SPACE',''
  ) );
#8262 = ADVANCED_FACE('',(#8263),#5780,.T.);
#8263 = FACE_BOUND('',#8264,.T.);
#8264 = EDGE_LOOP('',(#8265,#8288,#8289,#8308,#8309,#8310,#8311,#8330,
    #8331,#8354,#8382,#8410));
#8265 = ORIENTED_EDGE('',*,*,#8266,.F.);
#8266 = EDGE_CURVE('',#7610,#8267,#8269,.T.);
#8267 = VERTEX_POINT('',#8268);
#8268 = CARTESIAN_POINT('',(-50.,43.633249580711,21.));
#8269 = SURFACE_CURVE('',#8270,(#8274,#8281),.PCURVE_S1.);
#8270 = LINE('',#8271,#8272);
#8271 = CARTESIAN_POINT('',(-50.,0.,21.));
#8272 = VECTOR('',#8273,1.);
#8273 = DIRECTION('',(0.,1.,0.));
#8274 = PCURVE('',#5780,#8275);
#8275 = DEFINITIONAL_REPRESENTATION('',(#8276),#8280);
#8276 = LINE('',#8277,#8278);
#8277 = CARTESIAN_POINT('',(-19.99999999452,1.73210767953E-15));
#8278 = VECTOR('',#8279,1.);
#8279 = DIRECTION('',(0.,1.));
#8280 = ( GEOMETRIC_REPRESENTATION_CONTEXT(2) 
PARAMETRIC_REPRESENTATION_CONTEXT() REPRESENTATION_CONTEXT('2D SPACE',''
  ) );
#8281 = PCURVE('',#7626,#8282);
#8282 = DEFINITIONAL_REPRESENTATION('',(#8283),#8287);
#8283 = LINE('',#8284,#8285);
#8284 = CARTESIAN_POINT('',(47.,0.));
#8285 = VECTOR('',#8286,1.);
#8286 = DIRECTION('',(1.,0.));
#8287 = ( GEOMETRIC_REPRESENTATION_CONTEXT(2) 
PARAMETRIC_REPRESENTATION_CONTEXT() REPRESENTATION_CONTEXT('2D SPACE',''
  ) );
#8288 = ORIENTED_EDGE('',*,*,#7638,.T.);
#8289 = ORIENTED_EDGE('',*,*,#8290,.F.);
#8290 = EDGE_CURVE('',#5736,#7639,#8291,.T.);
#8291 = SURFACE_CURVE('',#8292,(#8296,#8302),.PCURVE_S1.);
#8292 = LINE('',#8293,#8294);
#8293 = CARTESIAN_POINT('',(-49.8,-18.5,21.));
#8294 = VECTOR('',#8295,1.);
#8295 = DIRECTION('',(0.,-1.,0.));
#8296 = PCURVE('',#5780,#8297);
#8297 = DEFINITIONAL_REPRESENTATION('',(#8298),#8301);
#8298 = B_SPLINE_CURVE_WITH_KNOTS('',1,(#8299,#8300),.UNSPECIFIED.,.F.,
  .F.,(2,2),(-55.5,18.5),.PIECEWISE_BEZIER_KNOTS.);
#8299 = CARTESIAN_POINT('',(-19.79999999452,37.));
#8300 = CARTESIAN_POINT('',(-19.79999999452,-37.));
#8301 = ( GEOMETRIC_REPRESENTATION_CONTEXT(2) 
PARAMETRIC_REPRESENTATION_CONTEXT() REPRESENTATION_CONTEXT('2D SPACE',''
  ) );
#8302 = PCURVE('',#5751,#8303);
#8303 = DEFINITIONAL_REPRESENTATION('',(#8304),#8307);
#8304 = B_SPLINE_CURVE_WITH_KNOTS('',1,(#8305,#8306),.UNSPECIFIED.,.F.,
  .F.,(2,2),(-55.5,18.5),.PIECEWISE_BEZIER_KNOTS.);
#8305 = CARTESIAN_POINT('',(74.,-18.8));
#8306 = CARTESIAN_POINT('',(0.,-18.8));
#8307 = ( GEOMETRIC_REPRESENTATION_CONTEXT(2) 
PARAMETRIC_REPRESENTATION_CONTEXT() REPRESENTATION_CONTEXT('2D SPACE',''
  ) );
#8308 = ORIENTED_EDGE('',*,*,#5763,.T.);
#8309 = ORIENTED_EDGE('',*,*,#6112,.F.);
#8310 = ORIENTED_EDGE('',*,*,#6394,.T.);
#8311 = ORIENTED_EDGE('',*,*,#8312,.T.);
#8312 = EDGE_CURVE('',#6395,#6739,#8313,.T.);
#8313 = SURFACE_CURVE('',#8314,(#8318,#8324),.PCURVE_S1.);
#8314 = LINE('',#8315,#8316);
#8315 = CARTESIAN_POINT('',(-10.2,-18.5,21.));
#8316 = VECTOR('',#8317,1.);
#8317 = DIRECTION('',(0.,-1.,0.));
#8318 = PCURVE('',#5780,#8319);
#8319 = DEFINITIONAL_REPRESENTATION('',(#8320),#8323);
#8320 = B_SPLINE_CURVE_WITH_KNOTS('',1,(#8321,#8322),.UNSPECIFIED.,.F.,
  .F.,(2,2),(-55.5,18.5),.PIECEWISE_BEZIER_KNOTS.);
#8321 = CARTESIAN_POINT('',(19.800000005475,37.));
#8322 = CARTESIAN_POINT('',(19.800000005475,-37.));
#8323 = ( GEOMETRIC_REPRESENTATION_CONTEXT(2) 
PARAMETRIC_REPRESENTATION_CONTEXT() REPRESENTATION_CONTEXT('2D SPACE',''
  ) );
#8324 = PCURVE('',#6438,#8325);
#8325 = DEFINITIONAL_REPRESENTATION('',(#8326),#8329);
#8326 = B_SPLINE_CURVE_WITH_KNOTS('',1,(#8327,#8328),.UNSPECIFIED.,.F.,
  .F.,(2,2),(-55.5,18.5),.PIECEWISE_BEZIER_KNOTS.);
#8327 = CARTESIAN_POINT('',(74.,-18.8));
#8328 = CARTESIAN_POINT('',(0.,-18.8));
#8329 = ( GEOMETRIC_REPRESENTATION_CONTEXT(2) 
PARAMETRIC_REPRESENTATION_CONTEXT() REPRESENTATION_CONTEXT('2D SPACE',''
  ) );
#8330 = ORIENTED_EDGE('',*,*,#6766,.T.);
#8331 = ORIENTED_EDGE('',*,*,#8332,.T.);
#8332 = EDGE_CURVE('',#6767,#8333,#8335,.T.);
#8333 = VERTEX_POINT('',#8334);
#8334 = CARTESIAN_POINT('',(-10.,43.633249542874,21.));
#8335 = SURFACE_CURVE('',#8336,(#8340,#8347),.PCURVE_S1.);
#8336 = LINE('',#8337,#8338);
#8337 = CARTESIAN_POINT('',(-10.,0.,21.));
#8338 = VECTOR('',#8339,1.);
#8339 = DIRECTION('',(0.,1.,0.));
#8340 = PCURVE('',#5780,#8341);
#8341 = DEFINITIONAL_REPRESENTATION('',(#8342),#8346);
#8342 = LINE('',#8343,#8344);
#8343 = CARTESIAN_POINT('',(20.000000005475,1.73210767953E-15));
#8344 = VECTOR('',#8345,1.);
#8345 = DIRECTION('',(0.,1.));
#8346 = ( GEOMETRIC_REPRESENTATION_CONTEXT(2) 
PARAMETRIC_REPRESENTATION_CONTEXT() REPRESENTATION_CONTEXT('2D SPACE',''
  ) );
#8347 = PCURVE('',#6804,#8348);
#8348 = DEFINITIONAL_REPRESENTATION('',(#8349),#8353);
#8349 = LINE('',#8350,#8351);
#8350 = CARTESIAN_POINT('',(47.,0.));
#8351 = VECTOR('',#8352,1.);
#8352 = DIRECTION('',(1.,0.));
#8353 = ( GEOMETRIC_REPRESENTATION_CONTEXT(2) 
PARAMETRIC_REPRESENTATION_CONTEXT() REPRESENTATION_CONTEXT('2D SPACE',''
  ) );
#8354 = ORIENTED_EDGE('',*,*,#8355,.F.);
#8355 = EDGE_CURVE('',#8356,#8333,#8358,.T.);
#8356 = VERTEX_POINT('',#8357);
#8357 = CARTESIAN_POINT('',(-13.36675044438,47.,21.));
#8358 = SURFACE_CURVE('',#8359,(#8364,#8375),.PCURVE_S1.);
#8359 = CIRCLE('',#8360,12.);
#8360 = AXIS2_PLACEMENT_3D('',#8361,#8362,#8363);
#8361 = CARTESIAN_POINT('',(-20.00000002509,37.,21.));
#8362 = DIRECTION('',(0.,0.,-1.));
#8363 = DIRECTION('',(-1.,0.,0.));
#8364 = PCURVE('',#5780,#8365);
#8365 = DEFINITIONAL_REPRESENTATION('',(#8366),#8374);
#8366 = ( BOUNDED_CURVE() B_SPLINE_CURVE(2,(#8367,#8368,#8369,#8370,
#8371,#8372,#8373),.UNSPECIFIED.,.T.,.F.) B_SPLINE_CURVE_WITH_KNOTS((1,2
    ,2,2,2,1),(-2.094395102393,0.,2.094395102393,4.188790204786,
6.28318530718,8.377580409573),.UNSPECIFIED.) CURVE() 
GEOMETRIC_REPRESENTATION_ITEM() RATIONAL_B_SPLINE_CURVE((1.,0.5,1.,0.5,
1.,0.5,1.)) REPRESENTATION_ITEM('') );
#8367 = CARTESIAN_POINT('',(-2.000000019623,37.));
#8368 = CARTESIAN_POINT('',(-2.000000019623,57.784609690827));
#8369 = CARTESIAN_POINT('',(15.999999980377,47.392304845413));
#8370 = CARTESIAN_POINT('',(33.999999980377,37.));
#8371 = CARTESIAN_POINT('',(15.999999980377,26.607695154587));
#8372 = CARTESIAN_POINT('',(-2.000000019623,16.215390309173));
#8373 = CARTESIAN_POINT('',(-2.000000019623,37.));
#8374 = ( GEOMETRIC_REPRESENTATION_CONTEXT(2) 
PARAMETRIC_REPRESENTATION_CONTEXT() REPRESENTATION_CONTEXT('2D SPACE',''
  ) );
#8375 = PCURVE('',#6966,#8376);
#8376 = DEFINITIONAL_REPRESENTATION('',(#8377),#8381);
#8377 = LINE('',#8378,#8379);
#8378 = CARTESIAN_POINT('',(0.,-21.));
#8379 = VECTOR('',#8380,1.);
#8380 = DIRECTION('',(1.,0.));
#8381 = ( GEOMETRIC_REPRESENTATION_CONTEXT(2) 
PARAMETRIC_REPRESENTATION_CONTEXT() REPRESENTATION_CONTEXT('2D SPACE',''
  ) );
#8382 = ORIENTED_EDGE('',*,*,#8383,.F.);
#8383 = EDGE_CURVE('',#8384,#8356,#8386,.T.);
#8384 = VERTEX_POINT('',#8385);
#8385 = CARTESIAN_POINT('',(-46.63324958071,47.,21.));
#8386 = SURFACE_CURVE('',#8387,(#8391,#8398),.PCURVE_S1.);
#8387 = LINE('',#8388,#8389);
#8388 = CARTESIAN_POINT('',(-30.,47.,21.));
#8389 = VECTOR('',#8390,1.);
#8390 = DIRECTION('',(1.,0.,0.));
#8391 = PCURVE('',#5780,#8392);
#8392 = DEFINITIONAL_REPRESENTATION('',(#8393),#8397);
#8393 = LINE('',#8394,#8395);
#8394 = CARTESIAN_POINT('',(5.474810553509E-09,47.));
#8395 = VECTOR('',#8396,1.);
#8396 = DIRECTION('',(1.,0.));
#8397 = ( GEOMETRIC_REPRESENTATION_CONTEXT(2) 
PARAMETRIC_REPRESENTATION_CONTEXT() REPRESENTATION_CONTEXT('2D SPACE',''
  ) );
#8398 = PCURVE('',#8399,#8404);
#8399 = PLANE('',#8400);
#8400 = AXIS2_PLACEMENT_3D('',#8401,#8402,#8403);
#8401 = CARTESIAN_POINT('',(-50.,47.,21.));
#8402 = DIRECTION('',(0.,-1.,0.));
#8403 = DIRECTION('',(1.,0.,0.));
#8404 = DEFINITIONAL_REPRESENTATION('',(#8405),#8409);
#8405 = LINE('',#8406,#8407);
#8406 = CARTESIAN_POINT('',(20.,0.));
#8407 = VECTOR('',#8408,1.);
#8408 = DIRECTION('',(1.,0.));
#8409 = ( GEOMETRIC_REPRESENTATION_CONTEXT(2) 
PARAMETRIC_REPRESENTATION_CONTEXT() REPRESENTATION_CONTEXT('2D SPACE',''
  ) );
#8410 = ORIENTED_EDGE('',*,*,#8411,.F.);
#8411 = EDGE_CURVE('',#8267,#8384,#8412,.T.);
#8412 = SURFACE_CURVE('',#8413,(#8418,#8429),.PCURVE_S1.);
#8413 = CIRCLE('',#8414,12.);
#8414 = AXIS2_PLACEMENT_3D('',#8415,#8416,#8417);
#8415 = CARTESIAN_POINT('',(-40.,37.,21.));
#8416 = DIRECTION('',(0.,0.,-1.));
#8417 = DIRECTION('',(-1.,0.,0.));
#8418 = PCURVE('',#5780,#8419);
#8419 = DEFINITIONAL_REPRESENTATION('',(#8420),#8428);
#8420 = ( BOUNDED_CURVE() B_SPLINE_CURVE(2,(#8421,#8422,#8423,#8424,
#8425,#8426,#8427),.UNSPECIFIED.,.T.,.F.) B_SPLINE_CURVE_WITH_KNOTS((1,2
    ,2,2,2,1),(-2.094395102393,0.,2.094395102393,4.188790204786,
6.28318530718,8.377580409573),.UNSPECIFIED.) CURVE() 
GEOMETRIC_REPRESENTATION_ITEM() RATIONAL_B_SPLINE_CURVE((1.,0.5,1.,0.5,
1.,0.5,1.)) REPRESENTATION_ITEM('') );
#8421 = CARTESIAN_POINT('',(-21.99999999452,37.));
#8422 = CARTESIAN_POINT('',(-21.99999999452,57.784609690827));
#8423 = CARTESIAN_POINT('',(-3.999999994525,47.392304845413));
#8424 = CARTESIAN_POINT('',(14.000000005475,37.));
#8425 = CARTESIAN_POINT('',(-3.999999994525,26.607695154587));
#8426 = CARTESIAN_POINT('',(-21.99999999452,16.215390309173));
#8427 = CARTESIAN_POINT('',(-21.99999999452,37.));
#8428 = ( GEOMETRIC_REPRESENTATION_CONTEXT(2) 
PARAMETRIC_REPRESENTATION_CONTEXT() REPRESENTATION_CONTEXT('2D SPACE',''
  ) );
#8429 = PCURVE('',#7472,#8430);
#8430 = DEFINITIONAL_REPRESENTATION('',(#8431),#8435);
#8431 = LINE('',#8432,#8433);
#8432 = CARTESIAN_POINT('',(0.,-21.));
#8433 = VECTOR('',#8434,1.);
#8434 = DIRECTION('',(1.,0.));
#8435 = ( GEOMETRIC_REPRESENTATION_CONTEXT(2) 
PARAMETRIC_REPRESENTATION_CONTEXT() REPRESENTATION_CONTEXT('2D SPACE',''
  ) );
#8436 = ADVANCED_FACE('',(#8437),#5751,.F.);
#8437 = FACE_BOUND('',#8438,.F.);
#8438 = EDGE_LOOP('',(#8439,#8440,#8441));
#8439 = ORIENTED_EDGE('',*,*,#5735,.F.);
#8440 = ORIENTED_EDGE('',*,*,#7659,.T.);
#8441 = ORIENTED_EDGE('',*,*,#8290,.F.);
#8442 = ADVANCED_FACE('',(#8443),#6173,.F.);
#8443 = FACE_BOUND('',#8444,.T.);
#8444 = EDGE_LOOP('',(#8445,#8521,#8542,#8543,#8544,#8545,#8546,#8608));
#8445 = ORIENTED_EDGE('',*,*,#8446,.F.);
#8446 = EDGE_CURVE('',#8447,#8449,#8451,.T.);
#8447 = VERTEX_POINT('',#8448);
#8448 = CARTESIAN_POINT('',(-16.5,48.478240275596,9.2));
#8449 = VERTEX_POINT('',#8450);
#8450 = CARTESIAN_POINT('',(-20.00000002509,49.,12.7));
#8451 = SURFACE_CURVE('',#8452,(#8473,#8497),.PCURVE_S1.);
#8452 = B_SPLINE_CURVE_WITH_KNOTS('',7,(#8453,#8454,#8455,#8456,#8457,
    #8458,#8459,#8460,#8461,#8462,#8463,#8464,#8465,#8466,#8467,#8468,
    #8469,#8470,#8471,#8472),.UNSPECIFIED.,.F.,.F.,(8,6,6,8),(0.,
    0.447310071468,0.832497203068,1.),.UNSPECIFIED.);
#8453 = CARTESIAN_POINT('',(-16.5,48.478240275596,9.2));
#8454 = CARTESIAN_POINT('',(-16.5,48.478240275596,9.50635534106));
#8455 = CARTESIAN_POINT('',(-16.53128418812,48.487779616938,
    9.812401644507));
#8456 = CARTESIAN_POINT('',(-16.59374145558,48.506824297559,
    10.116082190601));
#8457 = CARTESIAN_POINT('',(-16.6877509363,48.534903250345,
    10.415241396192));
#8458 = CARTESIAN_POINT('',(-16.81409516282,48.571091230488,
    10.70740347174));
#8459 = CARTESIAN_POINT('',(-16.9738852825,48.613901717482,
    10.989466072037));
#8460 = CARTESIAN_POINT('',(-17.3359757006,48.701824531716,
    11.487840777074));
#8461 = CARTESIAN_POINT('',(-17.53010097962,48.745988227497,
    11.70896001379));
#8462 = CARTESIAN_POINT('',(-17.75173074554,48.792202044596,
    11.917226393923));
#8463 = CARTESIAN_POINT('',(-18.00151404291,48.838519678064,
    12.108599112338));
#8464 = CARTESIAN_POINT('',(-18.27969372767,48.882468203839,
    12.2782957887));
#8465 = CARTESIAN_POINT('',(-18.5858565038,48.921061871136,
    12.420634709619));
#8466 = CARTESIAN_POINT('',(-19.06306828189,48.964248718942,
    12.575690215597));
#8467 = CARTESIAN_POINT('',(-19.21243427772,48.975707422014,
    12.616117007794));
#8468 = CARTESIAN_POINT('',(-19.36572460225,48.985229353722,
    12.649238219447));
#8469 = CARTESIAN_POINT('',(-19.52206150266,48.992559617646,
    12.674490257418));
#8470 = CARTESIAN_POINT('',(-19.68052157638,48.997515915306,
    12.691483085644));
#8471 = CARTESIAN_POINT('',(-19.84015417659,49.,12.700000001146));
#8472 = CARTESIAN_POINT('',(-20.00000002509,49.,12.7));
#8473 = PCURVE('',#6173,#8474);
#8474 = DEFINITIONAL_REPRESENTATION('',(#8475),#8496);
#8475 = B_SPLINE_CURVE_WITH_KNOTS('',7,(#8476,#8477,#8478,#8479,#8480,
    #8481,#8482,#8483,#8484,#8485,#8486,#8487,#8488,#8489,#8490,#8491,
    #8492,#8493,#8494,#8495),.UNSPECIFIED.,.F.,.F.,(8,6,6,8),(0.,
    0.447310071468,0.832497203068,1.),.UNSPECIFIED.);
#8476 = CARTESIAN_POINT('',(0.,-0.521759724404));
#8477 = CARTESIAN_POINT('',(-8.753009744564E-02,-0.521759724404));
#8478 = CARTESIAN_POINT('',(-0.174971841298,-0.512220383062));
#8479 = CARTESIAN_POINT('',(-0.262833310498,-0.493175702441));
#8480 = CARTESIAN_POINT('',(-0.351582918702,-0.465096749655));
#8481 = CARTESIAN_POINT('',(-0.441714822865,-0.428908769512));
#8482 = CARTESIAN_POINT('',(-0.533747919417,-0.386098282518));
#8483 = CARTESIAN_POINT('',(-0.709755066187,-0.298175468284));
#8484 = CARTESIAN_POINT('',(-0.793467283821,-0.254011772503));
#8485 = CARTESIAN_POINT('',(-0.879710532713,-0.207797955404));
#8486 = CARTESIAN_POINT('',(-0.968760911091,-0.161480321936));
#8487 = CARTESIAN_POINT('',(-1.060961870655,-0.117531796161));
#8488 = CARTESIAN_POINT('',(-1.156722910267,-7.89381288639E-02));
#8489 = CARTESIAN_POINT('',(-1.300085812447,-3.575128105787E-02));
#8490 = CARTESIAN_POINT('',(-1.344242399344,-2.429257798608E-02));
#8491 = CARTESIAN_POINT('',(-1.388954319271,-1.477064627823E-02));
#8492 = CARTESIAN_POINT('',(-1.434086871605,-7.44038235447E-03));
#8493 = CARTESIAN_POINT('',(-1.479516780904,-2.484084693588E-03));
#8494 = CARTESIAN_POINT('',(-1.525126091536,0.));
#8495 = CARTESIAN_POINT('',(-1.570796333966,0.));
#8496 = ( GEOMETRIC_REPRESENTATION_CONTEXT(2) 
PARAMETRIC_REPRESENTATION_CONTEXT() REPRESENTATION_CONTEXT('2D SPACE',''
  ) );
#8497 = PCURVE('',#6966,#8498);
#8498 = DEFINITIONAL_REPRESENTATION('',(#8499),#8520);
#8499 = B_SPLINE_CURVE_WITH_KNOTS('',7,(#8500,#8501,#8502,#8503,#8504,
    #8505,#8506,#8507,#8508,#8509,#8510,#8511,#8512,#8513,#8514,#8515,
    #8516,#8517,#8518,#8519),.UNSPECIFIED.,.F.,.F.,(8,6,6,8),(0.,
    0.447310071468,0.832497203068,1.),.UNSPECIFIED.);
#8500 = CARTESIAN_POINT('',(1.86676513234,-9.2));
#8501 = CARTESIAN_POINT('',(1.86676513234,-9.50635534106));
#8502 = CARTESIAN_POINT('',(1.864039612448,-9.812401644507));
#8503 = CARTESIAN_POINT('',(1.858598242106,-10.1160821906));
#8504 = CARTESIAN_POINT('',(1.850422300803,-10.41524139619));
#8505 = CARTESIAN_POINT('',(1.839471761616,-10.70740347174));
#8506 = CARTESIAN_POINT('',(1.825690121277,-10.98946607203));
#8507 = CARTESIAN_POINT('',(1.794639100076,-11.48784077707));
#8508 = CARTESIAN_POINT('',(1.778050376729,-11.70896001379));
#8509 = CARTESIAN_POINT('',(1.759189234115,-11.91722639392));
#8510 = CARTESIAN_POINT('',(1.738029573495,-12.10859911233));
#8511 = CARTESIAN_POINT('',(1.714576944565,-12.2782957887));
#8512 = CARTESIAN_POINT('',(1.688877357603,-12.42063470961));
#8513 = CARTESIAN_POINT('',(1.648947194177,-12.57569021559));
#8514 = CARTESIAN_POINT('',(1.636464621674,-12.61611700779));
#8515 = CARTESIAN_POINT('',(1.623668011949,-12.64923821944));
#8516 = CARTESIAN_POINT('',(1.610628393371,-12.67449025741));
#8517 = CARTESIAN_POINT('',(1.597419532334,-12.69148308564));
#8518 = CARTESIAN_POINT('',(1.58411681417,-12.70000000114));
#8519 = CARTESIAN_POINT('',(1.570796326795,-12.7));
#8520 = ( GEOMETRIC_REPRESENTATION_CONTEXT(2) 
PARAMETRIC_REPRESENTATION_CONTEXT() REPRESENTATION_CONTEXT('2D SPACE',''
  ) );
#8521 = ORIENTED_EDGE('',*,*,#8522,.T.);
#8522 = EDGE_CURVE('',#8447,#6212,#8523,.T.);
#8523 = SEAM_CURVE('',#8524,(#8528,#8535),.PCURVE_S1.);
#8524 = LINE('',#8525,#8526);
#8525 = CARTESIAN_POINT('',(-16.5,49.,9.2));
#8526 = VECTOR('',#8527,1.);
#8527 = DIRECTION('',(0.,-1.,0.));
#8528 = PCURVE('',#6173,#8529);
#8529 = DEFINITIONAL_REPRESENTATION('',(#8530),#8534);
#8530 = LINE('',#8531,#8532);
#8531 = CARTESIAN_POINT('',(-6.28318530718,0.));
#8532 = VECTOR('',#8533,1.);
#8533 = DIRECTION('',(-0.,-1.));
#8534 = ( GEOMETRIC_REPRESENTATION_CONTEXT(2) 
PARAMETRIC_REPRESENTATION_CONTEXT() REPRESENTATION_CONTEXT('2D SPACE',''
  ) );
#8535 = PCURVE('',#6173,#8536);
#8536 = DEFINITIONAL_REPRESENTATION('',(#8537),#8541);
#8537 = LINE('',#8538,#8539);
#8538 = CARTESIAN_POINT('',(-0.,0.));
#8539 = VECTOR('',#8540,1.);
#8540 = DIRECTION('',(-0.,-1.));
#8541 = ( GEOMETRIC_REPRESENTATION_CONTEXT(2) 
PARAMETRIC_REPRESENTATION_CONTEXT() REPRESENTATION_CONTEXT('2D SPACE',''
  ) );
#8542 = ORIENTED_EDGE('',*,*,#6303,.T.);
#8543 = ORIENTED_EDGE('',*,*,#6156,.F.);
#8544 = ORIENTED_EDGE('',*,*,#6211,.T.);
#8545 = ORIENTED_EDGE('',*,*,#8522,.F.);
#8546 = ORIENTED_EDGE('',*,*,#8547,.F.);
#8547 = EDGE_CURVE('',#8548,#8447,#8550,.T.);
#8548 = VERTEX_POINT('',#8549);
#8549 = CARTESIAN_POINT('',(-20.00000002509,49.,5.7));
#8550 = SURFACE_CURVE('',#8551,(#8568,#8588),.PCURVE_S1.);
#8551 = B_SPLINE_CURVE_WITH_KNOTS('',8,(#8552,#8553,#8554,#8555,#8556,
    #8557,#8558,#8559,#8560,#8561,#8562,#8563,#8564,#8565,#8566,#8567),
  .UNSPECIFIED.,.F.,.F.,(9,7,9),(0.,0.282612778632,1.),.UNSPECIFIED.);
#8552 = CARTESIAN_POINT('',(-20.00000002509,49.,5.7));
#8553 = CARTESIAN_POINT('',(-19.76347386214,49.,5.699999998304));
#8554 = CARTESIAN_POINT('',(-19.52863418359,48.994672254625,
    5.71826783804));
#8555 = CARTESIAN_POINT('',(-19.29772965558,48.984148321521,
    5.754346724701));
#8556 = CARTESIAN_POINT('',(-19.07293857453,48.968832490052,
    5.807348081843));
#8557 = CARTESIAN_POINT('',(-18.85630967063,48.949374031503,
    5.875958639731));
#8558 = CARTESIAN_POINT('',(-18.64970378827,48.926614791869,
    5.958440907513));
#8559 = CARTESIAN_POINT('',(-18.45473644355,48.901512127199,
    6.052627028932));
#8560 = CARTESIAN_POINT('',(-17.81069201699,48.807832903658,
    6.418070492376));
#8561 = CARTESIAN_POINT('',(-17.42296122596,48.730455413798,
    6.74402404942));
#8562 = CARTESIAN_POINT('',(-17.10831254303,48.654069590488,
    7.111329876888));
#8563 = CARTESIAN_POINT('',(-16.86237882381,48.586785109393,
    7.505749814009));
#8564 = CARTESIAN_POINT('',(-16.68096130709,48.533415189239,
    7.917478048192));
#8565 = CARTESIAN_POINT('',(-16.56070950241,48.496753079801,
    8.340002090003));
#8566 = CARTESIAN_POINT('',(-16.5,48.478240275596,8.768809353763));
#8567 = CARTESIAN_POINT('',(-16.5,48.478240275596,9.2));
#8568 = PCURVE('',#6173,#8569);
#8569 = DEFINITIONAL_REPRESENTATION('',(#8570),#8587);
#8570 = B_SPLINE_CURVE_WITH_KNOTS('',8,(#8571,#8572,#8573,#8574,#8575,
    #8576,#8577,#8578,#8579,#8580,#8581,#8582,#8583,#8584,#8585,#8586),
  .UNSPECIFIED.,.F.,.F.,(9,7,9),(0.,0.282612778632,1.),.UNSPECIFIED.);
#8571 = CARTESIAN_POINT('',(-4.712388973214,0.));
#8572 = CARTESIAN_POINT('',(-4.779967876914,0.));
#8573 = CARTESIAN_POINT('',(-4.847064877342,-5.327745375203E-03));
#8574 = CARTESIAN_POINT('',(-4.913508051949,-1.585167847899E-02));
#8575 = CARTESIAN_POINT('',(-4.979116576889,-3.116750994842E-02));
#8576 = CARTESIAN_POINT('',(-5.043688509241,-5.062596849654E-02));
#8577 = CARTESIAN_POINT('',(-5.106985562234,-7.338520813124E-02));
#8578 = CARTESIAN_POINT('',(-5.168714873494,-9.848787280077E-02));
#8579 = CARTESIAN_POINT('',(-5.380286668298,-0.192167096342));
#8580 = CARTESIAN_POINT('',(-5.522597915505,-0.269544586202));
#8581 = CARTESIAN_POINT('',(-5.657900480368,-0.345930409512));
#8582 = CARTESIAN_POINT('',(-5.7878409994,-0.413214890607));
#8583 = CARTESIAN_POINT('',(-5.913904296655,-0.466584810761));
#8584 = CARTESIAN_POINT('',(-6.037470967526,-0.503246920199));
#8585 = CARTESIAN_POINT('',(-6.159987979683,-0.521759724404));
#8586 = CARTESIAN_POINT('',(-6.28318530718,-0.521759724404));
#8587 = ( GEOMETRIC_REPRESENTATION_CONTEXT(2) 
PARAMETRIC_REPRESENTATION_CONTEXT() REPRESENTATION_CONTEXT('2D SPACE',''
  ) );
#8588 = PCURVE('',#6966,#8589);
#8589 = DEFINITIONAL_REPRESENTATION('',(#8590),#8607);
#8590 = B_SPLINE_CURVE_WITH_KNOTS('',8,(#8591,#8592,#8593,#8594,#8595,
    #8596,#8597,#8598,#8599,#8600,#8601,#8602,#8603,#8604,#8605,#8606),
  .UNSPECIFIED.,.F.,.F.,(9,7,9),(0.,0.282612778632,1.),.UNSPECIFIED.);
#8591 = CARTESIAN_POINT('',(1.570796326795,-5.7));
#8592 = CARTESIAN_POINT('',(1.590506840374,-5.699999998304));
#8593 = CARTESIAN_POINT('',(1.610076828702,-5.71826783804));
#8594 = CARTESIAN_POINT('',(1.629330497988,-5.754346724701));
#8595 = CARTESIAN_POINT('',(1.648097434539,-5.807348081843));
#8596 = CARTESIAN_POINT('',(1.666214887585,-5.875958639731));
#8597 = CARTESIAN_POINT('',(1.683531203398,-5.958440907513));
#8598 = CARTESIAN_POINT('',(1.699910410674,-6.052627028932));
#8599 = CARTESIAN_POINT('',(1.754145560992,-6.418070492376));
#8600 = CARTESIAN_POINT('',(1.787048092026,-6.74402404942));
#8601 = CARTESIAN_POINT('',(1.81400201264,-7.111329876887));
#8602 = CARTESIAN_POINT('',(1.835242154127,-7.505749814009));
#8603 = CARTESIAN_POINT('',(1.85099945669,-7.917478048192));
#8604 = CARTESIAN_POINT('',(1.861476054331,-8.340002090003));
#8605 = CARTESIAN_POINT('',(1.86676513234,-8.768809353763));
#8606 = CARTESIAN_POINT('',(1.86676513234,-9.2));
#8607 = ( GEOMETRIC_REPRESENTATION_CONTEXT(2) 
PARAMETRIC_REPRESENTATION_CONTEXT() REPRESENTATION_CONTEXT('2D SPACE',''
  ) );
#8608 = ORIENTED_EDGE('',*,*,#8609,.F.);
#8609 = EDGE_CURVE('',#8449,#8548,#8610,.T.);
#8610 = SURFACE_CURVE('',#8611,(#8616,#8623),.PCURVE_S1.);
#8611 = CIRCLE('',#8612,3.5);
#8612 = AXIS2_PLACEMENT_3D('',#8613,#8614,#8615);
#8613 = CARTESIAN_POINT('',(-20.,49.,9.2));
#8614 = DIRECTION('',(0.,-1.,0.));
#8615 = DIRECTION('',(1.,0.,0.));
#8616 = PCURVE('',#6173,#8617);
#8617 = DEFINITIONAL_REPRESENTATION('',(#8618),#8622);
#8618 = LINE('',#8619,#8620);
#8619 = CARTESIAN_POINT('',(-0.,0.));
#8620 = VECTOR('',#8621,1.);
#8621 = DIRECTION('',(-1.,0.));
#8622 = ( GEOMETRIC_REPRESENTATION_CONTEXT(2) 
PARAMETRIC_REPRESENTATION_CONTEXT() REPRESENTATION_CONTEXT('2D SPACE',''
  ) );
#8623 = PCURVE('',#7885,#8624);
#8624 = DEFINITIONAL_REPRESENTATION('',(#8625),#8633);
#8625 = ( BOUNDED_CURVE() B_SPLINE_CURVE(2,(#8626,#8627,#8628,#8629,
#8630,#8631,#8632),.UNSPECIFIED.,.T.,.F.) B_SPLINE_CURVE_WITH_KNOTS((1,2
    ,2,2,2,1),(-2.094395102393,0.,2.094395102393,4.188790204786,
6.28318530718,8.377580409573),.UNSPECIFIED.) CURVE() 
GEOMETRIC_REPRESENTATION_ITEM() RATIONAL_B_SPLINE_CURVE((1.,0.5,1.,0.5,
1.,0.5,1.)) REPRESENTATION_ITEM('') );
#8626 = CARTESIAN_POINT('',(23.5,-9.2));
#8627 = CARTESIAN_POINT('',(23.5,-15.26217782649));
#8628 = CARTESIAN_POINT('',(18.25,-12.23108891324));
#8629 = CARTESIAN_POINT('',(13.,-9.2));
#8630 = CARTESIAN_POINT('',(18.25,-6.168911086754));
#8631 = CARTESIAN_POINT('',(23.5,-3.137822173509));
#8632 = CARTESIAN_POINT('',(23.5,-9.2));
#8633 = ( GEOMETRIC_REPRESENTATION_CONTEXT(2) 
PARAMETRIC_REPRESENTATION_CONTEXT() REPRESENTATION_CONTEXT('2D SPACE',''
  ) );
#8634 = ADVANCED_FACE('',(#8635),#6438,.T.);
#8635 = FACE_BOUND('',#8636,.T.);
#8636 = EDGE_LOOP('',(#8637,#8638,#8639));
#8637 = ORIENTED_EDGE('',*,*,#6422,.F.);
#8638 = ORIENTED_EDGE('',*,*,#6738,.T.);
#8639 = ORIENTED_EDGE('',*,*,#8312,.F.);
#8640 = ADVANCED_FACE('',(#8641),#6966,.T.);
#8641 = FACE_BOUND('',#8642,.T.);
#8642 = EDGE_LOOP('',(#8643,#8644,#8665,#8666,#8667,#8690,#8723,#8749,
    #8782,#8801,#8802,#8823,#8851,#8872,#8900,#8921));
#8643 = ORIENTED_EDGE('',*,*,#7843,.F.);
#8644 = ORIENTED_EDGE('',*,*,#8645,.T.);
#8645 = EDGE_CURVE('',#7844,#8548,#8646,.T.);
#8646 = SURFACE_CURVE('',#8647,(#8651,#8658),.PCURVE_S1.);
#8647 = LINE('',#8648,#8649);
#8648 = CARTESIAN_POINT('',(-20.00000002509,49.,0.));
#8649 = VECTOR('',#8650,1.);
#8650 = DIRECTION('',(0.,0.,1.));
#8651 = PCURVE('',#6966,#8652);
#8652 = DEFINITIONAL_REPRESENTATION('',(#8653),#8657);
#8653 = LINE('',#8654,#8655);
#8654 = CARTESIAN_POINT('',(1.570796326795,0.));
#8655 = VECTOR('',#8656,1.);
#8656 = DIRECTION('',(0.,-1.));
#8657 = ( GEOMETRIC_REPRESENTATION_CONTEXT(2) 
PARAMETRIC_REPRESENTATION_CONTEXT() REPRESENTATION_CONTEXT('2D SPACE',''
  ) );
#8658 = PCURVE('',#7885,#8659);
#8659 = DEFINITIONAL_REPRESENTATION('',(#8660),#8664);
#8660 = LINE('',#8661,#8662);
#8661 = CARTESIAN_POINT('',(19.999999974902,0.));
#8662 = VECTOR('',#8663,1.);
#8663 = DIRECTION('',(0.,-1.));
#8664 = ( GEOMETRIC_REPRESENTATION_CONTEXT(2) 
PARAMETRIC_REPRESENTATION_CONTEXT() REPRESENTATION_CONTEXT('2D SPACE',''
  ) );
#8665 = ORIENTED_EDGE('',*,*,#8547,.T.);
#8666 = ORIENTED_EDGE('',*,*,#8446,.T.);
#8667 = ORIENTED_EDGE('',*,*,#8668,.T.);
#8668 = EDGE_CURVE('',#8449,#8669,#8671,.T.);
#8669 = VERTEX_POINT('',#8670);
#8670 = CARTESIAN_POINT('',(-20.00000002509,49.,21.));
#8671 = SURFACE_CURVE('',#8672,(#8676,#8683),.PCURVE_S1.);
#8672 = LINE('',#8673,#8674);
#8673 = CARTESIAN_POINT('',(-20.00000002509,49.,0.));
#8674 = VECTOR('',#8675,1.);
#8675 = DIRECTION('',(0.,0.,1.));
#8676 = PCURVE('',#6966,#8677);
#8677 = DEFINITIONAL_REPRESENTATION('',(#8678),#8682);
#8678 = LINE('',#8679,#8680);
#8679 = CARTESIAN_POINT('',(1.570796326795,0.));
#8680 = VECTOR('',#8681,1.);
#8681 = DIRECTION('',(0.,-1.));
#8682 = ( GEOMETRIC_REPRESENTATION_CONTEXT(2) 
PARAMETRIC_REPRESENTATION_CONTEXT() REPRESENTATION_CONTEXT('2D SPACE',''
  ) );
#8683 = PCURVE('',#7885,#8684);
#8684 = DEFINITIONAL_REPRESENTATION('',(#8685),#8689);
#8685 = LINE('',#8686,#8687);
#8686 = CARTESIAN_POINT('',(19.999999974902,0.));
#8687 = VECTOR('',#8688,1.);
#8688 = DIRECTION('',(0.,-1.));
#8689 = ( GEOMETRIC_REPRESENTATION_CONTEXT(2) 
PARAMETRIC_REPRESENTATION_CONTEXT() REPRESENTATION_CONTEXT('2D SPACE',''
  ) );
#8690 = ORIENTED_EDGE('',*,*,#8691,.T.);
#8691 = EDGE_CURVE('',#8669,#8692,#8694,.T.);
#8692 = VERTEX_POINT('',#8693);
#8693 = CARTESIAN_POINT('',(-14.98103598856,47.9,21.));
#8694 = SURFACE_CURVE('',#8695,(#8700,#8707),.PCURVE_S1.);
#8695 = CIRCLE('',#8696,12.);
#8696 = AXIS2_PLACEMENT_3D('',#8697,#8698,#8699);
#8697 = CARTESIAN_POINT('',(-20.00000002509,37.,21.));
#8698 = DIRECTION('',(0.,0.,-1.));
#8699 = DIRECTION('',(-1.,0.,0.));
#8700 = PCURVE('',#6966,#8701);
#8701 = DEFINITIONAL_REPRESENTATION('',(#8702),#8706);
#8702 = LINE('',#8703,#8704);
#8703 = CARTESIAN_POINT('',(0.,-21.));
#8704 = VECTOR('',#8705,1.);
#8705 = DIRECTION('',(1.,0.));
#8706 = ( GEOMETRIC_REPRESENTATION_CONTEXT(2) 
PARAMETRIC_REPRESENTATION_CONTEXT() REPRESENTATION_CONTEXT('2D SPACE',''
  ) );
#8707 = PCURVE('',#8708,#8713);
#8708 = PLANE('',#8709);
#8709 = AXIS2_PLACEMENT_3D('',#8710,#8711,#8712);
#8710 = CARTESIAN_POINT('',(-30.00000000547,-1.73210767953E-15,21.));
#8711 = DIRECTION('',(0.,0.,1.));
#8712 = DIRECTION('',(1.,0.,0.));
#8713 = DEFINITIONAL_REPRESENTATION('',(#8714),#8722);
#8714 = ( BOUNDED_CURVE() B_SPLINE_CURVE(2,(#8715,#8716,#8717,#8718,
#8719,#8720,#8721),.UNSPECIFIED.,.T.,.F.) B_SPLINE_CURVE_WITH_KNOTS((1,2
    ,2,2,2,1),(-2.094395102393,0.,2.094395102393,4.188790204786,
6.28318530718,8.377580409573),.UNSPECIFIED.) CURVE() 
GEOMETRIC_REPRESENTATION_ITEM() RATIONAL_B_SPLINE_CURVE((1.,0.5,1.,0.5,
1.,0.5,1.)) REPRESENTATION_ITEM('') );
#8715 = CARTESIAN_POINT('',(-2.000000019623,37.));
#8716 = CARTESIAN_POINT('',(-2.000000019623,57.784609690827));
#8717 = CARTESIAN_POINT('',(15.999999980377,47.392304845413));
#8718 = CARTESIAN_POINT('',(33.999999980377,37.));
#8719 = CARTESIAN_POINT('',(15.999999980377,26.607695154587));
#8720 = CARTESIAN_POINT('',(-2.000000019623,16.215390309173));
#8721 = CARTESIAN_POINT('',(-2.000000019623,37.));
#8722 = ( GEOMETRIC_REPRESENTATION_CONTEXT(2) 
PARAMETRIC_REPRESENTATION_CONTEXT() REPRESENTATION_CONTEXT('2D SPACE',''
  ) );
#8723 = ORIENTED_EDGE('',*,*,#8724,.T.);
#8724 = EDGE_CURVE('',#8692,#8725,#8727,.T.);
#8725 = VERTEX_POINT('',#8726);
#8726 = CARTESIAN_POINT('',(-14.98103598856,47.9,19.5));
#8727 = SURFACE_CURVE('',#8728,(#8732,#8738),.PCURVE_S1.);
#8728 = LINE('',#8729,#8730);
#8729 = CARTESIAN_POINT('',(-14.98103598856,47.9,0.));
#8730 = VECTOR('',#8731,1.);
#8731 = DIRECTION('',(0.,0.,-1.));
#8732 = PCURVE('',#6966,#8733);
#8733 = DEFINITIONAL_REPRESENTATION('',(#8734),#8737);
#8734 = B_SPLINE_CURVE_WITH_KNOTS('',1,(#8735,#8736),.UNSPECIFIED.,.F.,
  .F.,(2,2),(-21.0000006,-19.35),.PIECEWISE_BEZIER_KNOTS.);
#8735 = CARTESIAN_POINT('',(2.002310882506,-21.0000006));
#8736 = CARTESIAN_POINT('',(2.002310882506,-19.35));
#8737 = ( GEOMETRIC_REPRESENTATION_CONTEXT(2) 
PARAMETRIC_REPRESENTATION_CONTEXT() REPRESENTATION_CONTEXT('2D SPACE',''
  ) );
#8738 = PCURVE('',#8739,#8744);
#8739 = PLANE('',#8740);
#8740 = AXIS2_PLACEMENT_3D('',#8741,#8742,#8743);
#8741 = CARTESIAN_POINT('',(-50.9,47.9,21.));
#8742 = DIRECTION('',(0.,-1.,0.));
#8743 = DIRECTION('',(1.,0.,0.));
#8744 = DEFINITIONAL_REPRESENTATION('',(#8745),#8748);
#8745 = B_SPLINE_CURVE_WITH_KNOTS('',1,(#8746,#8747),.UNSPECIFIED.,.F.,
  .F.,(2,2),(-21.0000006,-19.35),.PIECEWISE_BEZIER_KNOTS.);
#8746 = CARTESIAN_POINT('',(35.918964011434,5.999999999062E-07));
#8747 = CARTESIAN_POINT('',(35.918964011434,-1.65));
#8748 = ( GEOMETRIC_REPRESENTATION_CONTEXT(2) 
PARAMETRIC_REPRESENTATION_CONTEXT() REPRESENTATION_CONTEXT('2D SPACE',''
  ) );
#8749 = ORIENTED_EDGE('',*,*,#8750,.T.);
#8750 = EDGE_CURVE('',#8725,#8751,#8753,.T.);
#8751 = VERTEX_POINT('',#8752);
#8752 = CARTESIAN_POINT('',(-13.36675044438,47.,19.5));
#8753 = SURFACE_CURVE('',#8754,(#8759,#8766),.PCURVE_S1.);
#8754 = CIRCLE('',#8755,12.);
#8755 = AXIS2_PLACEMENT_3D('',#8756,#8757,#8758);
#8756 = CARTESIAN_POINT('',(-20.00000002509,37.,19.5));
#8757 = DIRECTION('',(0.,0.,-1.));
#8758 = DIRECTION('',(-1.,0.,0.));
#8759 = PCURVE('',#6966,#8760);
#8760 = DEFINITIONAL_REPRESENTATION('',(#8761),#8765);
#8761 = LINE('',#8762,#8763);
#8762 = CARTESIAN_POINT('',(0.,-19.5));
#8763 = VECTOR('',#8764,1.);
#8764 = DIRECTION('',(1.,0.));
#8765 = ( GEOMETRIC_REPRESENTATION_CONTEXT(2) 
PARAMETRIC_REPRESENTATION_CONTEXT() REPRESENTATION_CONTEXT('2D SPACE',''
  ) );
#8766 = PCURVE('',#8767,#8772);
#8767 = PLANE('',#8768);
#8768 = AXIS2_PLACEMENT_3D('',#8769,#8770,#8771);
#8769 = CARTESIAN_POINT('',(-30.,0.,19.5));
#8770 = DIRECTION('',(0.,0.,1.));
#8771 = DIRECTION('',(1.,0.,0.));
#8772 = DEFINITIONAL_REPRESENTATION('',(#8773),#8781);
#8773 = ( BOUNDED_CURVE() B_SPLINE_CURVE(2,(#8774,#8775,#8776,#8777,
#8778,#8779,#8780),.UNSPECIFIED.,.T.,.F.) B_SPLINE_CURVE_WITH_KNOTS((1,2
    ,2,2,2,1),(-2.094395102393,0.,2.094395102393,4.188790204786,
6.28318530718,8.377580409573),.UNSPECIFIED.) CURVE() 
GEOMETRIC_REPRESENTATION_ITEM() RATIONAL_B_SPLINE_CURVE((1.,0.5,1.,0.5,
1.,0.5,1.)) REPRESENTATION_ITEM('') );
#8774 = CARTESIAN_POINT('',(-2.000000025098,37.));
#8775 = CARTESIAN_POINT('',(-2.000000025098,57.784609690827));
#8776 = CARTESIAN_POINT('',(15.999999974902,47.392304845413));
#8777 = CARTESIAN_POINT('',(33.999999974902,37.));
#8778 = CARTESIAN_POINT('',(15.999999974902,26.607695154587));
#8779 = CARTESIAN_POINT('',(-2.000000025098,16.215390309173));
#8780 = CARTESIAN_POINT('',(-2.000000025098,37.));
#8781 = ( GEOMETRIC_REPRESENTATION_CONTEXT(2) 
PARAMETRIC_REPRESENTATION_CONTEXT() REPRESENTATION_CONTEXT('2D SPACE',''
  ) );
#8782 = ORIENTED_EDGE('',*,*,#8783,.F.);
#8783 = EDGE_CURVE('',#8356,#8751,#8784,.T.);
#8784 = SURFACE_CURVE('',#8785,(#8789,#8795),.PCURVE_S1.);
#8785 = LINE('',#8786,#8787);
#8786 = CARTESIAN_POINT('',(-13.36675044438,47.,0.));
#8787 = VECTOR('',#8788,1.);
#8788 = DIRECTION('',(0.,0.,-1.));
#8789 = PCURVE('',#6966,#8790);
#8790 = DEFINITIONAL_REPRESENTATION('',(#8791),#8794);
#8791 = B_SPLINE_CURVE_WITH_KNOTS('',1,(#8792,#8793),.UNSPECIFIED.,.F.,
  .F.,(2,2),(-21.0000006,-19.35),.PIECEWISE_BEZIER_KNOTS.);
#8792 = CARTESIAN_POINT('',(2.156481870252,-21.0000006));
#8793 = CARTESIAN_POINT('',(2.156481870252,-19.35));
#8794 = ( GEOMETRIC_REPRESENTATION_CONTEXT(2) 
PARAMETRIC_REPRESENTATION_CONTEXT() REPRESENTATION_CONTEXT('2D SPACE',''
  ) );
#8795 = PCURVE('',#8399,#8796);
#8796 = DEFINITIONAL_REPRESENTATION('',(#8797),#8800);
#8797 = B_SPLINE_CURVE_WITH_KNOTS('',1,(#8798,#8799),.UNSPECIFIED.,.F.,
  .F.,(2,2),(-21.0000006,-19.35),.PIECEWISE_BEZIER_KNOTS.);
#8798 = CARTESIAN_POINT('',(36.633249555613,5.999999999062E-07));
#8799 = CARTESIAN_POINT('',(36.633249555613,-1.65));
#8800 = ( GEOMETRIC_REPRESENTATION_CONTEXT(2) 
PARAMETRIC_REPRESENTATION_CONTEXT() REPRESENTATION_CONTEXT('2D SPACE',''
  ) );
#8801 = ORIENTED_EDGE('',*,*,#8355,.T.);
#8802 = ORIENTED_EDGE('',*,*,#8803,.T.);
#8803 = EDGE_CURVE('',#8333,#8804,#8806,.T.);
#8804 = VERTEX_POINT('',#8805);
#8805 = CARTESIAN_POINT('',(-10.,43.633249542874,19.5));
#8806 = SURFACE_CURVE('',#8807,(#8811,#8817),.PCURVE_S1.);
#8807 = LINE('',#8808,#8809);
#8808 = CARTESIAN_POINT('',(-10.,43.633249542874,0.));
#8809 = VECTOR('',#8810,1.);
#8810 = DIRECTION('',(0.,0.,-1.));
#8811 = PCURVE('',#6966,#8812);
#8812 = DEFINITIONAL_REPRESENTATION('',(#8813),#8816);
#8813 = B_SPLINE_CURVE_WITH_KNOTS('',1,(#8814,#8815),.UNSPECIFIED.,.F.,
  .F.,(2,2),(-21.0000006,-19.35),.PIECEWISE_BEZIER_KNOTS.);
#8814 = CARTESIAN_POINT('',(2.555907113916,-21.0000006));
#8815 = CARTESIAN_POINT('',(2.555907113916,-19.35));
#8816 = ( GEOMETRIC_REPRESENTATION_CONTEXT(2) 
PARAMETRIC_REPRESENTATION_CONTEXT() REPRESENTATION_CONTEXT('2D SPACE',''
  ) );
#8817 = PCURVE('',#6804,#8818);
#8818 = DEFINITIONAL_REPRESENTATION('',(#8819),#8822);
#8819 = B_SPLINE_CURVE_WITH_KNOTS('',1,(#8820,#8821),.UNSPECIFIED.,.F.,
  .F.,(2,2),(-21.0000006,-19.35),.PIECEWISE_BEZIER_KNOTS.);
#8820 = CARTESIAN_POINT('',(90.633249542874,5.999999999062E-07));
#8821 = CARTESIAN_POINT('',(90.633249542874,-1.65));
#8822 = ( GEOMETRIC_REPRESENTATION_CONTEXT(2) 
PARAMETRIC_REPRESENTATION_CONTEXT() REPRESENTATION_CONTEXT('2D SPACE',''
  ) );
#8823 = ORIENTED_EDGE('',*,*,#8824,.T.);
#8824 = EDGE_CURVE('',#8804,#8825,#8827,.T.);
#8825 = VERTEX_POINT('',#8826);
#8826 = CARTESIAN_POINT('',(-9.1,42.018963982025,19.5));
#8827 = SURFACE_CURVE('',#8828,(#8833,#8840),.PCURVE_S1.);
#8828 = CIRCLE('',#8829,12.);
#8829 = AXIS2_PLACEMENT_3D('',#8830,#8831,#8832);
#8830 = CARTESIAN_POINT('',(-20.00000002509,37.,19.5));
#8831 = DIRECTION('',(0.,0.,-1.));
#8832 = DIRECTION('',(-1.,0.,0.));
#8833 = PCURVE('',#6966,#8834);
#8834 = DEFINITIONAL_REPRESENTATION('',(#8835),#8839);
#8835 = LINE('',#8836,#8837);
#8836 = CARTESIAN_POINT('',(0.,-19.5));
#8837 = VECTOR('',#8838,1.);
#8838 = DIRECTION('',(1.,0.));
#8839 = ( GEOMETRIC_REPRESENTATION_CONTEXT(2) 
PARAMETRIC_REPRESENTATION_CONTEXT() REPRESENTATION_CONTEXT('2D SPACE',''
  ) );
#8840 = PCURVE('',#6831,#8841);
#8841 = DEFINITIONAL_REPRESENTATION('',(#8842),#8850);
#8842 = ( BOUNDED_CURVE() B_SPLINE_CURVE(2,(#8843,#8844,#8845,#8846,
#8847,#8848,#8849),.UNSPECIFIED.,.T.,.F.) B_SPLINE_CURVE_WITH_KNOTS((1,2
    ,2,2,2,1),(-2.094395102393,0.,2.094395102393,4.188790204786,
6.28318530718,8.377580409573),.UNSPECIFIED.) CURVE() 
GEOMETRIC_REPRESENTATION_ITEM() RATIONAL_B_SPLINE_CURVE((1.,0.5,1.,0.5,
1.,0.5,1.)) REPRESENTATION_ITEM('') );
#8843 = CARTESIAN_POINT('',(-2.000000025098,37.));
#8844 = CARTESIAN_POINT('',(-2.000000025098,57.784609690827));
#8845 = CARTESIAN_POINT('',(15.999999974902,47.392304845413));
#8846 = CARTESIAN_POINT('',(33.999999974902,37.));
#8847 = CARTESIAN_POINT('',(15.999999974902,26.607695154587));
#8848 = CARTESIAN_POINT('',(-2.000000025098,16.215390309173));
#8849 = CARTESIAN_POINT('',(-2.000000025098,37.));
#8850 = ( GEOMETRIC_REPRESENTATION_CONTEXT(2) 
PARAMETRIC_REPRESENTATION_CONTEXT() REPRESENTATION_CONTEXT('2D SPACE',''
  ) );
#8851 = ORIENTED_EDGE('',*,*,#8852,.F.);
#8852 = EDGE_CURVE('',#8853,#8825,#8855,.T.);
#8853 = VERTEX_POINT('',#8854);
#8854 = CARTESIAN_POINT('',(-9.1,42.018963982026,21.));
#8855 = SURFACE_CURVE('',#8856,(#8860,#8866),.PCURVE_S1.);
#8856 = LINE('',#8857,#8858);
#8857 = CARTESIAN_POINT('',(-9.1,42.018963982025,0.));
#8858 = VECTOR('',#8859,1.);
#8859 = DIRECTION('',(0.,0.,-1.));
#8860 = PCURVE('',#6966,#8861);
#8861 = DEFINITIONAL_REPRESENTATION('',(#8862),#8865);
#8862 = B_SPLINE_CURVE_WITH_KNOTS('',1,(#8863,#8864),.UNSPECIFIED.,.F.,
  .F.,(2,2),(-21.0000006,-19.35),.PIECEWISE_BEZIER_KNOTS.);
#8863 = CARTESIAN_POINT('',(2.71007810288,-21.0000006));
#8864 = CARTESIAN_POINT('',(2.71007810288,-19.35));
#8865 = ( GEOMETRIC_REPRESENTATION_CONTEXT(2) 
PARAMETRIC_REPRESENTATION_CONTEXT() REPRESENTATION_CONTEXT('2D SPACE',''
  ) );
#8866 = PCURVE('',#6859,#8867);
#8867 = DEFINITIONAL_REPRESENTATION('',(#8868),#8871);
#8868 = B_SPLINE_CURVE_WITH_KNOTS('',1,(#8869,#8870),.UNSPECIFIED.,.F.,
  .F.,(2,2),(-21.0000006,-19.35),.PIECEWISE_BEZIER_KNOTS.);
#8869 = CARTESIAN_POINT('',(89.918963982025,5.999999999062E-07));
#8870 = CARTESIAN_POINT('',(89.918963982025,-1.65));
#8871 = ( GEOMETRIC_REPRESENTATION_CONTEXT(2) 
PARAMETRIC_REPRESENTATION_CONTEXT() REPRESENTATION_CONTEXT('2D SPACE',''
  ) );
#8872 = ORIENTED_EDGE('',*,*,#8873,.T.);
#8873 = EDGE_CURVE('',#8853,#8874,#8876,.T.);
#8874 = VERTEX_POINT('',#8875);
#8875 = CARTESIAN_POINT('',(-8.000000012549,37.,21.));
#8876 = SURFACE_CURVE('',#8877,(#8882,#8889),.PCURVE_S1.);
#8877 = CIRCLE('',#8878,12.);
#8878 = AXIS2_PLACEMENT_3D('',#8879,#8880,#8881);
#8879 = CARTESIAN_POINT('',(-20.00000002509,37.,21.));
#8880 = DIRECTION('',(0.,0.,-1.));
#8881 = DIRECTION('',(-1.,0.,0.));
#8882 = PCURVE('',#6966,#8883);
#8883 = DEFINITIONAL_REPRESENTATION('',(#8884),#8888);
#8884 = LINE('',#8885,#8886);
#8885 = CARTESIAN_POINT('',(0.,-21.));
#8886 = VECTOR('',#8887,1.);
#8887 = DIRECTION('',(1.,0.));
#8888 = ( GEOMETRIC_REPRESENTATION_CONTEXT(2) 
PARAMETRIC_REPRESENTATION_CONTEXT() REPRESENTATION_CONTEXT('2D SPACE',''
  ) );
#8889 = PCURVE('',#6886,#8890);
#8890 = DEFINITIONAL_REPRESENTATION('',(#8891),#8899);
#8891 = ( BOUNDED_CURVE() B_SPLINE_CURVE(2,(#8892,#8893,#8894,#8895,
#8896,#8897,#8898),.UNSPECIFIED.,.T.,.F.) B_SPLINE_CURVE_WITH_KNOTS((1,2
    ,2,2,2,1),(-2.094395102393,0.,2.094395102393,4.188790204786,
6.28318530718,8.377580409573),.UNSPECIFIED.) CURVE() 
GEOMETRIC_REPRESENTATION_ITEM() RATIONAL_B_SPLINE_CURVE((1.,0.5,1.,0.5,
1.,0.5,1.)) REPRESENTATION_ITEM('') );
#8892 = CARTESIAN_POINT('',(-2.000000019623,37.));
#8893 = CARTESIAN_POINT('',(-2.000000019623,57.784609690827));
#8894 = CARTESIAN_POINT('',(15.999999980377,47.392304845413));
#8895 = CARTESIAN_POINT('',(33.999999980377,37.));
#8896 = CARTESIAN_POINT('',(15.999999980377,26.607695154587));
#8897 = CARTESIAN_POINT('',(-2.000000019623,16.215390309173));
#8898 = CARTESIAN_POINT('',(-2.000000019623,37.));
#8899 = ( GEOMETRIC_REPRESENTATION_CONTEXT(2) 
PARAMETRIC_REPRESENTATION_CONTEXT() REPRESENTATION_CONTEXT('2D SPACE',''
  ) );
#8900 = ORIENTED_EDGE('',*,*,#8901,.F.);
#8901 = EDGE_CURVE('',#6898,#8874,#8902,.T.);
#8902 = SURFACE_CURVE('',#8903,(#8907,#8914),.PCURVE_S1.);
#8903 = LINE('',#8904,#8905);
#8904 = CARTESIAN_POINT('',(-8.000000012549,37.,0.));
#8905 = VECTOR('',#8906,1.);
#8906 = DIRECTION('',(0.,0.,1.));
#8907 = PCURVE('',#6966,#8908);
#8908 = DEFINITIONAL_REPRESENTATION('',(#8909),#8913);
#8909 = LINE('',#8910,#8911);
#8910 = CARTESIAN_POINT('',(3.14159265359,0.));
#8911 = VECTOR('',#8912,1.);
#8912 = DIRECTION('',(0.,-1.));
#8913 = ( GEOMETRIC_REPRESENTATION_CONTEXT(2) 
PARAMETRIC_REPRESENTATION_CONTEXT() REPRESENTATION_CONTEXT('2D SPACE',''
  ) );
#8914 = PCURVE('',#6914,#8915);
#8915 = DEFINITIONAL_REPRESENTATION('',(#8916),#8920);
#8916 = LINE('',#8917,#8918);
#8917 = CARTESIAN_POINT('',(74.,0.));
#8918 = VECTOR('',#8919,1.);
#8919 = DIRECTION('',(0.,-1.));
#8920 = ( GEOMETRIC_REPRESENTATION_CONTEXT(2) 
PARAMETRIC_REPRESENTATION_CONTEXT() REPRESENTATION_CONTEXT('2D SPACE',''
  ) );
#8921 = ORIENTED_EDGE('',*,*,#6930,.F.);
#8922 = ADVANCED_FACE('',(#8923),#6914,.F.);
#8923 = FACE_BOUND('',#8924,.F.);
#8924 = EDGE_LOOP('',(#8925,#8926,#8927));
#8925 = ORIENTED_EDGE('',*,*,#8901,.F.);
#8926 = ORIENTED_EDGE('',*,*,#6897,.T.);
#8927 = ORIENTED_EDGE('',*,*,#8928,.T.);
#8928 = EDGE_CURVE('',#6872,#8874,#8929,.T.);
#8929 = SURFACE_CURVE('',#8930,(#8934,#8941),.PCURVE_S1.);
#8930 = LINE('',#8931,#8932);
#8931 = CARTESIAN_POINT('',(-8.,0.,21.));
#8932 = VECTOR('',#8933,1.);
#8933 = DIRECTION('',(0.,1.,0.));
#8934 = PCURVE('',#6914,#8935);
#8935 = DEFINITIONAL_REPRESENTATION('',(#8936),#8940);
#8936 = LINE('',#8937,#8938);
#8937 = CARTESIAN_POINT('',(37.,-21.));
#8938 = VECTOR('',#8939,1.);
#8939 = DIRECTION('',(1.,0.));
#8940 = ( GEOMETRIC_REPRESENTATION_CONTEXT(2) 
PARAMETRIC_REPRESENTATION_CONTEXT() REPRESENTATION_CONTEXT('2D SPACE',''
  ) );
#8941 = PCURVE('',#6886,#8942);
#8942 = DEFINITIONAL_REPRESENTATION('',(#8943),#8947);
#8943 = LINE('',#8944,#8945);
#8944 = CARTESIAN_POINT('',(22.000000005475,1.73210767953E-15));
#8945 = VECTOR('',#8946,1.);
#8946 = DIRECTION('',(0.,1.));
#8947 = ( GEOMETRIC_REPRESENTATION_CONTEXT(2) 
PARAMETRIC_REPRESENTATION_CONTEXT() REPRESENTATION_CONTEXT('2D SPACE',''
  ) );
#8948 = ADVANCED_FACE('',(#8949),#6886,.T.);
#8949 = FACE_BOUND('',#8950,.T.);
#8950 = EDGE_LOOP('',(#8951,#8952,#8973,#8974));
#8951 = ORIENTED_EDGE('',*,*,#8873,.F.);
#8952 = ORIENTED_EDGE('',*,*,#8953,.F.);
#8953 = EDGE_CURVE('',#6843,#8853,#8954,.T.);
#8954 = SURFACE_CURVE('',#8955,(#8959,#8966),.PCURVE_S1.);
#8955 = LINE('',#8956,#8957);
#8956 = CARTESIAN_POINT('',(-9.1,0.,21.));
#8957 = VECTOR('',#8958,1.);
#8958 = DIRECTION('',(0.,1.,0.));
#8959 = PCURVE('',#6886,#8960);
#8960 = DEFINITIONAL_REPRESENTATION('',(#8961),#8965);
#8961 = LINE('',#8962,#8963);
#8962 = CARTESIAN_POINT('',(20.900000005475,1.73210767953E-15));
#8963 = VECTOR('',#8964,1.);
#8964 = DIRECTION('',(0.,1.));
#8965 = ( GEOMETRIC_REPRESENTATION_CONTEXT(2) 
PARAMETRIC_REPRESENTATION_CONTEXT() REPRESENTATION_CONTEXT('2D SPACE',''
  ) );
#8966 = PCURVE('',#6859,#8967);
#8967 = DEFINITIONAL_REPRESENTATION('',(#8968),#8972);
#8968 = LINE('',#8969,#8970);
#8969 = CARTESIAN_POINT('',(47.9,0.));
#8970 = VECTOR('',#8971,1.);
#8971 = DIRECTION('',(1.,0.));
#8972 = ( GEOMETRIC_REPRESENTATION_CONTEXT(2) 
PARAMETRIC_REPRESENTATION_CONTEXT() REPRESENTATION_CONTEXT('2D SPACE',''
  ) );
#8973 = ORIENTED_EDGE('',*,*,#6871,.T.);
#8974 = ORIENTED_EDGE('',*,*,#8928,.T.);
#8975 = ADVANCED_FACE('',(#8976),#6859,.F.);
#8976 = FACE_BOUND('',#8977,.F.);
#8977 = EDGE_LOOP('',(#8978,#8979,#8980,#9001));
#8978 = ORIENTED_EDGE('',*,*,#8953,.F.);
#8979 = ORIENTED_EDGE('',*,*,#6842,.F.);
#8980 = ORIENTED_EDGE('',*,*,#8981,.T.);
#8981 = EDGE_CURVE('',#6817,#8825,#8982,.T.);
#8982 = SURFACE_CURVE('',#8983,(#8987,#8994),.PCURVE_S1.);
#8983 = LINE('',#8984,#8985);
#8984 = CARTESIAN_POINT('',(-9.1,0.,19.5));
#8985 = VECTOR('',#8986,1.);
#8986 = DIRECTION('',(0.,1.,0.));
#8987 = PCURVE('',#6859,#8988);
#8988 = DEFINITIONAL_REPRESENTATION('',(#8989),#8993);
#8989 = LINE('',#8990,#8991);
#8990 = CARTESIAN_POINT('',(47.9,-1.5));
#8991 = VECTOR('',#8992,1.);
#8992 = DIRECTION('',(1.,0.));
#8993 = ( GEOMETRIC_REPRESENTATION_CONTEXT(2) 
PARAMETRIC_REPRESENTATION_CONTEXT() REPRESENTATION_CONTEXT('2D SPACE',''
  ) );
#8994 = PCURVE('',#6831,#8995);
#8995 = DEFINITIONAL_REPRESENTATION('',(#8996),#9000);
#8996 = LINE('',#8997,#8998);
#8997 = CARTESIAN_POINT('',(20.9,0.));
#8998 = VECTOR('',#8999,1.);
#8999 = DIRECTION('',(0.,1.));
#9000 = ( GEOMETRIC_REPRESENTATION_CONTEXT(2) 
PARAMETRIC_REPRESENTATION_CONTEXT() REPRESENTATION_CONTEXT('2D SPACE',''
  ) );
#9001 = ORIENTED_EDGE('',*,*,#8852,.F.);
#9002 = ADVANCED_FACE('',(#9003),#6831,.T.);
#9003 = FACE_BOUND('',#9004,.T.);
#9004 = EDGE_LOOP('',(#9005,#9006,#9007,#9008));
#9005 = ORIENTED_EDGE('',*,*,#6816,.T.);
#9006 = ORIENTED_EDGE('',*,*,#8981,.T.);
#9007 = ORIENTED_EDGE('',*,*,#8824,.F.);
#9008 = ORIENTED_EDGE('',*,*,#9009,.F.);
#9009 = EDGE_CURVE('',#6788,#8804,#9010,.T.);
#9010 = SURFACE_CURVE('',#9011,(#9015,#9022),.PCURVE_S1.);
#9011 = LINE('',#9012,#9013);
#9012 = CARTESIAN_POINT('',(-10.,0.,19.5));
#9013 = VECTOR('',#9014,1.);
#9014 = DIRECTION('',(0.,1.,0.));
#9015 = PCURVE('',#6831,#9016);
#9016 = DEFINITIONAL_REPRESENTATION('',(#9017),#9021);
#9017 = LINE('',#9018,#9019);
#9018 = CARTESIAN_POINT('',(20.,0.));
#9019 = VECTOR('',#9020,1.);
#9020 = DIRECTION('',(0.,1.));
#9021 = ( GEOMETRIC_REPRESENTATION_CONTEXT(2) 
PARAMETRIC_REPRESENTATION_CONTEXT() REPRESENTATION_CONTEXT('2D SPACE',''
  ) );
#9022 = PCURVE('',#6804,#9023);
#9023 = DEFINITIONAL_REPRESENTATION('',(#9024),#9028);
#9024 = LINE('',#9025,#9026);
#9025 = CARTESIAN_POINT('',(47.,-1.5));
#9026 = VECTOR('',#9027,1.);
#9027 = DIRECTION('',(1.,0.));
#9028 = ( GEOMETRIC_REPRESENTATION_CONTEXT(2) 
PARAMETRIC_REPRESENTATION_CONTEXT() REPRESENTATION_CONTEXT('2D SPACE',''
  ) );
#9029 = ADVANCED_FACE('',(#9030),#6804,.T.);
#9030 = FACE_BOUND('',#9031,.T.);
#9031 = EDGE_LOOP('',(#9032,#9033,#9034,#9035));
#9032 = ORIENTED_EDGE('',*,*,#8332,.F.);
#9033 = ORIENTED_EDGE('',*,*,#6787,.F.);
#9034 = ORIENTED_EDGE('',*,*,#9009,.T.);
#9035 = ORIENTED_EDGE('',*,*,#8803,.F.);
#9036 = ADVANCED_FACE('',(#9037,#9040),#7064,.T.);
#9037 = FACE_BOUND('',#9038,.T.);
#9038 = EDGE_LOOP('',(#9039));
#9039 = ORIENTED_EDGE('',*,*,#7049,.T.);
#9040 = FACE_BOUND('',#9041,.T.);
#9041 = EDGE_LOOP('',(#9042));
#9042 = ORIENTED_EDGE('',*,*,#7985,.T.);
#9043 = ADVANCED_FACE('',(#9044),#7197,.F.);
#9044 = FACE_BOUND('',#9045,.F.);
#9045 = EDGE_LOOP('',(#9046,#9068,#9069,#9070));
#9046 = ORIENTED_EDGE('',*,*,#9047,.T.);
#9047 = EDGE_CURVE('',#7149,#7689,#9048,.T.);
#9048 = SURFACE_CURVE('',#9049,(#9054,#9061),.PCURVE_S1.);
#9049 = CIRCLE('',#9050,3.2);
#9050 = AXIS2_PLACEMENT_3D('',#9051,#9052,#9053);
#9051 = CARTESIAN_POINT('',(-46.,41.,1.2));
#9052 = DIRECTION('',(-0.,0.,1.));
#9053 = DIRECTION('',(0.935787625967,-0.352564205623,0.));
#9054 = PCURVE('',#7197,#9055);
#9055 = DEFINITIONAL_REPRESENTATION('',(#9056),#9060);
#9056 = CIRCLE('',#9057,3.2);
#9057 = AXIS2_PLACEMENT_2D('',#9058,#9059);
#9058 = CARTESIAN_POINT('',(0.,0.));
#9059 = DIRECTION('',(0.935787625967,-0.352564205623));
#9060 = ( GEOMETRIC_REPRESENTATION_CONTEXT(2) 
PARAMETRIC_REPRESENTATION_CONTEXT() REPRESENTATION_CONTEXT('2D SPACE',''
  ) );
#9061 = PCURVE('',#7168,#9062);
#9062 = DEFINITIONAL_REPRESENTATION('',(#9063),#9067);
#9063 = LINE('',#9064,#9065);
#9064 = CARTESIAN_POINT('',(5.922875455436,1.2));
#9065 = VECTOR('',#9066,1.);
#9066 = DIRECTION('',(1.,0.));
#9067 = ( GEOMETRIC_REPRESENTATION_CONTEXT(2) 
PARAMETRIC_REPRESENTATION_CONTEXT() REPRESENTATION_CONTEXT('2D SPACE',''
  ) );
#9068 = ORIENTED_EDGE('',*,*,#7688,.T.);
#9069 = ORIENTED_EDGE('',*,*,#7332,.T.);
#9070 = ORIENTED_EDGE('',*,*,#7182,.T.);
#9071 = ADVANCED_FACE('',(#9072),#7168,.F.);
#9072 = FACE_BOUND('',#9073,.F.);
#9073 = EDGE_LOOP('',(#9074,#9075,#9076,#9077));
#9074 = ORIENTED_EDGE('',*,*,#9047,.F.);
#9075 = ORIENTED_EDGE('',*,*,#7148,.T.);
#9076 = ORIENTED_EDGE('',*,*,#7768,.T.);
#9077 = ORIENTED_EDGE('',*,*,#7709,.T.);
#9078 = ADVANCED_FACE('',(#9079),#7626,.F.);
#9079 = FACE_BOUND('',#9080,.F.);
#9080 = EDGE_LOOP('',(#9081,#9082,#9083,#9106));
#9081 = ORIENTED_EDGE('',*,*,#8266,.F.);
#9082 = ORIENTED_EDGE('',*,*,#7609,.F.);
#9083 = ORIENTED_EDGE('',*,*,#9084,.T.);
#9084 = EDGE_CURVE('',#7584,#9085,#9087,.T.);
#9085 = VERTEX_POINT('',#9086);
#9086 = CARTESIAN_POINT('',(-50.,43.633249580711,19.5));
#9087 = SURFACE_CURVE('',#9088,(#9092,#9099),.PCURVE_S1.);
#9088 = LINE('',#9089,#9090);
#9089 = CARTESIAN_POINT('',(-50.,0.,19.5));
#9090 = VECTOR('',#9091,1.);
#9091 = DIRECTION('',(0.,1.,0.));
#9092 = PCURVE('',#7626,#9093);
#9093 = DEFINITIONAL_REPRESENTATION('',(#9094),#9098);
#9094 = LINE('',#9095,#9096);
#9095 = CARTESIAN_POINT('',(47.,-1.5));
#9096 = VECTOR('',#9097,1.);
#9097 = DIRECTION('',(1.,0.));
#9098 = ( GEOMETRIC_REPRESENTATION_CONTEXT(2) 
PARAMETRIC_REPRESENTATION_CONTEXT() REPRESENTATION_CONTEXT('2D SPACE',''
  ) );
#9099 = PCURVE('',#7598,#9100);
#9100 = DEFINITIONAL_REPRESENTATION('',(#9101),#9105);
#9101 = LINE('',#9102,#9103);
#9102 = CARTESIAN_POINT('',(-20.,0.));
#9103 = VECTOR('',#9104,1.);
#9104 = DIRECTION('',(0.,1.));
#9105 = ( GEOMETRIC_REPRESENTATION_CONTEXT(2) 
PARAMETRIC_REPRESENTATION_CONTEXT() REPRESENTATION_CONTEXT('2D SPACE',''
  ) );
#9106 = ORIENTED_EDGE('',*,*,#9107,.F.);
#9107 = EDGE_CURVE('',#8267,#9085,#9108,.T.);
#9108 = SURFACE_CURVE('',#9109,(#9113,#9119),.PCURVE_S1.);
#9109 = LINE('',#9110,#9111);
#9110 = CARTESIAN_POINT('',(-50.,43.633249580711,0.));
#9111 = VECTOR('',#9112,1.);
#9112 = DIRECTION('',(0.,0.,-1.));
#9113 = PCURVE('',#7626,#9114);
#9114 = DEFINITIONAL_REPRESENTATION('',(#9115),#9118);
#9115 = B_SPLINE_CURVE_WITH_KNOTS('',1,(#9116,#9117),.UNSPECIFIED.,.F.,
  .F.,(2,2),(-21.0000006,-19.35),.PIECEWISE_BEZIER_KNOTS.);
#9116 = CARTESIAN_POINT('',(90.633249580711,5.999999999062E-07));
#9117 = CARTESIAN_POINT('',(90.633249580711,-1.65));
#9118 = ( GEOMETRIC_REPRESENTATION_CONTEXT(2) 
PARAMETRIC_REPRESENTATION_CONTEXT() REPRESENTATION_CONTEXT('2D SPACE',''
  ) );
#9119 = PCURVE('',#7472,#9120);
#9120 = DEFINITIONAL_REPRESENTATION('',(#9121),#9124);
#9121 = B_SPLINE_CURVE_WITH_KNOTS('',1,(#9122,#9123),.UNSPECIFIED.,.F.,
  .F.,(2,2),(-21.0000006,-19.35),.PIECEWISE_BEZIER_KNOTS.);
#9122 = CARTESIAN_POINT('',(0.585685543457,-21.0000006));
#9123 = CARTESIAN_POINT('',(0.585685543457,-19.35));
#9124 = ( GEOMETRIC_REPRESENTATION_CONTEXT(2) 
PARAMETRIC_REPRESENTATION_CONTEXT() REPRESENTATION_CONTEXT('2D SPACE',''
  ) );
#9125 = ADVANCED_FACE('',(#9126),#7598,.T.);
#9126 = FACE_BOUND('',#9127,.T.);
#9127 = EDGE_LOOP('',(#9128,#9151,#9152,#9153));
#9128 = ORIENTED_EDGE('',*,*,#9129,.F.);
#9129 = EDGE_CURVE('',#7555,#9130,#9132,.T.);
#9130 = VERTEX_POINT('',#9131);
#9131 = CARTESIAN_POINT('',(-50.9,42.018964036532,19.5));
#9132 = SURFACE_CURVE('',#9133,(#9137,#9144),.PCURVE_S1.);
#9133 = LINE('',#9134,#9135);
#9134 = CARTESIAN_POINT('',(-50.9,0.,19.5));
#9135 = VECTOR('',#9136,1.);
#9136 = DIRECTION('',(0.,1.,0.));
#9137 = PCURVE('',#7598,#9138);
#9138 = DEFINITIONAL_REPRESENTATION('',(#9139),#9143);
#9139 = LINE('',#9140,#9141);
#9140 = CARTESIAN_POINT('',(-20.9,0.));
#9141 = VECTOR('',#9142,1.);
#9142 = DIRECTION('',(0.,1.));
#9143 = ( GEOMETRIC_REPRESENTATION_CONTEXT(2) 
PARAMETRIC_REPRESENTATION_CONTEXT() REPRESENTATION_CONTEXT('2D SPACE',''
  ) );
#9144 = PCURVE('',#7571,#9145);
#9145 = DEFINITIONAL_REPRESENTATION('',(#9146),#9150);
#9146 = LINE('',#9147,#9148);
#9147 = CARTESIAN_POINT('',(47.9,-1.5));
#9148 = VECTOR('',#9149,1.);
#9149 = DIRECTION('',(1.,0.));
#9150 = ( GEOMETRIC_REPRESENTATION_CONTEXT(2) 
PARAMETRIC_REPRESENTATION_CONTEXT() REPRESENTATION_CONTEXT('2D SPACE',''
  ) );
#9151 = ORIENTED_EDGE('',*,*,#7583,.T.);
#9152 = ORIENTED_EDGE('',*,*,#9084,.T.);
#9153 = ORIENTED_EDGE('',*,*,#9154,.F.);
#9154 = EDGE_CURVE('',#9130,#9085,#9155,.T.);
#9155 = SURFACE_CURVE('',#9156,(#9161,#9172),.PCURVE_S1.);
#9156 = CIRCLE('',#9157,12.);
#9157 = AXIS2_PLACEMENT_3D('',#9158,#9159,#9160);
#9158 = CARTESIAN_POINT('',(-40.,37.,19.5));
#9159 = DIRECTION('',(0.,0.,-1.));
#9160 = DIRECTION('',(-1.,0.,0.));
#9161 = PCURVE('',#7598,#9162);
#9162 = DEFINITIONAL_REPRESENTATION('',(#9163),#9171);
#9163 = ( BOUNDED_CURVE() B_SPLINE_CURVE(2,(#9164,#9165,#9166,#9167,
#9168,#9169,#9170),.UNSPECIFIED.,.T.,.F.) B_SPLINE_CURVE_WITH_KNOTS((1,2
    ,2,2,2,1),(-2.094395102393,0.,2.094395102393,4.188790204786,
6.28318530718,8.377580409573),.UNSPECIFIED.) CURVE() 
GEOMETRIC_REPRESENTATION_ITEM() RATIONAL_B_SPLINE_CURVE((1.,0.5,1.,0.5,
1.,0.5,1.)) REPRESENTATION_ITEM('') );
#9164 = CARTESIAN_POINT('',(-22.,37.));
#9165 = CARTESIAN_POINT('',(-22.,57.784609690827));
#9166 = CARTESIAN_POINT('',(-4.,47.392304845413));
#9167 = CARTESIAN_POINT('',(14.,37.));
#9168 = CARTESIAN_POINT('',(-4.,26.607695154587));
#9169 = CARTESIAN_POINT('',(-22.,16.215390309173));
#9170 = CARTESIAN_POINT('',(-22.,37.));
#9171 = ( GEOMETRIC_REPRESENTATION_CONTEXT(2) 
PARAMETRIC_REPRESENTATION_CONTEXT() REPRESENTATION_CONTEXT('2D SPACE',''
  ) );
#9172 = PCURVE('',#7472,#9173);
#9173 = DEFINITIONAL_REPRESENTATION('',(#9174),#9178);
#9174 = LINE('',#9175,#9176);
#9175 = CARTESIAN_POINT('',(0.,-19.5));
#9176 = VECTOR('',#9177,1.);
#9177 = DIRECTION('',(1.,0.));
#9178 = ( GEOMETRIC_REPRESENTATION_CONTEXT(2) 
PARAMETRIC_REPRESENTATION_CONTEXT() REPRESENTATION_CONTEXT('2D SPACE',''
  ) );
#9179 = ADVANCED_FACE('',(#9180),#7571,.T.);
#9180 = FACE_BOUND('',#9181,.T.);
#9181 = EDGE_LOOP('',(#9182,#9205,#9206,#9207));
#9182 = ORIENTED_EDGE('',*,*,#9183,.F.);
#9183 = EDGE_CURVE('',#7529,#9184,#9186,.T.);
#9184 = VERTEX_POINT('',#9185);
#9185 = CARTESIAN_POINT('',(-50.9,42.018964036532,21.));
#9186 = SURFACE_CURVE('',#9187,(#9191,#9198),.PCURVE_S1.);
#9187 = LINE('',#9188,#9189);
#9188 = CARTESIAN_POINT('',(-50.9,0.,21.));
#9189 = VECTOR('',#9190,1.);
#9190 = DIRECTION('',(0.,1.,0.));
#9191 = PCURVE('',#7571,#9192);
#9192 = DEFINITIONAL_REPRESENTATION('',(#9193),#9197);
#9193 = LINE('',#9194,#9195);
#9194 = CARTESIAN_POINT('',(47.9,0.));
#9195 = VECTOR('',#9196,1.);
#9196 = DIRECTION('',(1.,0.));
#9197 = ( GEOMETRIC_REPRESENTATION_CONTEXT(2) 
PARAMETRIC_REPRESENTATION_CONTEXT() REPRESENTATION_CONTEXT('2D SPACE',''
  ) );
#9198 = PCURVE('',#7543,#9199);
#9199 = DEFINITIONAL_REPRESENTATION('',(#9200),#9204);
#9200 = LINE('',#9201,#9202);
#9201 = CARTESIAN_POINT('',(-20.89999999452,1.73210767953E-15));
#9202 = VECTOR('',#9203,1.);
#9203 = DIRECTION('',(0.,1.));
#9204 = ( GEOMETRIC_REPRESENTATION_CONTEXT(2) 
PARAMETRIC_REPRESENTATION_CONTEXT() REPRESENTATION_CONTEXT('2D SPACE',''
  ) );
#9205 = ORIENTED_EDGE('',*,*,#7554,.F.);
#9206 = ORIENTED_EDGE('',*,*,#9129,.T.);
#9207 = ORIENTED_EDGE('',*,*,#9208,.F.);
#9208 = EDGE_CURVE('',#9184,#9130,#9209,.T.);
#9209 = SURFACE_CURVE('',#9210,(#9214,#9220),.PCURVE_S1.);
#9210 = LINE('',#9211,#9212);
#9211 = CARTESIAN_POINT('',(-50.9,42.018964036532,0.));
#9212 = VECTOR('',#9213,1.);
#9213 = DIRECTION('',(0.,0.,-1.));
#9214 = PCURVE('',#7571,#9215);
#9215 = DEFINITIONAL_REPRESENTATION('',(#9216),#9219);
#9216 = B_SPLINE_CURVE_WITH_KNOTS('',1,(#9217,#9218),.UNSPECIFIED.,.F.,
  .F.,(2,2),(-21.0000006,-19.35),.PIECEWISE_BEZIER_KNOTS.);
#9217 = CARTESIAN_POINT('',(89.918964036532,5.999999999062E-07));
#9218 = CARTESIAN_POINT('',(89.918964036532,-1.65));
#9219 = ( GEOMETRIC_REPRESENTATION_CONTEXT(2) 
PARAMETRIC_REPRESENTATION_CONTEXT() REPRESENTATION_CONTEXT('2D SPACE',''
  ) );
#9220 = PCURVE('',#7472,#9221);
#9221 = DEFINITIONAL_REPRESENTATION('',(#9222),#9225);
#9222 = B_SPLINE_CURVE_WITH_KNOTS('',1,(#9223,#9224),.UNSPECIFIED.,.F.,
  .F.,(2,2),(-21.0000006,-19.35),.PIECEWISE_BEZIER_KNOTS.);
#9223 = CARTESIAN_POINT('',(0.431514555711,-21.0000006));
#9224 = CARTESIAN_POINT('',(0.431514555711,-19.35));
#9225 = ( GEOMETRIC_REPRESENTATION_CONTEXT(2) 
PARAMETRIC_REPRESENTATION_CONTEXT() REPRESENTATION_CONTEXT('2D SPACE',''
  ) );
#9226 = ADVANCED_FACE('',(#9227),#7543,.T.);
#9227 = FACE_BOUND('',#9228,.T.);
#9228 = EDGE_LOOP('',(#9229,#9252,#9253,#9254));
#9229 = ORIENTED_EDGE('',*,*,#9230,.F.);
#9230 = EDGE_CURVE('',#7496,#9231,#9233,.T.);
#9231 = VERTEX_POINT('',#9232);
#9232 = CARTESIAN_POINT('',(-52.,37.,21.));
#9233 = SURFACE_CURVE('',#9234,(#9238,#9245),.PCURVE_S1.);
#9234 = LINE('',#9235,#9236);
#9235 = CARTESIAN_POINT('',(-52.,0.,21.));
#9236 = VECTOR('',#9237,1.);
#9237 = DIRECTION('',(0.,1.,0.));
#9238 = PCURVE('',#7543,#9239);
#9239 = DEFINITIONAL_REPRESENTATION('',(#9240),#9244);
#9240 = LINE('',#9241,#9242);
#9241 = CARTESIAN_POINT('',(-21.99999999452,1.73210767953E-15));
#9242 = VECTOR('',#9243,1.);
#9243 = DIRECTION('',(0.,1.));
#9244 = ( GEOMETRIC_REPRESENTATION_CONTEXT(2) 
PARAMETRIC_REPRESENTATION_CONTEXT() REPRESENTATION_CONTEXT('2D SPACE',''
  ) );
#9245 = PCURVE('',#7512,#9246);
#9246 = DEFINITIONAL_REPRESENTATION('',(#9247),#9251);
#9247 = LINE('',#9248,#9249);
#9248 = CARTESIAN_POINT('',(37.,-21.));
#9249 = VECTOR('',#9250,1.);
#9250 = DIRECTION('',(1.,0.));
#9251 = ( GEOMETRIC_REPRESENTATION_CONTEXT(2) 
PARAMETRIC_REPRESENTATION_CONTEXT() REPRESENTATION_CONTEXT('2D SPACE',''
  ) );
#9252 = ORIENTED_EDGE('',*,*,#7528,.T.);
#9253 = ORIENTED_EDGE('',*,*,#9183,.T.);
#9254 = ORIENTED_EDGE('',*,*,#9255,.F.);
#9255 = EDGE_CURVE('',#9231,#9184,#9256,.T.);
#9256 = SURFACE_CURVE('',#9257,(#9262,#9273),.PCURVE_S1.);
#9257 = CIRCLE('',#9258,12.);
#9258 = AXIS2_PLACEMENT_3D('',#9259,#9260,#9261);
#9259 = CARTESIAN_POINT('',(-40.,37.,21.));
#9260 = DIRECTION('',(0.,0.,-1.));
#9261 = DIRECTION('',(-1.,0.,0.));
#9262 = PCURVE('',#7543,#9263);
#9263 = DEFINITIONAL_REPRESENTATION('',(#9264),#9272);
#9264 = ( BOUNDED_CURVE() B_SPLINE_CURVE(2,(#9265,#9266,#9267,#9268,
#9269,#9270,#9271),.UNSPECIFIED.,.T.,.F.) B_SPLINE_CURVE_WITH_KNOTS((1,2
    ,2,2,2,1),(-2.094395102393,0.,2.094395102393,4.188790204786,
6.28318530718,8.377580409573),.UNSPECIFIED.) CURVE() 
GEOMETRIC_REPRESENTATION_ITEM() RATIONAL_B_SPLINE_CURVE((1.,0.5,1.,0.5,
1.,0.5,1.)) REPRESENTATION_ITEM('') );
#9265 = CARTESIAN_POINT('',(-21.99999999452,37.));
#9266 = CARTESIAN_POINT('',(-21.99999999452,57.784609690827));
#9267 = CARTESIAN_POINT('',(-3.999999994525,47.392304845413));
#9268 = CARTESIAN_POINT('',(14.000000005475,37.));
#9269 = CARTESIAN_POINT('',(-3.999999994525,26.607695154587));
#9270 = CARTESIAN_POINT('',(-21.99999999452,16.215390309173));
#9271 = CARTESIAN_POINT('',(-21.99999999452,37.));
#9272 = ( GEOMETRIC_REPRESENTATION_CONTEXT(2) 
PARAMETRIC_REPRESENTATION_CONTEXT() REPRESENTATION_CONTEXT('2D SPACE',''
  ) );
#9273 = PCURVE('',#7472,#9274);
#9274 = DEFINITIONAL_REPRESENTATION('',(#9275),#9279);
#9275 = LINE('',#9276,#9277);
#9276 = CARTESIAN_POINT('',(0.,-21.));
#9277 = VECTOR('',#9278,1.);
#9278 = DIRECTION('',(1.,0.));
#9279 = ( GEOMETRIC_REPRESENTATION_CONTEXT(2) 
PARAMETRIC_REPRESENTATION_CONTEXT() REPRESENTATION_CONTEXT('2D SPACE',''
  ) );
#9280 = ADVANCED_FACE('',(#9281),#7512,.T.);
#9281 = FACE_BOUND('',#9282,.T.);
#9282 = EDGE_LOOP('',(#9283,#9304,#9305));
#9283 = ORIENTED_EDGE('',*,*,#9284,.F.);
#9284 = EDGE_CURVE('',#7435,#9231,#9285,.T.);
#9285 = SURFACE_CURVE('',#9286,(#9290,#9297),.PCURVE_S1.);
#9286 = LINE('',#9287,#9288);
#9287 = CARTESIAN_POINT('',(-52.,37.,0.));
#9288 = VECTOR('',#9289,1.);
#9289 = DIRECTION('',(0.,0.,1.));
#9290 = PCURVE('',#7512,#9291);
#9291 = DEFINITIONAL_REPRESENTATION('',(#9292),#9296);
#9292 = LINE('',#9293,#9294);
#9293 = CARTESIAN_POINT('',(74.,0.));
#9294 = VECTOR('',#9295,1.);
#9295 = DIRECTION('',(0.,-1.));
#9296 = ( GEOMETRIC_REPRESENTATION_CONTEXT(2) 
PARAMETRIC_REPRESENTATION_CONTEXT() REPRESENTATION_CONTEXT('2D SPACE',''
  ) );
#9297 = PCURVE('',#7472,#9298);
#9298 = DEFINITIONAL_REPRESENTATION('',(#9299),#9303);
#9299 = LINE('',#9300,#9301);
#9300 = CARTESIAN_POINT('',(0.,0.));
#9301 = VECTOR('',#9302,1.);
#9302 = DIRECTION('',(0.,-1.));
#9303 = ( GEOMETRIC_REPRESENTATION_CONTEXT(2) 
PARAMETRIC_REPRESENTATION_CONTEXT() REPRESENTATION_CONTEXT('2D SPACE',''
  ) );
#9304 = ORIENTED_EDGE('',*,*,#7495,.T.);
#9305 = ORIENTED_EDGE('',*,*,#9230,.T.);
#9306 = ADVANCED_FACE('',(#9307),#7472,.T.);
#9307 = FACE_BOUND('',#9308,.T.);
#9308 = EDGE_LOOP('',(#9309,#9310,#9311,#9312,#9313,#9314,#9315,#9316,
    #9317,#9338,#9366,#9387,#9415,#9436,#9437));
#9309 = ORIENTED_EDGE('',*,*,#7739,.F.);
#9310 = ORIENTED_EDGE('',*,*,#7434,.T.);
#9311 = ORIENTED_EDGE('',*,*,#9284,.T.);
#9312 = ORIENTED_EDGE('',*,*,#9255,.T.);
#9313 = ORIENTED_EDGE('',*,*,#9208,.T.);
#9314 = ORIENTED_EDGE('',*,*,#9154,.T.);
#9315 = ORIENTED_EDGE('',*,*,#9107,.F.);
#9316 = ORIENTED_EDGE('',*,*,#8411,.T.);
#9317 = ORIENTED_EDGE('',*,*,#9318,.T.);
#9318 = EDGE_CURVE('',#8384,#9319,#9321,.T.);
#9319 = VERTEX_POINT('',#9320);
#9320 = CARTESIAN_POINT('',(-46.63324958071,47.,19.5));
#9321 = SURFACE_CURVE('',#9322,(#9326,#9332),.PCURVE_S1.);
#9322 = LINE('',#9323,#9324);
#9323 = CARTESIAN_POINT('',(-46.63324958071,47.,0.));
#9324 = VECTOR('',#9325,1.);
#9325 = DIRECTION('',(0.,0.,-1.));
#9326 = PCURVE('',#7472,#9327);
#9327 = DEFINITIONAL_REPRESENTATION('',(#9328),#9331);
#9328 = B_SPLINE_CURVE_WITH_KNOTS('',1,(#9329,#9330),.UNSPECIFIED.,.F.,
  .F.,(2,2),(-21.0000006,-19.35),.PIECEWISE_BEZIER_KNOTS.);
#9329 = CARTESIAN_POINT('',(0.985110783338,-21.0000006));
#9330 = CARTESIAN_POINT('',(0.985110783338,-19.35));
#9331 = ( GEOMETRIC_REPRESENTATION_CONTEXT(2) 
PARAMETRIC_REPRESENTATION_CONTEXT() REPRESENTATION_CONTEXT('2D SPACE',''
  ) );
#9332 = PCURVE('',#8399,#9333);
#9333 = DEFINITIONAL_REPRESENTATION('',(#9334),#9337);
#9334 = B_SPLINE_CURVE_WITH_KNOTS('',1,(#9335,#9336),.UNSPECIFIED.,.F.,
  .F.,(2,2),(-21.0000006,-19.35),.PIECEWISE_BEZIER_KNOTS.);
#9335 = CARTESIAN_POINT('',(3.366750419289,5.999999999062E-07));
#9336 = CARTESIAN_POINT('',(3.366750419289,-1.65));
#9337 = ( GEOMETRIC_REPRESENTATION_CONTEXT(2) 
PARAMETRIC_REPRESENTATION_CONTEXT() REPRESENTATION_CONTEXT('2D SPACE',''
  ) );
#9338 = ORIENTED_EDGE('',*,*,#9339,.T.);
#9339 = EDGE_CURVE('',#9319,#9340,#9342,.T.);
#9340 = VERTEX_POINT('',#9341);
#9341 = CARTESIAN_POINT('',(-45.01896403653,47.9,19.5));
#9342 = SURFACE_CURVE('',#9343,(#9348,#9355),.PCURVE_S1.);
#9343 = CIRCLE('',#9344,12.);
#9344 = AXIS2_PLACEMENT_3D('',#9345,#9346,#9347);
#9345 = CARTESIAN_POINT('',(-40.,37.,19.5));
#9346 = DIRECTION('',(0.,0.,-1.));
#9347 = DIRECTION('',(-1.,0.,0.));
#9348 = PCURVE('',#7472,#9349);
#9349 = DEFINITIONAL_REPRESENTATION('',(#9350),#9354);
#9350 = LINE('',#9351,#9352);
#9351 = CARTESIAN_POINT('',(0.,-19.5));
#9352 = VECTOR('',#9353,1.);
#9353 = DIRECTION('',(1.,0.));
#9354 = ( GEOMETRIC_REPRESENTATION_CONTEXT(2) 
PARAMETRIC_REPRESENTATION_CONTEXT() REPRESENTATION_CONTEXT('2D SPACE',''
  ) );
#9355 = PCURVE('',#8767,#9356);
#9356 = DEFINITIONAL_REPRESENTATION('',(#9357),#9365);
#9357 = ( BOUNDED_CURVE() B_SPLINE_CURVE(2,(#9358,#9359,#9360,#9361,
#9362,#9363,#9364),.UNSPECIFIED.,.T.,.F.) B_SPLINE_CURVE_WITH_KNOTS((1,2
    ,2,2,2,1),(-2.094395102393,0.,2.094395102393,4.188790204786,
6.28318530718,8.377580409573),.UNSPECIFIED.) CURVE() 
GEOMETRIC_REPRESENTATION_ITEM() RATIONAL_B_SPLINE_CURVE((1.,0.5,1.,0.5,
1.,0.5,1.)) REPRESENTATION_ITEM('') );
#9358 = CARTESIAN_POINT('',(-22.,37.));
#9359 = CARTESIAN_POINT('',(-22.,57.784609690827));
#9360 = CARTESIAN_POINT('',(-4.,47.392304845413));
#9361 = CARTESIAN_POINT('',(14.,37.));
#9362 = CARTESIAN_POINT('',(-4.,26.607695154587));
#9363 = CARTESIAN_POINT('',(-22.,16.215390309173));
#9364 = CARTESIAN_POINT('',(-22.,37.));
#9365 = ( GEOMETRIC_REPRESENTATION_CONTEXT(2) 
PARAMETRIC_REPRESENTATION_CONTEXT() REPRESENTATION_CONTEXT('2D SPACE',''
  ) );
#9366 = ORIENTED_EDGE('',*,*,#9367,.F.);
#9367 = EDGE_CURVE('',#9368,#9340,#9370,.T.);
#9368 = VERTEX_POINT('',#9369);
#9369 = CARTESIAN_POINT('',(-45.01896403653,47.9,21.));
#9370 = SURFACE_CURVE('',#9371,(#9375,#9381),.PCURVE_S1.);
#9371 = LINE('',#9372,#9373);
#9372 = CARTESIAN_POINT('',(-45.01896403653,47.9,0.));
#9373 = VECTOR('',#9374,1.);
#9374 = DIRECTION('',(0.,0.,-1.));
#9375 = PCURVE('',#7472,#9376);
#9376 = DEFINITIONAL_REPRESENTATION('',(#9377),#9380);
#9377 = B_SPLINE_CURVE_WITH_KNOTS('',1,(#9378,#9379),.UNSPECIFIED.,.F.,
  .F.,(2,2),(-21.0000006,-19.35),.PIECEWISE_BEZIER_KNOTS.);
#9378 = CARTESIAN_POINT('',(1.139281771084,-21.0000006));
#9379 = CARTESIAN_POINT('',(1.139281771084,-19.35));
#9380 = ( GEOMETRIC_REPRESENTATION_CONTEXT(2) 
PARAMETRIC_REPRESENTATION_CONTEXT() REPRESENTATION_CONTEXT('2D SPACE',''
  ) );
#9381 = PCURVE('',#8739,#9382);
#9382 = DEFINITIONAL_REPRESENTATION('',(#9383),#9386);
#9383 = B_SPLINE_CURVE_WITH_KNOTS('',1,(#9384,#9385),.UNSPECIFIED.,.F.,
  .F.,(2,2),(-21.0000006,-19.35),.PIECEWISE_BEZIER_KNOTS.);
#9384 = CARTESIAN_POINT('',(5.881035963468,5.999999999062E-07));
#9385 = CARTESIAN_POINT('',(5.881035963468,-1.65));
#9386 = ( GEOMETRIC_REPRESENTATION_CONTEXT(2) 
PARAMETRIC_REPRESENTATION_CONTEXT() REPRESENTATION_CONTEXT('2D SPACE',''
  ) );
#9387 = ORIENTED_EDGE('',*,*,#9388,.T.);
#9388 = EDGE_CURVE('',#9368,#9389,#9391,.T.);
#9389 = VERTEX_POINT('',#9390);
#9390 = CARTESIAN_POINT('',(-40.,49.,21.));
#9391 = SURFACE_CURVE('',#9392,(#9397,#9404),.PCURVE_S1.);
#9392 = CIRCLE('',#9393,12.);
#9393 = AXIS2_PLACEMENT_3D('',#9394,#9395,#9396);
#9394 = CARTESIAN_POINT('',(-40.,37.,21.));
#9395 = DIRECTION('',(0.,0.,-1.));
#9396 = DIRECTION('',(-1.,0.,0.));
#9397 = PCURVE('',#7472,#9398);
#9398 = DEFINITIONAL_REPRESENTATION('',(#9399),#9403);
#9399 = LINE('',#9400,#9401);
#9400 = CARTESIAN_POINT('',(0.,-21.));
#9401 = VECTOR('',#9402,1.);
#9402 = DIRECTION('',(1.,0.));
#9403 = ( GEOMETRIC_REPRESENTATION_CONTEXT(2) 
PARAMETRIC_REPRESENTATION_CONTEXT() REPRESENTATION_CONTEXT('2D SPACE',''
  ) );
#9404 = PCURVE('',#8708,#9405);
#9405 = DEFINITIONAL_REPRESENTATION('',(#9406),#9414);
#9406 = ( BOUNDED_CURVE() B_SPLINE_CURVE(2,(#9407,#9408,#9409,#9410,
#9411,#9412,#9413),.UNSPECIFIED.,.T.,.F.) B_SPLINE_CURVE_WITH_KNOTS((1,2
    ,2,2,2,1),(-2.094395102393,0.,2.094395102393,4.188790204786,
6.28318530718,8.377580409573),.UNSPECIFIED.) CURVE() 
GEOMETRIC_REPRESENTATION_ITEM() RATIONAL_B_SPLINE_CURVE((1.,0.5,1.,0.5,
1.,0.5,1.)) REPRESENTATION_ITEM('') );
#9407 = CARTESIAN_POINT('',(-21.99999999452,37.));
#9408 = CARTESIAN_POINT('',(-21.99999999452,57.784609690827));
#9409 = CARTESIAN_POINT('',(-3.999999994525,47.392304845413));
#9410 = CARTESIAN_POINT('',(14.000000005475,37.));
#9411 = CARTESIAN_POINT('',(-3.999999994525,26.607695154587));
#9412 = CARTESIAN_POINT('',(-21.99999999452,16.215390309173));
#9413 = CARTESIAN_POINT('',(-21.99999999452,37.));
#9414 = ( GEOMETRIC_REPRESENTATION_CONTEXT(2) 
PARAMETRIC_REPRESENTATION_CONTEXT() REPRESENTATION_CONTEXT('2D SPACE',''
  ) );
#9415 = ORIENTED_EDGE('',*,*,#9416,.F.);
#9416 = EDGE_CURVE('',#8057,#9389,#9417,.T.);
#9417 = SURFACE_CURVE('',#9418,(#9422,#9429),.PCURVE_S1.);
#9418 = LINE('',#9419,#9420);
#9419 = CARTESIAN_POINT('',(-40.,49.,0.));
#9420 = VECTOR('',#9421,1.);
#9421 = DIRECTION('',(0.,0.,1.));
#9422 = PCURVE('',#7472,#9423);
#9423 = DEFINITIONAL_REPRESENTATION('',(#9424),#9428);
#9424 = LINE('',#9425,#9426);
#9425 = CARTESIAN_POINT('',(1.570796326795,0.));
#9426 = VECTOR('',#9427,1.);
#9427 = DIRECTION('',(0.,-1.));
#9428 = ( GEOMETRIC_REPRESENTATION_CONTEXT(2) 
PARAMETRIC_REPRESENTATION_CONTEXT() REPRESENTATION_CONTEXT('2D SPACE',''
  ) );
#9429 = PCURVE('',#7885,#9430);
#9430 = DEFINITIONAL_REPRESENTATION('',(#9431),#9435);
#9431 = LINE('',#9432,#9433);
#9432 = CARTESIAN_POINT('',(1.7763568394E-15,0.));
#9433 = VECTOR('',#9434,1.);
#9434 = DIRECTION('',(0.,-1.));
#9435 = ( GEOMETRIC_REPRESENTATION_CONTEXT(2) 
PARAMETRIC_REPRESENTATION_CONTEXT() REPRESENTATION_CONTEXT('2D SPACE',''
  ) );
#9436 = ORIENTED_EDGE('',*,*,#8137,.T.);
#9437 = ORIENTED_EDGE('',*,*,#9438,.F.);
#9438 = EDGE_CURVE('',#7740,#8110,#9439,.T.);
#9439 = SURFACE_CURVE('',#9440,(#9444,#9451),.PCURVE_S1.);
#9440 = LINE('',#9441,#9442);
#9441 = CARTESIAN_POINT('',(-40.,49.,0.));
#9442 = VECTOR('',#9443,1.);
#9443 = DIRECTION('',(0.,0.,1.));
#9444 = PCURVE('',#7472,#9445);
#9445 = DEFINITIONAL_REPRESENTATION('',(#9446),#9450);
#9446 = LINE('',#9447,#9448);
#9447 = CARTESIAN_POINT('',(1.570796326795,0.));
#9448 = VECTOR('',#9449,1.);
#9449 = DIRECTION('',(0.,-1.));
#9450 = ( GEOMETRIC_REPRESENTATION_CONTEXT(2) 
PARAMETRIC_REPRESENTATION_CONTEXT() REPRESENTATION_CONTEXT('2D SPACE',''
  ) );
#9451 = PCURVE('',#7885,#9452);
#9452 = DEFINITIONAL_REPRESENTATION('',(#9453),#9457);
#9453 = LINE('',#9454,#9455);
#9454 = CARTESIAN_POINT('',(1.7763568394E-15,0.));
#9455 = VECTOR('',#9456,1.);
#9456 = DIRECTION('',(0.,-1.));
#9457 = ( GEOMETRIC_REPRESENTATION_CONTEXT(2) 
PARAMETRIC_REPRESENTATION_CONTEXT() REPRESENTATION_CONTEXT('2D SPACE',''
  ) );
#9458 = ADVANCED_FACE('',(#9459),#7885,.T.);
#9459 = FACE_BOUND('',#9460,.T.);
#9460 = EDGE_LOOP('',(#9461,#9462,#9463,#9464,#9465,#9466,#9487,#9488,
    #9489));
#9461 = ORIENTED_EDGE('',*,*,#7871,.F.);
#9462 = ORIENTED_EDGE('',*,*,#9438,.T.);
#9463 = ORIENTED_EDGE('',*,*,#8109,.T.);
#9464 = ORIENTED_EDGE('',*,*,#8054,.T.);
#9465 = ORIENTED_EDGE('',*,*,#9416,.T.);
#9466 = ORIENTED_EDGE('',*,*,#9467,.T.);
#9467 = EDGE_CURVE('',#9389,#8669,#9468,.T.);
#9468 = SURFACE_CURVE('',#9469,(#9473,#9480),.PCURVE_S1.);
#9469 = LINE('',#9470,#9471);
#9470 = CARTESIAN_POINT('',(-30.,49.,21.));
#9471 = VECTOR('',#9472,1.);
#9472 = DIRECTION('',(1.,0.,0.));
#9473 = PCURVE('',#7885,#9474);
#9474 = DEFINITIONAL_REPRESENTATION('',(#9475),#9479);
#9475 = LINE('',#9476,#9477);
#9476 = CARTESIAN_POINT('',(10.,-21.));
#9477 = VECTOR('',#9478,1.);
#9478 = DIRECTION('',(1.,0.));
#9479 = ( GEOMETRIC_REPRESENTATION_CONTEXT(2) 
PARAMETRIC_REPRESENTATION_CONTEXT() REPRESENTATION_CONTEXT('2D SPACE',''
  ) );
#9480 = PCURVE('',#8708,#9481);
#9481 = DEFINITIONAL_REPRESENTATION('',(#9482),#9486);
#9482 = LINE('',#9483,#9484);
#9483 = CARTESIAN_POINT('',(5.474810553509E-09,49.));
#9484 = VECTOR('',#9485,1.);
#9485 = DIRECTION('',(1.,0.));
#9486 = ( GEOMETRIC_REPRESENTATION_CONTEXT(2) 
PARAMETRIC_REPRESENTATION_CONTEXT() REPRESENTATION_CONTEXT('2D SPACE',''
  ) );
#9487 = ORIENTED_EDGE('',*,*,#8668,.F.);
#9488 = ORIENTED_EDGE('',*,*,#8609,.T.);
#9489 = ORIENTED_EDGE('',*,*,#8645,.F.);
#9490 = ADVANCED_FACE('',(#9491),#8399,.F.);
#9491 = FACE_BOUND('',#9492,.F.);
#9492 = EDGE_LOOP('',(#9493,#9494,#9495,#9516));
#9493 = ORIENTED_EDGE('',*,*,#8383,.F.);
#9494 = ORIENTED_EDGE('',*,*,#9318,.T.);
#9495 = ORIENTED_EDGE('',*,*,#9496,.T.);
#9496 = EDGE_CURVE('',#9319,#8751,#9497,.T.);
#9497 = SURFACE_CURVE('',#9498,(#9502,#9509),.PCURVE_S1.);
#9498 = LINE('',#9499,#9500);
#9499 = CARTESIAN_POINT('',(-30.,47.,19.5));
#9500 = VECTOR('',#9501,1.);
#9501 = DIRECTION('',(1.,0.,0.));
#9502 = PCURVE('',#8399,#9503);
#9503 = DEFINITIONAL_REPRESENTATION('',(#9504),#9508);
#9504 = LINE('',#9505,#9506);
#9505 = CARTESIAN_POINT('',(20.,-1.5));
#9506 = VECTOR('',#9507,1.);
#9507 = DIRECTION('',(1.,0.));
#9508 = ( GEOMETRIC_REPRESENTATION_CONTEXT(2) 
PARAMETRIC_REPRESENTATION_CONTEXT() REPRESENTATION_CONTEXT('2D SPACE',''
  ) );
#9509 = PCURVE('',#8767,#9510);
#9510 = DEFINITIONAL_REPRESENTATION('',(#9511),#9515);
#9511 = LINE('',#9512,#9513);
#9512 = CARTESIAN_POINT('',(0.,47.));
#9513 = VECTOR('',#9514,1.);
#9514 = DIRECTION('',(1.,0.));
#9515 = ( GEOMETRIC_REPRESENTATION_CONTEXT(2) 
PARAMETRIC_REPRESENTATION_CONTEXT() REPRESENTATION_CONTEXT('2D SPACE',''
  ) );
#9516 = ORIENTED_EDGE('',*,*,#8783,.F.);
#9517 = ADVANCED_FACE('',(#9518),#8767,.T.);
#9518 = FACE_BOUND('',#9519,.T.);
#9519 = EDGE_LOOP('',(#9520,#9541,#9542,#9543));
#9520 = ORIENTED_EDGE('',*,*,#9521,.F.);
#9521 = EDGE_CURVE('',#9340,#8725,#9522,.T.);
#9522 = SURFACE_CURVE('',#9523,(#9527,#9534),.PCURVE_S1.);
#9523 = LINE('',#9524,#9525);
#9524 = CARTESIAN_POINT('',(-30.,47.9,19.5));
#9525 = VECTOR('',#9526,1.);
#9526 = DIRECTION('',(1.,0.,0.));
#9527 = PCURVE('',#8767,#9528);
#9528 = DEFINITIONAL_REPRESENTATION('',(#9529),#9533);
#9529 = LINE('',#9530,#9531);
#9530 = CARTESIAN_POINT('',(0.,47.9));
#9531 = VECTOR('',#9532,1.);
#9532 = DIRECTION('',(1.,0.));
#9533 = ( GEOMETRIC_REPRESENTATION_CONTEXT(2) 
PARAMETRIC_REPRESENTATION_CONTEXT() REPRESENTATION_CONTEXT('2D SPACE',''
  ) );
#9534 = PCURVE('',#8739,#9535);
#9535 = DEFINITIONAL_REPRESENTATION('',(#9536),#9540);
#9536 = LINE('',#9537,#9538);
#9537 = CARTESIAN_POINT('',(20.9,-1.5));
#9538 = VECTOR('',#9539,1.);
#9539 = DIRECTION('',(1.,0.));
#9540 = ( GEOMETRIC_REPRESENTATION_CONTEXT(2) 
PARAMETRIC_REPRESENTATION_CONTEXT() REPRESENTATION_CONTEXT('2D SPACE',''
  ) );
#9541 = ORIENTED_EDGE('',*,*,#9339,.F.);
#9542 = ORIENTED_EDGE('',*,*,#9496,.T.);
#9543 = ORIENTED_EDGE('',*,*,#8750,.F.);
#9544 = ADVANCED_FACE('',(#9545),#8739,.T.);
#9545 = FACE_BOUND('',#9546,.T.);
#9546 = EDGE_LOOP('',(#9547,#9568,#9569,#9570));
#9547 = ORIENTED_EDGE('',*,*,#9548,.F.);
#9548 = EDGE_CURVE('',#9368,#8692,#9549,.T.);
#9549 = SURFACE_CURVE('',#9550,(#9554,#9561),.PCURVE_S1.);
#9550 = LINE('',#9551,#9552);
#9551 = CARTESIAN_POINT('',(-30.,47.9,21.));
#9552 = VECTOR('',#9553,1.);
#9553 = DIRECTION('',(1.,0.,0.));
#9554 = PCURVE('',#8739,#9555);
#9555 = DEFINITIONAL_REPRESENTATION('',(#9556),#9560);
#9556 = LINE('',#9557,#9558);
#9557 = CARTESIAN_POINT('',(20.9,0.));
#9558 = VECTOR('',#9559,1.);
#9559 = DIRECTION('',(1.,0.));
#9560 = ( GEOMETRIC_REPRESENTATION_CONTEXT(2) 
PARAMETRIC_REPRESENTATION_CONTEXT() REPRESENTATION_CONTEXT('2D SPACE',''
  ) );
#9561 = PCURVE('',#8708,#9562);
#9562 = DEFINITIONAL_REPRESENTATION('',(#9563),#9567);
#9563 = LINE('',#9564,#9565);
#9564 = CARTESIAN_POINT('',(5.474810553509E-09,47.9));
#9565 = VECTOR('',#9566,1.);
#9566 = DIRECTION('',(1.,0.));
#9567 = ( GEOMETRIC_REPRESENTATION_CONTEXT(2) 
PARAMETRIC_REPRESENTATION_CONTEXT() REPRESENTATION_CONTEXT('2D SPACE',''
  ) );
#9568 = ORIENTED_EDGE('',*,*,#9367,.T.);
#9569 = ORIENTED_EDGE('',*,*,#9521,.T.);
#9570 = ORIENTED_EDGE('',*,*,#8724,.F.);
#9571 = ADVANCED_FACE('',(#9572),#8708,.T.);
#9572 = FACE_BOUND('',#9573,.T.);
#9573 = EDGE_LOOP('',(#9574,#9575,#9576,#9577));
#9574 = ORIENTED_EDGE('',*,*,#9388,.F.);
#9575 = ORIENTED_EDGE('',*,*,#9548,.T.);
#9576 = ORIENTED_EDGE('',*,*,#8691,.F.);
#9577 = ORIENTED_EDGE('',*,*,#9467,.F.);
#9578 = MANIFOLD_SOLID_BREP('',#9579);
#9579 = CLOSED_SHELL('',(#9580,#9756,#9888,#10015,#10135,#10226,#10336,
    #10462,#10540,#10631,#10736,#10827,#10932,#11047,#11116,#11165,
    #11214,#11297,#11346,#11375,#11461,#11566,#11593,#11642,#11725,
    #12019,#12361,#12368,#12423,#12478,#12533,#12588,#12643,#12698,
    #12757,#12812,#12867,#12921,#12975,#13029,#13083,#13137,#13191,
    #13241,#13295,#13349,#13356,#13363,#13370,#13377,#13384,#13391,
    #13398,#13405));
#9580 = ADVANCED_FACE('',(#9581),#9595,.F.);
#9581 = FACE_BOUND('',#9582,.F.);
#9582 = EDGE_LOOP('',(#9583,#9618,#9646,#9674,#9702,#9730));
#9583 = ORIENTED_EDGE('',*,*,#9584,.T.);
#9584 = EDGE_CURVE('',#9585,#9587,#9589,.T.);
#9585 = VERTEX_POINT('',#9586);
#9586 = CARTESIAN_POINT('',(9.3,-47.7,0.));
#9587 = VERTEX_POINT('',#9588);
#9588 = CARTESIAN_POINT('',(9.3,-47.7,-1.2));
#9589 = SURFACE_CURVE('',#9590,(#9594,#9606),.PCURVE_S1.);
#9590 = LINE('',#9591,#9592);
#9591 = CARTESIAN_POINT('',(9.3,-47.7,0.));
#9592 = VECTOR('',#9593,1.);
#9593 = DIRECTION('',(-0.,-0.,-1.));
#9594 = PCURVE('',#9595,#9600);
#9595 = PLANE('',#9596);
#9596 = AXIS2_PLACEMENT_3D('',#9597,#9598,#9599);
#9597 = CARTESIAN_POINT('',(9.3,-47.7,0.));
#9598 = DIRECTION('',(1.,0.,0.));
#9599 = DIRECTION('',(-0.,1.,0.));
#9600 = DEFINITIONAL_REPRESENTATION('',(#9601),#9605);
#9601 = LINE('',#9602,#9603);
#9602 = CARTESIAN_POINT('',(0.,0.));
#9603 = VECTOR('',#9604,1.);
#9604 = DIRECTION('',(0.,-1.));
#9605 = ( GEOMETRIC_REPRESENTATION_CONTEXT(2) 
PARAMETRIC_REPRESENTATION_CONTEXT() REPRESENTATION_CONTEXT('2D SPACE',''
  ) );
#9606 = PCURVE('',#9607,#9612);
#9607 = PLANE('',#9608);
#9608 = AXIS2_PLACEMENT_3D('',#9609,#9610,#9611);
#9609 = CARTESIAN_POINT('',(9.3,-47.7,0.));
#9610 = DIRECTION('',(0.,-1.,0.));
#9611 = DIRECTION('',(1.,0.,0.));
#9612 = DEFINITIONAL_REPRESENTATION('',(#9613),#9617);
#9613 = LINE('',#9614,#9615);
#9614 = CARTESIAN_POINT('',(0.,0.));
#9615 = VECTOR('',#9616,1.);
#9616 = DIRECTION('',(0.,-1.));
#9617 = ( GEOMETRIC_REPRESENTATION_CONTEXT(2) 
PARAMETRIC_REPRESENTATION_CONTEXT() REPRESENTATION_CONTEXT('2D SPACE',''
  ) );
#9618 = ORIENTED_EDGE('',*,*,#9619,.T.);
#9619 = EDGE_CURVE('',#9587,#9620,#9622,.T.);
#9620 = VERTEX_POINT('',#9621);
#9621 = CARTESIAN_POINT('',(9.3,47.7,-1.2));
#9622 = SURFACE_CURVE('',#9623,(#9627,#9634),.PCURVE_S1.);
#9623 = LINE('',#9624,#9625);
#9624 = CARTESIAN_POINT('',(9.3,0.,-1.2));
#9625 = VECTOR('',#9626,1.);
#9626 = DIRECTION('',(0.,1.,0.));
#9627 = PCURVE('',#9595,#9628);
#9628 = DEFINITIONAL_REPRESENTATION('',(#9629),#9633);
#9629 = LINE('',#9630,#9631);
#9630 = CARTESIAN_POINT('',(47.7,-1.2));
#9631 = VECTOR('',#9632,1.);
#9632 = DIRECTION('',(1.,0.));
#9633 = ( GEOMETRIC_REPRESENTATION_CONTEXT(2) 
PARAMETRIC_REPRESENTATION_CONTEXT() REPRESENTATION_CONTEXT('2D SPACE',''
  ) );
#9634 = PCURVE('',#9635,#9640);
#9635 = PLANE('',#9636);
#9636 = AXIS2_PLACEMENT_3D('',#9637,#9638,#9639);
#9637 = CARTESIAN_POINT('',(30.,0.,-1.2));
#9638 = DIRECTION('',(0.,0.,1.));
#9639 = DIRECTION('',(1.,0.,0.));
#9640 = DEFINITIONAL_REPRESENTATION('',(#9641),#9645);
#9641 = LINE('',#9642,#9643);
#9642 = CARTESIAN_POINT('',(-20.7,0.));
#9643 = VECTOR('',#9644,1.);
#9644 = DIRECTION('',(0.,1.));
#9645 = ( GEOMETRIC_REPRESENTATION_CONTEXT(2) 
PARAMETRIC_REPRESENTATION_CONTEXT() REPRESENTATION_CONTEXT('2D SPACE',''
  ) );
#9646 = ORIENTED_EDGE('',*,*,#9647,.F.);
#9647 = EDGE_CURVE('',#9648,#9620,#9650,.T.);
#9648 = VERTEX_POINT('',#9649);
#9649 = CARTESIAN_POINT('',(9.3,47.7,0.));
#9650 = SURFACE_CURVE('',#9651,(#9655,#9662),.PCURVE_S1.);
#9651 = LINE('',#9652,#9653);
#9652 = CARTESIAN_POINT('',(9.3,47.7,0.));
#9653 = VECTOR('',#9654,1.);
#9654 = DIRECTION('',(-0.,-0.,-1.));
#9655 = PCURVE('',#9595,#9656);
#9656 = DEFINITIONAL_REPRESENTATION('',(#9657),#9661);
#9657 = LINE('',#9658,#9659);
#9658 = CARTESIAN_POINT('',(95.4,0.));
#9659 = VECTOR('',#9660,1.);
#9660 = DIRECTION('',(0.,-1.));
#9661 = ( GEOMETRIC_REPRESENTATION_CONTEXT(2) 
PARAMETRIC_REPRESENTATION_CONTEXT() REPRESENTATION_CONTEXT('2D SPACE',''
  ) );
#9662 = PCURVE('',#9663,#9668);
#9663 = PLANE('',#9664);
#9664 = AXIS2_PLACEMENT_3D('',#9665,#9666,#9667);
#9665 = CARTESIAN_POINT('',(9.3,47.7,0.));
#9666 = DIRECTION('',(0.,-1.,0.));
#9667 = DIRECTION('',(1.,0.,0.));
#9668 = DEFINITIONAL_REPRESENTATION('',(#9669),#9673);
#9669 = LINE('',#9670,#9671);
#9670 = CARTESIAN_POINT('',(0.,0.));
#9671 = VECTOR('',#9672,1.);
#9672 = DIRECTION('',(0.,-1.));
#9673 = ( GEOMETRIC_REPRESENTATION_CONTEXT(2) 
PARAMETRIC_REPRESENTATION_CONTEXT() REPRESENTATION_CONTEXT('2D SPACE',''
  ) );
#9674 = ORIENTED_EDGE('',*,*,#9675,.F.);
#9675 = EDGE_CURVE('',#9676,#9648,#9678,.T.);
#9676 = VERTEX_POINT('',#9677);
#9677 = CARTESIAN_POINT('',(9.3,42.432310742216,0.));
#9678 = SURFACE_CURVE('',#9679,(#9683,#9690),.PCURVE_S1.);
#9679 = LINE('',#9680,#9681);
#9680 = CARTESIAN_POINT('',(9.3,0.,0.));
#9681 = VECTOR('',#9682,1.);
#9682 = DIRECTION('',(0.,1.,0.));
#9683 = PCURVE('',#9595,#9684);
#9684 = DEFINITIONAL_REPRESENTATION('',(#9685),#9689);
#9685 = LINE('',#9686,#9687);
#9686 = CARTESIAN_POINT('',(47.7,0.));
#9687 = VECTOR('',#9688,1.);
#9688 = DIRECTION('',(1.,0.));
#9689 = ( GEOMETRIC_REPRESENTATION_CONTEXT(2) 
PARAMETRIC_REPRESENTATION_CONTEXT() REPRESENTATION_CONTEXT('2D SPACE',''
  ) );
#9690 = PCURVE('',#9691,#9696);
#9691 = PLANE('',#9692);
#9692 = AXIS2_PLACEMENT_3D('',#9693,#9694,#9695);
#9693 = CARTESIAN_POINT('',(30.,0.,0.));
#9694 = DIRECTION('',(0.,0.,1.));
#9695 = DIRECTION('',(1.,0.,0.));
#9696 = DEFINITIONAL_REPRESENTATION('',(#9697),#9701);
#9697 = LINE('',#9698,#9699);
#9698 = CARTESIAN_POINT('',(-20.7,0.));
#9699 = VECTOR('',#9700,1.);
#9700 = DIRECTION('',(0.,1.));
#9701 = ( GEOMETRIC_REPRESENTATION_CONTEXT(2) 
PARAMETRIC_REPRESENTATION_CONTEXT() REPRESENTATION_CONTEXT('2D SPACE',''
  ) );
#9702 = ORIENTED_EDGE('',*,*,#9703,.F.);
#9703 = EDGE_CURVE('',#9704,#9676,#9706,.T.);
#9704 = VERTEX_POINT('',#9705);
#9705 = CARTESIAN_POINT('',(9.3,-42.43231074221,0.));
#9706 = SURFACE_CURVE('',#9707,(#9711,#9718),.PCURVE_S1.);
#9707 = LINE('',#9708,#9709);
#9708 = CARTESIAN_POINT('',(9.3,0.,0.));
#9709 = VECTOR('',#9710,1.);
#9710 = DIRECTION('',(0.,1.,0.));
#9711 = PCURVE('',#9595,#9712);
#9712 = DEFINITIONAL_REPRESENTATION('',(#9713),#9717);
#9713 = LINE('',#9714,#9715);
#9714 = CARTESIAN_POINT('',(47.7,0.));
#9715 = VECTOR('',#9716,1.);
#9716 = DIRECTION('',(1.,0.));
#9717 = ( GEOMETRIC_REPRESENTATION_CONTEXT(2) 
PARAMETRIC_REPRESENTATION_CONTEXT() REPRESENTATION_CONTEXT('2D SPACE',''
  ) );
#9718 = PCURVE('',#9719,#9724);
#9719 = PLANE('',#9720);
#9720 = AXIS2_PLACEMENT_3D('',#9721,#9722,#9723);
#9721 = CARTESIAN_POINT('',(29.999999994525,-1.73210767953E-15,0.));
#9722 = DIRECTION('',(0.,0.,1.));
#9723 = DIRECTION('',(1.,0.,0.));
#9724 = DEFINITIONAL_REPRESENTATION('',(#9725),#9729);
#9725 = LINE('',#9726,#9727);
#9726 = CARTESIAN_POINT('',(-20.69999999452,1.73210767953E-15));
#9727 = VECTOR('',#9728,1.);
#9728 = DIRECTION('',(0.,1.));
#9729 = ( GEOMETRIC_REPRESENTATION_CONTEXT(2) 
PARAMETRIC_REPRESENTATION_CONTEXT() REPRESENTATION_CONTEXT('2D SPACE',''
  ) );
#9730 = ORIENTED_EDGE('',*,*,#9731,.F.);
#9731 = EDGE_CURVE('',#9585,#9704,#9732,.T.);
#9732 = SURFACE_CURVE('',#9733,(#9737,#9744),.PCURVE_S1.);
#9733 = LINE('',#9734,#9735);
#9734 = CARTESIAN_POINT('',(9.3,0.,0.));
#9735 = VECTOR('',#9736,1.);
#9736 = DIRECTION('',(0.,1.,0.));
#9737 = PCURVE('',#9595,#9738);
#9738 = DEFINITIONAL_REPRESENTATION('',(#9739),#9743);
#9739 = LINE('',#9740,#9741);
#9740 = CARTESIAN_POINT('',(47.7,0.));
#9741 = VECTOR('',#9742,1.);
#9742 = DIRECTION('',(1.,0.));
#9743 = ( GEOMETRIC_REPRESENTATION_CONTEXT(2) 
PARAMETRIC_REPRESENTATION_CONTEXT() REPRESENTATION_CONTEXT('2D SPACE',''
  ) );
#9744 = PCURVE('',#9745,#9750);
#9745 = PLANE('',#9746);
#9746 = AXIS2_PLACEMENT_3D('',#9747,#9748,#9749);
#9747 = CARTESIAN_POINT('',(30.,0.,0.));
#9748 = DIRECTION('',(0.,0.,1.));
#9749 = DIRECTION('',(1.,0.,0.));
#9750 = DEFINITIONAL_REPRESENTATION('',(#9751),#9755);
#9751 = LINE('',#9752,#9753);
#9752 = CARTESIAN_POINT('',(-20.7,0.));
#9753 = VECTOR('',#9754,1.);
#9754 = DIRECTION('',(0.,1.));
#9755 = ( GEOMETRIC_REPRESENTATION_CONTEXT(2) 
PARAMETRIC_REPRESENTATION_CONTEXT() REPRESENTATION_CONTEXT('2D SPACE',''
  ) );
#9756 = ADVANCED_FACE('',(#9757),#9607,.T.);
#9757 = FACE_BOUND('',#9758,.T.);
#9758 = EDGE_LOOP('',(#9759,#9760,#9783,#9811,#9839,#9867));
#9759 = ORIENTED_EDGE('',*,*,#9584,.T.);
#9760 = ORIENTED_EDGE('',*,*,#9761,.T.);
#9761 = EDGE_CURVE('',#9587,#9762,#9764,.T.);
#9762 = VERTEX_POINT('',#9763);
#9763 = CARTESIAN_POINT('',(50.7,-47.7,-1.2));
#9764 = SURFACE_CURVE('',#9765,(#9769,#9776),.PCURVE_S1.);
#9765 = LINE('',#9766,#9767);
#9766 = CARTESIAN_POINT('',(30.,-47.7,-1.2));
#9767 = VECTOR('',#9768,1.);
#9768 = DIRECTION('',(1.,0.,0.));
#9769 = PCURVE('',#9607,#9770);
#9770 = DEFINITIONAL_REPRESENTATION('',(#9771),#9775);
#9771 = LINE('',#9772,#9773);
#9772 = CARTESIAN_POINT('',(20.7,-1.2));
#9773 = VECTOR('',#9774,1.);
#9774 = DIRECTION('',(1.,0.));
#9775 = ( GEOMETRIC_REPRESENTATION_CONTEXT(2) 
PARAMETRIC_REPRESENTATION_CONTEXT() REPRESENTATION_CONTEXT('2D SPACE',''
  ) );
#9776 = PCURVE('',#9635,#9777);
#9777 = DEFINITIONAL_REPRESENTATION('',(#9778),#9782);
#9778 = LINE('',#9779,#9780);
#9779 = CARTESIAN_POINT('',(0.,-47.7));
#9780 = VECTOR('',#9781,1.);
#9781 = DIRECTION('',(1.,0.));
#9782 = ( GEOMETRIC_REPRESENTATION_CONTEXT(2) 
PARAMETRIC_REPRESENTATION_CONTEXT() REPRESENTATION_CONTEXT('2D SPACE',''
  ) );
#9783 = ORIENTED_EDGE('',*,*,#9784,.F.);
#9784 = EDGE_CURVE('',#9785,#9762,#9787,.T.);
#9785 = VERTEX_POINT('',#9786);
#9786 = CARTESIAN_POINT('',(50.7,-47.7,0.));
#9787 = SURFACE_CURVE('',#9788,(#9792,#9799),.PCURVE_S1.);
#9788 = LINE('',#9789,#9790);
#9789 = CARTESIAN_POINT('',(50.7,-47.7,0.));
#9790 = VECTOR('',#9791,1.);
#9791 = DIRECTION('',(-0.,-0.,-1.));
#9792 = PCURVE('',#9607,#9793);
#9793 = DEFINITIONAL_REPRESENTATION('',(#9794),#9798);
#9794 = LINE('',#9795,#9796);
#9795 = CARTESIAN_POINT('',(41.4,0.));
#9796 = VECTOR('',#9797,1.);
#9797 = DIRECTION('',(0.,-1.));
#9798 = ( GEOMETRIC_REPRESENTATION_CONTEXT(2) 
PARAMETRIC_REPRESENTATION_CONTEXT() REPRESENTATION_CONTEXT('2D SPACE',''
  ) );
#9799 = PCURVE('',#9800,#9805);
#9800 = PLANE('',#9801);
#9801 = AXIS2_PLACEMENT_3D('',#9802,#9803,#9804);
#9802 = CARTESIAN_POINT('',(50.7,-47.7,0.));
#9803 = DIRECTION('',(1.,0.,0.));
#9804 = DIRECTION('',(-0.,1.,0.));
#9805 = DEFINITIONAL_REPRESENTATION('',(#9806),#9810);
#9806 = LINE('',#9807,#9808);
#9807 = CARTESIAN_POINT('',(0.,0.));
#9808 = VECTOR('',#9809,1.);
#9809 = DIRECTION('',(0.,-1.));
#9810 = ( GEOMETRIC_REPRESENTATION_CONTEXT(2) 
PARAMETRIC_REPRESENTATION_CONTEXT() REPRESENTATION_CONTEXT('2D SPACE',''
  ) );
#9811 = ORIENTED_EDGE('',*,*,#9812,.F.);
#9812 = EDGE_CURVE('',#9813,#9785,#9815,.T.);
#9813 = VERTEX_POINT('',#9814);
#9814 = CARTESIAN_POINT('',(45.432310717118,-47.7,0.));
#9815 = SURFACE_CURVE('',#9816,(#9820,#9827),.PCURVE_S1.);
#9816 = LINE('',#9817,#9818);
#9817 = CARTESIAN_POINT('',(30.,-47.7,0.));
#9818 = VECTOR('',#9819,1.);
#9819 = DIRECTION('',(1.,0.,0.));
#9820 = PCURVE('',#9607,#9821);
#9821 = DEFINITIONAL_REPRESENTATION('',(#9822),#9826);
#9822 = LINE('',#9823,#9824);
#9823 = CARTESIAN_POINT('',(20.7,0.));
#9824 = VECTOR('',#9825,1.);
#9825 = DIRECTION('',(1.,0.));
#9826 = ( GEOMETRIC_REPRESENTATION_CONTEXT(2) 
PARAMETRIC_REPRESENTATION_CONTEXT() REPRESENTATION_CONTEXT('2D SPACE',''
  ) );
#9827 = PCURVE('',#9828,#9833);
#9828 = PLANE('',#9829);
#9829 = AXIS2_PLACEMENT_3D('',#9830,#9831,#9832);
#9830 = CARTESIAN_POINT('',(30.,0.,0.));
#9831 = DIRECTION('',(0.,0.,1.));
#9832 = DIRECTION('',(1.,0.,0.));
#9833 = DEFINITIONAL_REPRESENTATION('',(#9834),#9838);
#9834 = LINE('',#9835,#9836);
#9835 = CARTESIAN_POINT('',(0.,-47.7));
#9836 = VECTOR('',#9837,1.);
#9837 = DIRECTION('',(1.,0.));
#9838 = ( GEOMETRIC_REPRESENTATION_CONTEXT(2) 
PARAMETRIC_REPRESENTATION_CONTEXT() REPRESENTATION_CONTEXT('2D SPACE',''
  ) );
#9839 = ORIENTED_EDGE('',*,*,#9840,.F.);
#9840 = EDGE_CURVE('',#9841,#9813,#9843,.T.);
#9841 = VERTEX_POINT('',#9842);
#9842 = CARTESIAN_POINT('',(14.567689257784,-47.7,0.));
#9843 = SURFACE_CURVE('',#9844,(#9848,#9855),.PCURVE_S1.);
#9844 = LINE('',#9845,#9846);
#9845 = CARTESIAN_POINT('',(30.,-47.7,0.));
#9846 = VECTOR('',#9847,1.);
#9847 = DIRECTION('',(1.,0.,0.));
#9848 = PCURVE('',#9607,#9849);
#9849 = DEFINITIONAL_REPRESENTATION('',(#9850),#9854);
#9850 = LINE('',#9851,#9852);
#9851 = CARTESIAN_POINT('',(20.7,0.));
#9852 = VECTOR('',#9853,1.);
#9853 = DIRECTION('',(1.,0.));
#9854 = ( GEOMETRIC_REPRESENTATION_CONTEXT(2) 
PARAMETRIC_REPRESENTATION_CONTEXT() REPRESENTATION_CONTEXT('2D SPACE',''
  ) );
#9855 = PCURVE('',#9856,#9861);
#9856 = PLANE('',#9857);
#9857 = AXIS2_PLACEMENT_3D('',#9858,#9859,#9860);
#9858 = CARTESIAN_POINT('',(29.999999994525,-1.73210767953E-15,0.));
#9859 = DIRECTION('',(0.,0.,1.));
#9860 = DIRECTION('',(1.,0.,0.));
#9861 = DEFINITIONAL_REPRESENTATION('',(#9862),#9866);
#9862 = LINE('',#9863,#9864);
#9863 = CARTESIAN_POINT('',(5.474810553509E-09,-47.7));
#9864 = VECTOR('',#9865,1.);
#9865 = DIRECTION('',(1.,0.));
#9866 = ( GEOMETRIC_REPRESENTATION_CONTEXT(2) 
PARAMETRIC_REPRESENTATION_CONTEXT() REPRESENTATION_CONTEXT('2D SPACE',''
  ) );
#9867 = ORIENTED_EDGE('',*,*,#9868,.F.);
#9868 = EDGE_CURVE('',#9585,#9841,#9869,.T.);
#9869 = SURFACE_CURVE('',#9870,(#9874,#9881),.PCURVE_S1.);
#9870 = LINE('',#9871,#9872);
#9871 = CARTESIAN_POINT('',(30.,-47.7,0.));
#9872 = VECTOR('',#9873,1.);
#9873 = DIRECTION('',(1.,0.,0.));
#9874 = PCURVE('',#9607,#9875);
#9875 = DEFINITIONAL_REPRESENTATION('',(#9876),#9880);
#9876 = LINE('',#9877,#9878);
#9877 = CARTESIAN_POINT('',(20.7,0.));
#9878 = VECTOR('',#9879,1.);
#9879 = DIRECTION('',(1.,0.));
#9880 = ( GEOMETRIC_REPRESENTATION_CONTEXT(2) 
PARAMETRIC_REPRESENTATION_CONTEXT() REPRESENTATION_CONTEXT('2D SPACE',''
  ) );
#9881 = PCURVE('',#9745,#9882);
#9882 = DEFINITIONAL_REPRESENTATION('',(#9883),#9887);
#9883 = LINE('',#9884,#9885);
#9884 = CARTESIAN_POINT('',(0.,-47.7));
#9885 = VECTOR('',#9886,1.);
#9886 = DIRECTION('',(1.,0.));
#9887 = ( GEOMETRIC_REPRESENTATION_CONTEXT(2) 
PARAMETRIC_REPRESENTATION_CONTEXT() REPRESENTATION_CONTEXT('2D SPACE',''
  ) );
#9888 = ADVANCED_FACE('',(#9889),#9663,.F.);
#9889 = FACE_BOUND('',#9890,.F.);
#9890 = EDGE_LOOP('',(#9891,#9892,#9915,#9938,#9966,#9994));
#9891 = ORIENTED_EDGE('',*,*,#9647,.T.);
#9892 = ORIENTED_EDGE('',*,*,#9893,.T.);
#9893 = EDGE_CURVE('',#9620,#9894,#9896,.T.);
#9894 = VERTEX_POINT('',#9895);
#9895 = CARTESIAN_POINT('',(50.7,47.7,-1.2));
#9896 = SURFACE_CURVE('',#9897,(#9901,#9908),.PCURVE_S1.);
#9897 = LINE('',#9898,#9899);
#9898 = CARTESIAN_POINT('',(30.,47.7,-1.2));
#9899 = VECTOR('',#9900,1.);
#9900 = DIRECTION('',(1.,0.,0.));
#9901 = PCURVE('',#9663,#9902);
#9902 = DEFINITIONAL_REPRESENTATION('',(#9903),#9907);
#9903 = LINE('',#9904,#9905);
#9904 = CARTESIAN_POINT('',(20.7,-1.2));
#9905 = VECTOR('',#9906,1.);
#9906 = DIRECTION('',(1.,0.));
#9907 = ( GEOMETRIC_REPRESENTATION_CONTEXT(2) 
PARAMETRIC_REPRESENTATION_CONTEXT() REPRESENTATION_CONTEXT('2D SPACE',''
  ) );
#9908 = PCURVE('',#9635,#9909);
#9909 = DEFINITIONAL_REPRESENTATION('',(#9910),#9914);
#9910 = LINE('',#9911,#9912);
#9911 = CARTESIAN_POINT('',(0.,47.7));
#9912 = VECTOR('',#9913,1.);
#9913 = DIRECTION('',(1.,0.));
#9914 = ( GEOMETRIC_REPRESENTATION_CONTEXT(2) 
PARAMETRIC_REPRESENTATION_CONTEXT() REPRESENTATION_CONTEXT('2D SPACE',''
  ) );
#9915 = ORIENTED_EDGE('',*,*,#9916,.F.);
#9916 = EDGE_CURVE('',#9917,#9894,#9919,.T.);
#9917 = VERTEX_POINT('',#9918);
#9918 = CARTESIAN_POINT('',(50.7,47.7,0.));
#9919 = SURFACE_CURVE('',#9920,(#9924,#9931),.PCURVE_S1.);
#9920 = LINE('',#9921,#9922);
#9921 = CARTESIAN_POINT('',(50.7,47.7,0.));
#9922 = VECTOR('',#9923,1.);
#9923 = DIRECTION('',(-0.,-0.,-1.));
#9924 = PCURVE('',#9663,#9925);
#9925 = DEFINITIONAL_REPRESENTATION('',(#9926),#9930);
#9926 = LINE('',#9927,#9928);
#9927 = CARTESIAN_POINT('',(41.4,0.));
#9928 = VECTOR('',#9929,1.);
#9929 = DIRECTION('',(0.,-1.));
#9930 = ( GEOMETRIC_REPRESENTATION_CONTEXT(2) 
PARAMETRIC_REPRESENTATION_CONTEXT() REPRESENTATION_CONTEXT('2D SPACE',''
  ) );
#9931 = PCURVE('',#9800,#9932);
#9932 = DEFINITIONAL_REPRESENTATION('',(#9933),#9937);
#9933 = LINE('',#9934,#9935);
#9934 = CARTESIAN_POINT('',(95.4,0.));
#9935 = VECTOR('',#9936,1.);
#9936 = DIRECTION('',(0.,-1.));
#9937 = ( GEOMETRIC_REPRESENTATION_CONTEXT(2) 
PARAMETRIC_REPRESENTATION_CONTEXT() REPRESENTATION_CONTEXT('2D SPACE',''
  ) );
#9938 = ORIENTED_EDGE('',*,*,#9939,.F.);
#9939 = EDGE_CURVE('',#9940,#9917,#9942,.T.);
#9940 = VERTEX_POINT('',#9941);
#9941 = CARTESIAN_POINT('',(45.432310717118,47.7,0.));
#9942 = SURFACE_CURVE('',#9943,(#9947,#9954),.PCURVE_S1.);
#9943 = LINE('',#9944,#9945);
#9944 = CARTESIAN_POINT('',(30.,47.7,0.));
#9945 = VECTOR('',#9946,1.);
#9946 = DIRECTION('',(1.,0.,0.));
#9947 = PCURVE('',#9663,#9948);
#9948 = DEFINITIONAL_REPRESENTATION('',(#9949),#9953);
#9949 = LINE('',#9950,#9951);
#9950 = CARTESIAN_POINT('',(20.7,0.));
#9951 = VECTOR('',#9952,1.);
#9952 = DIRECTION('',(1.,0.));
#9953 = ( GEOMETRIC_REPRESENTATION_CONTEXT(2) 
PARAMETRIC_REPRESENTATION_CONTEXT() REPRESENTATION_CONTEXT('2D SPACE',''
  ) );
#9954 = PCURVE('',#9955,#9960);
#9955 = PLANE('',#9956);
#9956 = AXIS2_PLACEMENT_3D('',#9957,#9958,#9959);
#9957 = CARTESIAN_POINT('',(30.,0.,0.));
#9958 = DIRECTION('',(0.,0.,1.));
#9959 = DIRECTION('',(1.,0.,0.));
#9960 = DEFINITIONAL_REPRESENTATION('',(#9961),#9965);
#9961 = LINE('',#9962,#9963);
#9962 = CARTESIAN_POINT('',(0.,47.7));
#9963 = VECTOR('',#9964,1.);
#9964 = DIRECTION('',(1.,0.));
#9965 = ( GEOMETRIC_REPRESENTATION_CONTEXT(2) 
PARAMETRIC_REPRESENTATION_CONTEXT() REPRESENTATION_CONTEXT('2D SPACE',''
  ) );
#9966 = ORIENTED_EDGE('',*,*,#9967,.F.);
#9967 = EDGE_CURVE('',#9968,#9940,#9970,.T.);
#9968 = VERTEX_POINT('',#9969);
#9969 = CARTESIAN_POINT('',(14.567689257784,47.7,0.));
#9970 = SURFACE_CURVE('',#9971,(#9975,#9982),.PCURVE_S1.);
#9971 = LINE('',#9972,#9973);
#9972 = CARTESIAN_POINT('',(30.,47.7,0.));
#9973 = VECTOR('',#9974,1.);
#9974 = DIRECTION('',(1.,0.,0.));
#9975 = PCURVE('',#9663,#9976);
#9976 = DEFINITIONAL_REPRESENTATION('',(#9977),#9981);
#9977 = LINE('',#9978,#9979);
#9978 = CARTESIAN_POINT('',(20.7,0.));
#9979 = VECTOR('',#9980,1.);
#9980 = DIRECTION('',(1.,0.));
#9981 = ( GEOMETRIC_REPRESENTATION_CONTEXT(2) 
PARAMETRIC_REPRESENTATION_CONTEXT() REPRESENTATION_CONTEXT('2D SPACE',''
  ) );
#9982 = PCURVE('',#9983,#9988);
#9983 = PLANE('',#9984);
#9984 = AXIS2_PLACEMENT_3D('',#9985,#9986,#9987);
#9985 = CARTESIAN_POINT('',(29.999999994525,-1.73210767953E-15,0.));
#9986 = DIRECTION('',(0.,0.,1.));
#9987 = DIRECTION('',(1.,0.,0.));
#9988 = DEFINITIONAL_REPRESENTATION('',(#9989),#9993);
#9989 = LINE('',#9990,#9991);
#9990 = CARTESIAN_POINT('',(5.474810553509E-09,47.7));
#9991 = VECTOR('',#9992,1.);
#9992 = DIRECTION('',(1.,0.));
#9993 = ( GEOMETRIC_REPRESENTATION_CONTEXT(2) 
PARAMETRIC_REPRESENTATION_CONTEXT() REPRESENTATION_CONTEXT('2D SPACE',''
  ) );
#9994 = ORIENTED_EDGE('',*,*,#9995,.F.);
#9995 = EDGE_CURVE('',#9648,#9968,#9996,.T.);
#9996 = SURFACE_CURVE('',#9997,(#10001,#10008),.PCURVE_S1.);
#9997 = LINE('',#9998,#9999);
#9998 = CARTESIAN_POINT('',(30.,47.7,0.));
#9999 = VECTOR('',#10000,1.);
#10000 = DIRECTION('',(1.,0.,0.));
#10001 = PCURVE('',#9663,#10002);
#10002 = DEFINITIONAL_REPRESENTATION('',(#10003),#10007);
#10003 = LINE('',#10004,#10005);
#10004 = CARTESIAN_POINT('',(20.7,0.));
#10005 = VECTOR('',#10006,1.);
#10006 = DIRECTION('',(1.,0.));
#10007 = ( GEOMETRIC_REPRESENTATION_CONTEXT(2) 
PARAMETRIC_REPRESENTATION_CONTEXT() REPRESENTATION_CONTEXT('2D SPACE',''
  ) );
#10008 = PCURVE('',#9691,#10009);
#10009 = DEFINITIONAL_REPRESENTATION('',(#10010),#10014);
#10010 = LINE('',#10011,#10012);
#10011 = CARTESIAN_POINT('',(0.,47.7));
#10012 = VECTOR('',#10013,1.);
#10013 = DIRECTION('',(1.,0.));
#10014 = ( GEOMETRIC_REPRESENTATION_CONTEXT(2) 
PARAMETRIC_REPRESENTATION_CONTEXT() REPRESENTATION_CONTEXT('2D SPACE',''
  ) );
#10015 = ADVANCED_FACE('',(#10016),#9745,.T.);
#10016 = FACE_BOUND('',#10017,.T.);
#10017 = EDGE_LOOP('',(#10018,#10019,#10020,#10053,#10081,#10109));
#10018 = ORIENTED_EDGE('',*,*,#9731,.F.);
#10019 = ORIENTED_EDGE('',*,*,#9868,.T.);
#10020 = ORIENTED_EDGE('',*,*,#10021,.T.);
#10021 = EDGE_CURVE('',#9841,#10022,#10024,.T.);
#10022 = VERTEX_POINT('',#10023);
#10023 = CARTESIAN_POINT('',(13.366750419289,-47.,0.));
#10024 = SURFACE_CURVE('',#10025,(#10030,#10041),.PCURVE_S1.);
#10025 = CIRCLE('',#10026,12.);
#10026 = AXIS2_PLACEMENT_3D('',#10027,#10028,#10029);
#10027 = CARTESIAN_POINT('',(20.,-37.,0.));
#10028 = DIRECTION('',(0.,0.,-1.));
#10029 = DIRECTION('',(-1.,0.,0.));
#10030 = PCURVE('',#9745,#10031);
#10031 = DEFINITIONAL_REPRESENTATION('',(#10032),#10040);
#10032 = ( BOUNDED_CURVE() B_SPLINE_CURVE(2,(#10033,#10034,#10035,#10036
    ,#10037,#10038,#10039),.UNSPECIFIED.,.T.,.F.) 
B_SPLINE_CURVE_WITH_KNOTS((1,2,2,2,2,1),(-2.094395102393,0.,
    2.094395102393,4.188790204786,6.28318530718,8.377580409573),
.UNSPECIFIED.) CURVE() GEOMETRIC_REPRESENTATION_ITEM() 
RATIONAL_B_SPLINE_CURVE((1.,0.5,1.,0.5,1.,0.5,1.)) REPRESENTATION_ITEM(
  '') );
#10033 = CARTESIAN_POINT('',(-22.,-37.));
#10034 = CARTESIAN_POINT('',(-22.,-16.21539030917));
#10035 = CARTESIAN_POINT('',(-4.,-26.60769515458));
#10036 = CARTESIAN_POINT('',(14.,-37.));
#10037 = CARTESIAN_POINT('',(-4.,-47.39230484541));
#10038 = CARTESIAN_POINT('',(-22.,-57.78460969082));
#10039 = CARTESIAN_POINT('',(-22.,-37.));
#10040 = ( GEOMETRIC_REPRESENTATION_CONTEXT(2) 
PARAMETRIC_REPRESENTATION_CONTEXT() REPRESENTATION_CONTEXT('2D SPACE',''
  ) );
#10041 = PCURVE('',#10042,#10047);
#10042 = CYLINDRICAL_SURFACE('',#10043,12.);
#10043 = AXIS2_PLACEMENT_3D('',#10044,#10045,#10046);
#10044 = CARTESIAN_POINT('',(20.,-37.,0.));
#10045 = DIRECTION('',(0.,0.,-1.));
#10046 = DIRECTION('',(-1.,0.,0.));
#10047 = DEFINITIONAL_REPRESENTATION('',(#10048),#10052);
#10048 = LINE('',#10049,#10050);
#10049 = CARTESIAN_POINT('',(0.,0.));
#10050 = VECTOR('',#10051,1.);
#10051 = DIRECTION('',(1.,0.));
#10052 = ( GEOMETRIC_REPRESENTATION_CONTEXT(2) 
PARAMETRIC_REPRESENTATION_CONTEXT() REPRESENTATION_CONTEXT('2D SPACE',''
  ) );
#10053 = ORIENTED_EDGE('',*,*,#10054,.F.);
#10054 = EDGE_CURVE('',#10055,#10022,#10057,.T.);
#10055 = VERTEX_POINT('',#10056);
#10056 = CARTESIAN_POINT('',(10.,-47.,0.));
#10057 = SURFACE_CURVE('',#10058,(#10062,#10069),.PCURVE_S1.);
#10058 = LINE('',#10059,#10060);
#10059 = CARTESIAN_POINT('',(30.,-47.,0.));
#10060 = VECTOR('',#10061,1.);
#10061 = DIRECTION('',(1.,0.,0.));
#10062 = PCURVE('',#9745,#10063);
#10063 = DEFINITIONAL_REPRESENTATION('',(#10064),#10068);
#10064 = LINE('',#10065,#10066);
#10065 = CARTESIAN_POINT('',(0.,-47.));
#10066 = VECTOR('',#10067,1.);
#10067 = DIRECTION('',(1.,0.));
#10068 = ( GEOMETRIC_REPRESENTATION_CONTEXT(2) 
PARAMETRIC_REPRESENTATION_CONTEXT() REPRESENTATION_CONTEXT('2D SPACE',''
  ) );
#10069 = PCURVE('',#10070,#10075);
#10070 = PLANE('',#10071);
#10071 = AXIS2_PLACEMENT_3D('',#10072,#10073,#10074);
#10072 = CARTESIAN_POINT('',(10.,-47.,0.));
#10073 = DIRECTION('',(0.,-1.,0.));
#10074 = DIRECTION('',(1.,0.,0.));
#10075 = DEFINITIONAL_REPRESENTATION('',(#10076),#10080);
#10076 = LINE('',#10077,#10078);
#10077 = CARTESIAN_POINT('',(20.,0.));
#10078 = VECTOR('',#10079,1.);
#10079 = DIRECTION('',(1.,0.));
#10080 = ( GEOMETRIC_REPRESENTATION_CONTEXT(2) 
PARAMETRIC_REPRESENTATION_CONTEXT() REPRESENTATION_CONTEXT('2D SPACE',''
  ) );
#10081 = ORIENTED_EDGE('',*,*,#10082,.T.);
#10082 = EDGE_CURVE('',#10055,#10083,#10085,.T.);
#10083 = VERTEX_POINT('',#10084);
#10084 = CARTESIAN_POINT('',(10.,-43.63324958071,0.));
#10085 = SURFACE_CURVE('',#10086,(#10090,#10097),.PCURVE_S1.);
#10086 = LINE('',#10087,#10088);
#10087 = CARTESIAN_POINT('',(10.,0.,0.));
#10088 = VECTOR('',#10089,1.);
#10089 = DIRECTION('',(0.,1.,0.));
#10090 = PCURVE('',#9745,#10091);
#10091 = DEFINITIONAL_REPRESENTATION('',(#10092),#10096);
#10092 = LINE('',#10093,#10094);
#10093 = CARTESIAN_POINT('',(-20.,0.));
#10094 = VECTOR('',#10095,1.);
#10095 = DIRECTION('',(0.,1.));
#10096 = ( GEOMETRIC_REPRESENTATION_CONTEXT(2) 
PARAMETRIC_REPRESENTATION_CONTEXT() REPRESENTATION_CONTEXT('2D SPACE',''
  ) );
#10097 = PCURVE('',#10098,#10103);
#10098 = PLANE('',#10099);
#10099 = AXIS2_PLACEMENT_3D('',#10100,#10101,#10102);
#10100 = CARTESIAN_POINT('',(10.,-47.,0.));
#10101 = DIRECTION('',(1.,0.,0.));
#10102 = DIRECTION('',(-0.,1.,0.));
#10103 = DEFINITIONAL_REPRESENTATION('',(#10104),#10108);
#10104 = LINE('',#10105,#10106);
#10105 = CARTESIAN_POINT('',(47.,0.));
#10106 = VECTOR('',#10107,1.);
#10107 = DIRECTION('',(1.,0.));
#10108 = ( GEOMETRIC_REPRESENTATION_CONTEXT(2) 
PARAMETRIC_REPRESENTATION_CONTEXT() REPRESENTATION_CONTEXT('2D SPACE',''
  ) );
#10109 = ORIENTED_EDGE('',*,*,#10110,.T.);
#10110 = EDGE_CURVE('',#10083,#9704,#10111,.T.);
#10111 = SURFACE_CURVE('',#10112,(#10117,#10128),.PCURVE_S1.);
#10112 = CIRCLE('',#10113,12.);
#10113 = AXIS2_PLACEMENT_3D('',#10114,#10115,#10116);
#10114 = CARTESIAN_POINT('',(20.,-37.,0.));
#10115 = DIRECTION('',(0.,0.,-1.));
#10116 = DIRECTION('',(-1.,0.,0.));
#10117 = PCURVE('',#9745,#10118);
#10118 = DEFINITIONAL_REPRESENTATION('',(#10119),#10127);
#10119 = ( BOUNDED_CURVE() B_SPLINE_CURVE(2,(#10120,#10121,#10122,#10123
    ,#10124,#10125,#10126),.UNSPECIFIED.,.T.,.F.) 
B_SPLINE_CURVE_WITH_KNOTS((1,2,2,2,2,1),(-2.094395102393,0.,
    2.094395102393,4.188790204786,6.28318530718,8.377580409573),
.UNSPECIFIED.) CURVE() GEOMETRIC_REPRESENTATION_ITEM() 
RATIONAL_B_SPLINE_CURVE((1.,0.5,1.,0.5,1.,0.5,1.)) REPRESENTATION_ITEM(
  '') );
#10120 = CARTESIAN_POINT('',(-22.,-37.));
#10121 = CARTESIAN_POINT('',(-22.,-16.21539030917));
#10122 = CARTESIAN_POINT('',(-4.,-26.60769515458));
#10123 = CARTESIAN_POINT('',(14.,-37.));
#10124 = CARTESIAN_POINT('',(-4.,-47.39230484541));
#10125 = CARTESIAN_POINT('',(-22.,-57.78460969082));
#10126 = CARTESIAN_POINT('',(-22.,-37.));
#10127 = ( GEOMETRIC_REPRESENTATION_CONTEXT(2) 
PARAMETRIC_REPRESENTATION_CONTEXT() REPRESENTATION_CONTEXT('2D SPACE',''
  ) );
#10128 = PCURVE('',#10042,#10129);
#10129 = DEFINITIONAL_REPRESENTATION('',(#10130),#10134);
#10130 = LINE('',#10131,#10132);
#10131 = CARTESIAN_POINT('',(0.,0.));
#10132 = VECTOR('',#10133,1.);
#10133 = DIRECTION('',(1.,0.));
#10134 = ( GEOMETRIC_REPRESENTATION_CONTEXT(2) 
PARAMETRIC_REPRESENTATION_CONTEXT() REPRESENTATION_CONTEXT('2D SPACE',''
  ) );
#10135 = ADVANCED_FACE('',(#10136),#9719,.F.);
#10136 = FACE_BOUND('',#10137,.F.);
#10137 = EDGE_LOOP('',(#10138,#10168,#10194,#10195));
#10138 = ORIENTED_EDGE('',*,*,#10139,.F.);
#10139 = EDGE_CURVE('',#10140,#10142,#10144,.T.);
#10140 = VERTEX_POINT('',#10141);
#10141 = CARTESIAN_POINT('',(8.,-37.,0.));
#10142 = VERTEX_POINT('',#10143);
#10143 = CARTESIAN_POINT('',(8.,37.,0.));
#10144 = SURFACE_CURVE('',#10145,(#10149,#10156),.PCURVE_S1.);
#10145 = LINE('',#10146,#10147);
#10146 = CARTESIAN_POINT('',(8.,0.,0.));
#10147 = VECTOR('',#10148,1.);
#10148 = DIRECTION('',(0.,1.,0.));
#10149 = PCURVE('',#9719,#10150);
#10150 = DEFINITIONAL_REPRESENTATION('',(#10151),#10155);
#10151 = LINE('',#10152,#10153);
#10152 = CARTESIAN_POINT('',(-21.99999999452,1.73210767953E-15));
#10153 = VECTOR('',#10154,1.);
#10154 = DIRECTION('',(0.,1.));
#10155 = ( GEOMETRIC_REPRESENTATION_CONTEXT(2) 
PARAMETRIC_REPRESENTATION_CONTEXT() REPRESENTATION_CONTEXT('2D SPACE',''
  ) );
#10156 = PCURVE('',#10157,#10162);
#10157 = PLANE('',#10158);
#10158 = AXIS2_PLACEMENT_3D('',#10159,#10160,#10161);
#10159 = CARTESIAN_POINT('',(8.,-37.,0.));
#10160 = DIRECTION('',(-1.,0.,0.));
#10161 = DIRECTION('',(0.,1.,0.));
#10162 = DEFINITIONAL_REPRESENTATION('',(#10163),#10167);
#10163 = LINE('',#10164,#10165);
#10164 = CARTESIAN_POINT('',(37.,0.));
#10165 = VECTOR('',#10166,1.);
#10166 = DIRECTION('',(1.,0.));
#10167 = ( GEOMETRIC_REPRESENTATION_CONTEXT(2) 
PARAMETRIC_REPRESENTATION_CONTEXT() REPRESENTATION_CONTEXT('2D SPACE',''
  ) );
#10168 = ORIENTED_EDGE('',*,*,#10169,.F.);
#10169 = EDGE_CURVE('',#9704,#10140,#10170,.T.);
#10170 = SURFACE_CURVE('',#10171,(#10176,#10187),.PCURVE_S1.);
#10171 = CIRCLE('',#10172,12.);
#10172 = AXIS2_PLACEMENT_3D('',#10173,#10174,#10175);
#10173 = CARTESIAN_POINT('',(20.,-37.,0.));
#10174 = DIRECTION('',(0.,0.,-1.));
#10175 = DIRECTION('',(-1.,0.,0.));
#10176 = PCURVE('',#9719,#10177);
#10177 = DEFINITIONAL_REPRESENTATION('',(#10178),#10186);
#10178 = ( BOUNDED_CURVE() B_SPLINE_CURVE(2,(#10179,#10180,#10181,#10182
    ,#10183,#10184,#10185),.UNSPECIFIED.,.T.,.F.) 
B_SPLINE_CURVE_WITH_KNOTS((1,2,2,2,2,1),(-2.094395102393,0.,
    2.094395102393,4.188790204786,6.28318530718,8.377580409573),
.UNSPECIFIED.) CURVE() GEOMETRIC_REPRESENTATION_ITEM() 
RATIONAL_B_SPLINE_CURVE((1.,0.5,1.,0.5,1.,0.5,1.)) REPRESENTATION_ITEM(
  '') );
#10179 = CARTESIAN_POINT('',(-21.99999999452,-37.));
#10180 = CARTESIAN_POINT('',(-21.99999999452,-16.21539030917));
#10181 = CARTESIAN_POINT('',(-3.999999994525,-26.60769515458));
#10182 = CARTESIAN_POINT('',(14.000000005475,-37.));
#10183 = CARTESIAN_POINT('',(-3.999999994525,-47.39230484541));
#10184 = CARTESIAN_POINT('',(-21.99999999452,-57.78460969082));
#10185 = CARTESIAN_POINT('',(-21.99999999452,-37.));
#10186 = ( GEOMETRIC_REPRESENTATION_CONTEXT(2) 
PARAMETRIC_REPRESENTATION_CONTEXT() REPRESENTATION_CONTEXT('2D SPACE',''
  ) );
#10187 = PCURVE('',#10042,#10188);
#10188 = DEFINITIONAL_REPRESENTATION('',(#10189),#10193);
#10189 = LINE('',#10190,#10191);
#10190 = CARTESIAN_POINT('',(0.,0.));
#10191 = VECTOR('',#10192,1.);
#10192 = DIRECTION('',(1.,0.));
#10193 = ( GEOMETRIC_REPRESENTATION_CONTEXT(2) 
PARAMETRIC_REPRESENTATION_CONTEXT() REPRESENTATION_CONTEXT('2D SPACE',''
  ) );
#10194 = ORIENTED_EDGE('',*,*,#9703,.T.);
#10195 = ORIENTED_EDGE('',*,*,#10196,.F.);
#10196 = EDGE_CURVE('',#10142,#9676,#10197,.T.);
#10197 = SURFACE_CURVE('',#10198,(#10203,#10214),.PCURVE_S1.);
#10198 = CIRCLE('',#10199,12.);
#10199 = AXIS2_PLACEMENT_3D('',#10200,#10201,#10202);
#10200 = CARTESIAN_POINT('',(20.,37.,0.));
#10201 = DIRECTION('',(0.,0.,-1.));
#10202 = DIRECTION('',(-1.,0.,0.));
#10203 = PCURVE('',#9719,#10204);
#10204 = DEFINITIONAL_REPRESENTATION('',(#10205),#10213);
#10205 = ( BOUNDED_CURVE() B_SPLINE_CURVE(2,(#10206,#10207,#10208,#10209
    ,#10210,#10211,#10212),.UNSPECIFIED.,.T.,.F.) 
B_SPLINE_CURVE_WITH_KNOTS((1,2,2,2,2,1),(-2.094395102393,0.,
    2.094395102393,4.188790204786,6.28318530718,8.377580409573),
.UNSPECIFIED.) CURVE() GEOMETRIC_REPRESENTATION_ITEM() 
RATIONAL_B_SPLINE_CURVE((1.,0.5,1.,0.5,1.,0.5,1.)) REPRESENTATION_ITEM(
  '') );
#10206 = CARTESIAN_POINT('',(-21.99999999452,37.));
#10207 = CARTESIAN_POINT('',(-21.99999999452,57.784609690827));
#10208 = CARTESIAN_POINT('',(-3.999999994525,47.392304845413));
#10209 = CARTESIAN_POINT('',(14.000000005475,37.));
#10210 = CARTESIAN_POINT('',(-3.999999994525,26.607695154587));
#10211 = CARTESIAN_POINT('',(-21.99999999452,16.215390309173));
#10212 = CARTESIAN_POINT('',(-21.99999999452,37.));
#10213 = ( GEOMETRIC_REPRESENTATION_CONTEXT(2) 
PARAMETRIC_REPRESENTATION_CONTEXT() REPRESENTATION_CONTEXT('2D SPACE',''
  ) );
#10214 = PCURVE('',#10215,#10220);
#10215 = CYLINDRICAL_SURFACE('',#10216,12.);
#10216 = AXIS2_PLACEMENT_3D('',#10217,#10218,#10219);
#10217 = CARTESIAN_POINT('',(20.,37.,0.));
#10218 = DIRECTION('',(0.,0.,-1.));
#10219 = DIRECTION('',(-1.,0.,0.));
#10220 = DEFINITIONAL_REPRESENTATION('',(#10221),#10225);
#10221 = LINE('',#10222,#10223);
#10222 = CARTESIAN_POINT('',(0.,0.));
#10223 = VECTOR('',#10224,1.);
#10224 = DIRECTION('',(1.,0.));
#10225 = ( GEOMETRIC_REPRESENTATION_CONTEXT(2) 
PARAMETRIC_REPRESENTATION_CONTEXT() REPRESENTATION_CONTEXT('2D SPACE',''
  ) );
#10226 = ADVANCED_FACE('',(#10227),#9691,.T.);
#10227 = FACE_BOUND('',#10228,.T.);
#10228 = EDGE_LOOP('',(#10229,#10230,#10258,#10281,#10309,#10335));
#10229 = ORIENTED_EDGE('',*,*,#9675,.F.);
#10230 = ORIENTED_EDGE('',*,*,#10231,.T.);
#10231 = EDGE_CURVE('',#9676,#10232,#10234,.T.);
#10232 = VERTEX_POINT('',#10233);
#10233 = CARTESIAN_POINT('',(10.,43.633249580711,0.));
#10234 = SURFACE_CURVE('',#10235,(#10240,#10251),.PCURVE_S1.);
#10235 = CIRCLE('',#10236,12.);
#10236 = AXIS2_PLACEMENT_3D('',#10237,#10238,#10239);
#10237 = CARTESIAN_POINT('',(20.,37.,0.));
#10238 = DIRECTION('',(0.,0.,-1.));
#10239 = DIRECTION('',(-1.,0.,0.));
#10240 = PCURVE('',#9691,#10241);
#10241 = DEFINITIONAL_REPRESENTATION('',(#10242),#10250);
#10242 = ( BOUNDED_CURVE() B_SPLINE_CURVE(2,(#10243,#10244,#10245,#10246
    ,#10247,#10248,#10249),.UNSPECIFIED.,.T.,.F.) 
B_SPLINE_CURVE_WITH_KNOTS((1,2,2,2,2,1),(-2.094395102393,0.,
    2.094395102393,4.188790204786,6.28318530718,8.377580409573),
.UNSPECIFIED.) CURVE() GEOMETRIC_REPRESENTATION_ITEM() 
RATIONAL_B_SPLINE_CURVE((1.,0.5,1.,0.5,1.,0.5,1.)) REPRESENTATION_ITEM(
  '') );
#10243 = CARTESIAN_POINT('',(-22.,37.));
#10244 = CARTESIAN_POINT('',(-22.,57.784609690827));
#10245 = CARTESIAN_POINT('',(-4.,47.392304845413));
#10246 = CARTESIAN_POINT('',(14.,37.));
#10247 = CARTESIAN_POINT('',(-4.,26.607695154587));
#10248 = CARTESIAN_POINT('',(-22.,16.215390309173));
#10249 = CARTESIAN_POINT('',(-22.,37.));
#10250 = ( GEOMETRIC_REPRESENTATION_CONTEXT(2) 
PARAMETRIC_REPRESENTATION_CONTEXT() REPRESENTATION_CONTEXT('2D SPACE',''
  ) );
#10251 = PCURVE('',#10215,#10252);
#10252 = DEFINITIONAL_REPRESENTATION('',(#10253),#10257);
#10253 = LINE('',#10254,#10255);
#10254 = CARTESIAN_POINT('',(0.,0.));
#10255 = VECTOR('',#10256,1.);
#10256 = DIRECTION('',(1.,0.));
#10257 = ( GEOMETRIC_REPRESENTATION_CONTEXT(2) 
PARAMETRIC_REPRESENTATION_CONTEXT() REPRESENTATION_CONTEXT('2D SPACE',''
  ) );
#10258 = ORIENTED_EDGE('',*,*,#10259,.T.);
#10259 = EDGE_CURVE('',#10232,#10260,#10262,.T.);
#10260 = VERTEX_POINT('',#10261);
#10261 = CARTESIAN_POINT('',(10.,47.,0.));
#10262 = SURFACE_CURVE('',#10263,(#10267,#10274),.PCURVE_S1.);
#10263 = LINE('',#10264,#10265);
#10264 = CARTESIAN_POINT('',(10.,0.,0.));
#10265 = VECTOR('',#10266,1.);
#10266 = DIRECTION('',(0.,1.,0.));
#10267 = PCURVE('',#9691,#10268);
#10268 = DEFINITIONAL_REPRESENTATION('',(#10269),#10273);
#10269 = LINE('',#10270,#10271);
#10270 = CARTESIAN_POINT('',(-20.,0.));
#10271 = VECTOR('',#10272,1.);
#10272 = DIRECTION('',(0.,1.));
#10273 = ( GEOMETRIC_REPRESENTATION_CONTEXT(2) 
PARAMETRIC_REPRESENTATION_CONTEXT() REPRESENTATION_CONTEXT('2D SPACE',''
  ) );
#10274 = PCURVE('',#10098,#10275);
#10275 = DEFINITIONAL_REPRESENTATION('',(#10276),#10280);
#10276 = LINE('',#10277,#10278);
#10277 = CARTESIAN_POINT('',(47.,0.));
#10278 = VECTOR('',#10279,1.);
#10279 = DIRECTION('',(1.,0.));
#10280 = ( GEOMETRIC_REPRESENTATION_CONTEXT(2) 
PARAMETRIC_REPRESENTATION_CONTEXT() REPRESENTATION_CONTEXT('2D SPACE',''
  ) );
#10281 = ORIENTED_EDGE('',*,*,#10282,.T.);
#10282 = EDGE_CURVE('',#10260,#10283,#10285,.T.);
#10283 = VERTEX_POINT('',#10284);
#10284 = CARTESIAN_POINT('',(13.366750419289,47.,0.));
#10285 = SURFACE_CURVE('',#10286,(#10290,#10297),.PCURVE_S1.);
#10286 = LINE('',#10287,#10288);
#10287 = CARTESIAN_POINT('',(30.,47.,0.));
#10288 = VECTOR('',#10289,1.);
#10289 = DIRECTION('',(1.,0.,0.));
#10290 = PCURVE('',#9691,#10291);
#10291 = DEFINITIONAL_REPRESENTATION('',(#10292),#10296);
#10292 = LINE('',#10293,#10294);
#10293 = CARTESIAN_POINT('',(0.,47.));
#10294 = VECTOR('',#10295,1.);
#10295 = DIRECTION('',(1.,0.));
#10296 = ( GEOMETRIC_REPRESENTATION_CONTEXT(2) 
PARAMETRIC_REPRESENTATION_CONTEXT() REPRESENTATION_CONTEXT('2D SPACE',''
  ) );
#10297 = PCURVE('',#10298,#10303);
#10298 = PLANE('',#10299);
#10299 = AXIS2_PLACEMENT_3D('',#10300,#10301,#10302);
#10300 = CARTESIAN_POINT('',(10.,47.,0.));
#10301 = DIRECTION('',(0.,-1.,0.));
#10302 = DIRECTION('',(1.,0.,0.));
#10303 = DEFINITIONAL_REPRESENTATION('',(#10304),#10308);
#10304 = LINE('',#10305,#10306);
#10305 = CARTESIAN_POINT('',(20.,0.));
#10306 = VECTOR('',#10307,1.);
#10307 = DIRECTION('',(1.,0.));
#10308 = ( GEOMETRIC_REPRESENTATION_CONTEXT(2) 
PARAMETRIC_REPRESENTATION_CONTEXT() REPRESENTATION_CONTEXT('2D SPACE',''
  ) );
#10309 = ORIENTED_EDGE('',*,*,#10310,.T.);
#10310 = EDGE_CURVE('',#10283,#9968,#10311,.T.);
#10311 = SURFACE_CURVE('',#10312,(#10317,#10328),.PCURVE_S1.);
#10312 = CIRCLE('',#10313,12.);
#10313 = AXIS2_PLACEMENT_3D('',#10314,#10315,#10316);
#10314 = CARTESIAN_POINT('',(20.,37.,0.));
#10315 = DIRECTION('',(0.,0.,-1.));
#10316 = DIRECTION('',(-1.,0.,0.));
#10317 = PCURVE('',#9691,#10318);
#10318 = DEFINITIONAL_REPRESENTATION('',(#10319),#10327);
#10319 = ( BOUNDED_CURVE() B_SPLINE_CURVE(2,(#10320,#10321,#10322,#10323
    ,#10324,#10325,#10326),.UNSPECIFIED.,.T.,.F.) 
B_SPLINE_CURVE_WITH_KNOTS((1,2,2,2,2,1),(-2.094395102393,0.,
    2.094395102393,4.188790204786,6.28318530718,8.377580409573),
.UNSPECIFIED.) CURVE() GEOMETRIC_REPRESENTATION_ITEM() 
RATIONAL_B_SPLINE_CURVE((1.,0.5,1.,0.5,1.,0.5,1.)) REPRESENTATION_ITEM(
  '') );
#10320 = CARTESIAN_POINT('',(-22.,37.));
#10321 = CARTESIAN_POINT('',(-22.,57.784609690827));
#10322 = CARTESIAN_POINT('',(-4.,47.392304845413));
#10323 = CARTESIAN_POINT('',(14.,37.));
#10324 = CARTESIAN_POINT('',(-4.,26.607695154587));
#10325 = CARTESIAN_POINT('',(-22.,16.215390309173));
#10326 = CARTESIAN_POINT('',(-22.,37.));
#10327 = ( GEOMETRIC_REPRESENTATION_CONTEXT(2) 
PARAMETRIC_REPRESENTATION_CONTEXT() REPRESENTATION_CONTEXT('2D SPACE',''
  ) );
#10328 = PCURVE('',#10215,#10329);
#10329 = DEFINITIONAL_REPRESENTATION('',(#10330),#10334);
#10330 = LINE('',#10331,#10332);
#10331 = CARTESIAN_POINT('',(0.,0.));
#10332 = VECTOR('',#10333,1.);
#10333 = DIRECTION('',(1.,0.));
#10334 = ( GEOMETRIC_REPRESENTATION_CONTEXT(2) 
PARAMETRIC_REPRESENTATION_CONTEXT() REPRESENTATION_CONTEXT('2D SPACE',''
  ) );
#10335 = ORIENTED_EDGE('',*,*,#9995,.F.);
#10336 = ADVANCED_FACE('',(#10337,#10363),#9635,.F.);
#10337 = FACE_BOUND('',#10338,.F.);
#10338 = EDGE_LOOP('',(#10339,#10340,#10341,#10362));
#10339 = ORIENTED_EDGE('',*,*,#9619,.F.);
#10340 = ORIENTED_EDGE('',*,*,#9761,.T.);
#10341 = ORIENTED_EDGE('',*,*,#10342,.T.);
#10342 = EDGE_CURVE('',#9762,#9894,#10343,.T.);
#10343 = SURFACE_CURVE('',#10344,(#10348,#10355),.PCURVE_S1.);
#10344 = LINE('',#10345,#10346);
#10345 = CARTESIAN_POINT('',(50.7,0.,-1.2));
#10346 = VECTOR('',#10347,1.);
#10347 = DIRECTION('',(0.,1.,0.));
#10348 = PCURVE('',#9635,#10349);
#10349 = DEFINITIONAL_REPRESENTATION('',(#10350),#10354);
#10350 = LINE('',#10351,#10352);
#10351 = CARTESIAN_POINT('',(20.7,0.));
#10352 = VECTOR('',#10353,1.);
#10353 = DIRECTION('',(0.,1.));
#10354 = ( GEOMETRIC_REPRESENTATION_CONTEXT(2) 
PARAMETRIC_REPRESENTATION_CONTEXT() REPRESENTATION_CONTEXT('2D SPACE',''
  ) );
#10355 = PCURVE('',#9800,#10356);
#10356 = DEFINITIONAL_REPRESENTATION('',(#10357),#10361);
#10357 = LINE('',#10358,#10359);
#10358 = CARTESIAN_POINT('',(47.7,-1.2));
#10359 = VECTOR('',#10360,1.);
#10360 = DIRECTION('',(1.,0.));
#10361 = ( GEOMETRIC_REPRESENTATION_CONTEXT(2) 
PARAMETRIC_REPRESENTATION_CONTEXT() REPRESENTATION_CONTEXT('2D SPACE',''
  ) );
#10362 = ORIENTED_EDGE('',*,*,#9893,.F.);
#10363 = FACE_BOUND('',#10364,.F.);
#10364 = EDGE_LOOP('',(#10365,#10390,#10413,#10436));
#10365 = ORIENTED_EDGE('',*,*,#10366,.F.);
#10366 = EDGE_CURVE('',#10367,#10369,#10371,.T.);
#10367 = VERTEX_POINT('',#10368);
#10368 = CARTESIAN_POINT('',(10.,-47.,-1.2));
#10369 = VERTEX_POINT('',#10370);
#10370 = CARTESIAN_POINT('',(50.,-47.,-1.2));
#10371 = SURFACE_CURVE('',#10372,(#10376,#10383),.PCURVE_S1.);
#10372 = LINE('',#10373,#10374);
#10373 = CARTESIAN_POINT('',(30.,-47.,-1.2));
#10374 = VECTOR('',#10375,1.);
#10375 = DIRECTION('',(1.,0.,0.));
#10376 = PCURVE('',#9635,#10377);
#10377 = DEFINITIONAL_REPRESENTATION('',(#10378),#10382);
#10378 = LINE('',#10379,#10380);
#10379 = CARTESIAN_POINT('',(0.,-47.));
#10380 = VECTOR('',#10381,1.);
#10381 = DIRECTION('',(1.,0.));
#10382 = ( GEOMETRIC_REPRESENTATION_CONTEXT(2) 
PARAMETRIC_REPRESENTATION_CONTEXT() REPRESENTATION_CONTEXT('2D SPACE',''
  ) );
#10383 = PCURVE('',#10070,#10384);
#10384 = DEFINITIONAL_REPRESENTATION('',(#10385),#10389);
#10385 = LINE('',#10386,#10387);
#10386 = CARTESIAN_POINT('',(20.,-1.2));
#10387 = VECTOR('',#10388,1.);
#10388 = DIRECTION('',(1.,0.));
#10389 = ( GEOMETRIC_REPRESENTATION_CONTEXT(2) 
PARAMETRIC_REPRESENTATION_CONTEXT() REPRESENTATION_CONTEXT('2D SPACE',''
  ) );
#10390 = ORIENTED_EDGE('',*,*,#10391,.T.);
#10391 = EDGE_CURVE('',#10367,#10392,#10394,.T.);
#10392 = VERTEX_POINT('',#10393);
#10393 = CARTESIAN_POINT('',(10.,47.,-1.2));
#10394 = SURFACE_CURVE('',#10395,(#10399,#10406),.PCURVE_S1.);
#10395 = LINE('',#10396,#10397);
#10396 = CARTESIAN_POINT('',(10.,0.,-1.2));
#10397 = VECTOR('',#10398,1.);
#10398 = DIRECTION('',(0.,1.,0.));
#10399 = PCURVE('',#9635,#10400);
#10400 = DEFINITIONAL_REPRESENTATION('',(#10401),#10405);
#10401 = LINE('',#10402,#10403);
#10402 = CARTESIAN_POINT('',(-20.,0.));
#10403 = VECTOR('',#10404,1.);
#10404 = DIRECTION('',(0.,1.));
#10405 = ( GEOMETRIC_REPRESENTATION_CONTEXT(2) 
PARAMETRIC_REPRESENTATION_CONTEXT() REPRESENTATION_CONTEXT('2D SPACE',''
  ) );
#10406 = PCURVE('',#10098,#10407);
#10407 = DEFINITIONAL_REPRESENTATION('',(#10408),#10412);
#10408 = LINE('',#10409,#10410);
#10409 = CARTESIAN_POINT('',(47.,-1.2));
#10410 = VECTOR('',#10411,1.);
#10411 = DIRECTION('',(1.,0.));
#10412 = ( GEOMETRIC_REPRESENTATION_CONTEXT(2) 
PARAMETRIC_REPRESENTATION_CONTEXT() REPRESENTATION_CONTEXT('2D SPACE',''
  ) );
#10413 = ORIENTED_EDGE('',*,*,#10414,.T.);
#10414 = EDGE_CURVE('',#10392,#10415,#10417,.T.);
#10415 = VERTEX_POINT('',#10416);
#10416 = CARTESIAN_POINT('',(50.,47.,-1.2));
#10417 = SURFACE_CURVE('',#10418,(#10422,#10429),.PCURVE_S1.);
#10418 = LINE('',#10419,#10420);
#10419 = CARTESIAN_POINT('',(30.,47.,-1.2));
#10420 = VECTOR('',#10421,1.);
#10421 = DIRECTION('',(1.,0.,0.));
#10422 = PCURVE('',#9635,#10423);
#10423 = DEFINITIONAL_REPRESENTATION('',(#10424),#10428);
#10424 = LINE('',#10425,#10426);
#10425 = CARTESIAN_POINT('',(0.,47.));
#10426 = VECTOR('',#10427,1.);
#10427 = DIRECTION('',(1.,0.));
#10428 = ( GEOMETRIC_REPRESENTATION_CONTEXT(2) 
PARAMETRIC_REPRESENTATION_CONTEXT() REPRESENTATION_CONTEXT('2D SPACE',''
  ) );
#10429 = PCURVE('',#10298,#10430);
#10430 = DEFINITIONAL_REPRESENTATION('',(#10431),#10435);
#10431 = LINE('',#10432,#10433);
#10432 = CARTESIAN_POINT('',(20.,-1.2));
#10433 = VECTOR('',#10434,1.);
#10434 = DIRECTION('',(1.,0.));
#10435 = ( GEOMETRIC_REPRESENTATION_CONTEXT(2) 
PARAMETRIC_REPRESENTATION_CONTEXT() REPRESENTATION_CONTEXT('2D SPACE',''
  ) );
#10436 = ORIENTED_EDGE('',*,*,#10437,.F.);
#10437 = EDGE_CURVE('',#10369,#10415,#10438,.T.);
#10438 = SURFACE_CURVE('',#10439,(#10443,#10450),.PCURVE_S1.);
#10439 = LINE('',#10440,#10441);
#10440 = CARTESIAN_POINT('',(50.,0.,-1.2));
#10441 = VECTOR('',#10442,1.);
#10442 = DIRECTION('',(0.,1.,0.));
#10443 = PCURVE('',#9635,#10444);
#10444 = DEFINITIONAL_REPRESENTATION('',(#10445),#10449);
#10445 = LINE('',#10446,#10447);
#10446 = CARTESIAN_POINT('',(20.,0.));
#10447 = VECTOR('',#10448,1.);
#10448 = DIRECTION('',(0.,1.));
#10449 = ( GEOMETRIC_REPRESENTATION_CONTEXT(2) 
PARAMETRIC_REPRESENTATION_CONTEXT() REPRESENTATION_CONTEXT('2D SPACE',''
  ) );
#10450 = PCURVE('',#10451,#10456);
#10451 = PLANE('',#10452);
#10452 = AXIS2_PLACEMENT_3D('',#10453,#10454,#10455);
#10453 = CARTESIAN_POINT('',(50.,-47.,0.));
#10454 = DIRECTION('',(1.,0.,0.));
#10455 = DIRECTION('',(-0.,1.,0.));
#10456 = DEFINITIONAL_REPRESENTATION('',(#10457),#10461);
#10457 = LINE('',#10458,#10459);
#10458 = CARTESIAN_POINT('',(47.,-1.2));
#10459 = VECTOR('',#10460,1.);
#10460 = DIRECTION('',(1.,0.));
#10461 = ( GEOMETRIC_REPRESENTATION_CONTEXT(2) 
PARAMETRIC_REPRESENTATION_CONTEXT() REPRESENTATION_CONTEXT('2D SPACE',''
  ) );
#10462 = ADVANCED_FACE('',(#10463),#9800,.T.);
#10463 = FACE_BOUND('',#10464,.T.);
#10464 = EDGE_LOOP('',(#10465,#10466,#10467,#10468,#10491,#10519));
#10465 = ORIENTED_EDGE('',*,*,#9784,.T.);
#10466 = ORIENTED_EDGE('',*,*,#10342,.T.);
#10467 = ORIENTED_EDGE('',*,*,#9916,.F.);
#10468 = ORIENTED_EDGE('',*,*,#10469,.F.);
#10469 = EDGE_CURVE('',#10470,#9917,#10472,.T.);
#10470 = VERTEX_POINT('',#10471);
#10471 = CARTESIAN_POINT('',(50.7,42.432310692781,0.));
#10472 = SURFACE_CURVE('',#10473,(#10477,#10484),.PCURVE_S1.);
#10473 = LINE('',#10474,#10475);
#10474 = CARTESIAN_POINT('',(50.7,0.,0.));
#10475 = VECTOR('',#10476,1.);
#10476 = DIRECTION('',(0.,1.,0.));
#10477 = PCURVE('',#9800,#10478);
#10478 = DEFINITIONAL_REPRESENTATION('',(#10479),#10483);
#10479 = LINE('',#10480,#10481);
#10480 = CARTESIAN_POINT('',(47.7,0.));
#10481 = VECTOR('',#10482,1.);
#10482 = DIRECTION('',(1.,0.));
#10483 = ( GEOMETRIC_REPRESENTATION_CONTEXT(2) 
PARAMETRIC_REPRESENTATION_CONTEXT() REPRESENTATION_CONTEXT('2D SPACE',''
  ) );
#10484 = PCURVE('',#9955,#10485);
#10485 = DEFINITIONAL_REPRESENTATION('',(#10486),#10490);
#10486 = LINE('',#10487,#10488);
#10487 = CARTESIAN_POINT('',(20.7,0.));
#10488 = VECTOR('',#10489,1.);
#10489 = DIRECTION('',(0.,1.));
#10490 = ( GEOMETRIC_REPRESENTATION_CONTEXT(2) 
PARAMETRIC_REPRESENTATION_CONTEXT() REPRESENTATION_CONTEXT('2D SPACE',''
  ) );
#10491 = ORIENTED_EDGE('',*,*,#10492,.F.);
#10492 = EDGE_CURVE('',#10493,#10470,#10495,.T.);
#10493 = VERTEX_POINT('',#10494);
#10494 = CARTESIAN_POINT('',(50.7,-42.43231069278,0.));
#10495 = SURFACE_CURVE('',#10496,(#10500,#10507),.PCURVE_S1.);
#10496 = LINE('',#10497,#10498);
#10497 = CARTESIAN_POINT('',(50.7,0.,0.));
#10498 = VECTOR('',#10499,1.);
#10499 = DIRECTION('',(0.,1.,0.));
#10500 = PCURVE('',#9800,#10501);
#10501 = DEFINITIONAL_REPRESENTATION('',(#10502),#10506);
#10502 = LINE('',#10503,#10504);
#10503 = CARTESIAN_POINT('',(47.7,0.));
#10504 = VECTOR('',#10505,1.);
#10505 = DIRECTION('',(1.,0.));
#10506 = ( GEOMETRIC_REPRESENTATION_CONTEXT(2) 
PARAMETRIC_REPRESENTATION_CONTEXT() REPRESENTATION_CONTEXT('2D SPACE',''
  ) );
#10507 = PCURVE('',#10508,#10513);
#10508 = PLANE('',#10509);
#10509 = AXIS2_PLACEMENT_3D('',#10510,#10511,#10512);
#10510 = CARTESIAN_POINT('',(29.999999994525,-1.73210767953E-15,0.));
#10511 = DIRECTION('',(0.,0.,1.));
#10512 = DIRECTION('',(1.,0.,0.));
#10513 = DEFINITIONAL_REPRESENTATION('',(#10514),#10518);
#10514 = LINE('',#10515,#10516);
#10515 = CARTESIAN_POINT('',(20.700000005475,1.73210767953E-15));
#10516 = VECTOR('',#10517,1.);
#10517 = DIRECTION('',(0.,1.));
#10518 = ( GEOMETRIC_REPRESENTATION_CONTEXT(2) 
PARAMETRIC_REPRESENTATION_CONTEXT() REPRESENTATION_CONTEXT('2D SPACE',''
  ) );
#10519 = ORIENTED_EDGE('',*,*,#10520,.F.);
#10520 = EDGE_CURVE('',#9785,#10493,#10521,.T.);
#10521 = SURFACE_CURVE('',#10522,(#10526,#10533),.PCURVE_S1.);
#10522 = LINE('',#10523,#10524);
#10523 = CARTESIAN_POINT('',(50.7,0.,0.));
#10524 = VECTOR('',#10525,1.);
#10525 = DIRECTION('',(0.,1.,0.));
#10526 = PCURVE('',#9800,#10527);
#10527 = DEFINITIONAL_REPRESENTATION('',(#10528),#10532);
#10528 = LINE('',#10529,#10530);
#10529 = CARTESIAN_POINT('',(47.7,0.));
#10530 = VECTOR('',#10531,1.);
#10531 = DIRECTION('',(1.,0.));
#10532 = ( GEOMETRIC_REPRESENTATION_CONTEXT(2) 
PARAMETRIC_REPRESENTATION_CONTEXT() REPRESENTATION_CONTEXT('2D SPACE',''
  ) );
#10533 = PCURVE('',#9828,#10534);
#10534 = DEFINITIONAL_REPRESENTATION('',(#10535),#10539);
#10535 = LINE('',#10536,#10537);
#10536 = CARTESIAN_POINT('',(20.7,0.));
#10537 = VECTOR('',#10538,1.);
#10538 = DIRECTION('',(0.,1.));
#10539 = ( GEOMETRIC_REPRESENTATION_CONTEXT(2) 
PARAMETRIC_REPRESENTATION_CONTEXT() REPRESENTATION_CONTEXT('2D SPACE',''
  ) );
#10540 = ADVANCED_FACE('',(#10541),#9856,.F.);
#10541 = FACE_BOUND('',#10542,.F.);
#10542 = EDGE_LOOP('',(#10543,#10544,#10572,#10600));
#10543 = ORIENTED_EDGE('',*,*,#9840,.F.);
#10544 = ORIENTED_EDGE('',*,*,#10545,.F.);
#10545 = EDGE_CURVE('',#10546,#9841,#10548,.T.);
#10546 = VERTEX_POINT('',#10547);
#10547 = CARTESIAN_POINT('',(20.,-49.,0.));
#10548 = SURFACE_CURVE('',#10549,(#10554,#10565),.PCURVE_S1.);
#10549 = CIRCLE('',#10550,12.);
#10550 = AXIS2_PLACEMENT_3D('',#10551,#10552,#10553);
#10551 = CARTESIAN_POINT('',(20.,-37.,0.));
#10552 = DIRECTION('',(0.,0.,-1.));
#10553 = DIRECTION('',(-1.,0.,0.));
#10554 = PCURVE('',#9856,#10555);
#10555 = DEFINITIONAL_REPRESENTATION('',(#10556),#10564);
#10556 = ( BOUNDED_CURVE() B_SPLINE_CURVE(2,(#10557,#10558,#10559,#10560
    ,#10561,#10562,#10563),.UNSPECIFIED.,.T.,.F.) 
B_SPLINE_CURVE_WITH_KNOTS((1,2,2,2,2,1),(-2.094395102393,0.,
    2.094395102393,4.188790204786,6.28318530718,8.377580409573),
.UNSPECIFIED.) CURVE() GEOMETRIC_REPRESENTATION_ITEM() 
RATIONAL_B_SPLINE_CURVE((1.,0.5,1.,0.5,1.,0.5,1.)) REPRESENTATION_ITEM(
  '') );
#10557 = CARTESIAN_POINT('',(-21.99999999452,-37.));
#10558 = CARTESIAN_POINT('',(-21.99999999452,-16.21539030917));
#10559 = CARTESIAN_POINT('',(-3.999999994525,-26.60769515458));
#10560 = CARTESIAN_POINT('',(14.000000005475,-37.));
#10561 = CARTESIAN_POINT('',(-3.999999994525,-47.39230484541));
#10562 = CARTESIAN_POINT('',(-21.99999999452,-57.78460969082));
#10563 = CARTESIAN_POINT('',(-21.99999999452,-37.));
#10564 = ( GEOMETRIC_REPRESENTATION_CONTEXT(2) 
PARAMETRIC_REPRESENTATION_CONTEXT() REPRESENTATION_CONTEXT('2D SPACE',''
  ) );
#10565 = PCURVE('',#10042,#10566);
#10566 = DEFINITIONAL_REPRESENTATION('',(#10567),#10571);
#10567 = LINE('',#10568,#10569);
#10568 = CARTESIAN_POINT('',(0.,0.));
#10569 = VECTOR('',#10570,1.);
#10570 = DIRECTION('',(1.,0.));
#10571 = ( GEOMETRIC_REPRESENTATION_CONTEXT(2) 
PARAMETRIC_REPRESENTATION_CONTEXT() REPRESENTATION_CONTEXT('2D SPACE',''
  ) );
#10572 = ORIENTED_EDGE('',*,*,#10573,.T.);
#10573 = EDGE_CURVE('',#10546,#10574,#10576,.T.);
#10574 = VERTEX_POINT('',#10575);
#10575 = CARTESIAN_POINT('',(39.999999974902,-49.,0.));
#10576 = SURFACE_CURVE('',#10577,(#10581,#10588),.PCURVE_S1.);
#10577 = LINE('',#10578,#10579);
#10578 = CARTESIAN_POINT('',(30.,-49.,0.));
#10579 = VECTOR('',#10580,1.);
#10580 = DIRECTION('',(1.,0.,0.));
#10581 = PCURVE('',#9856,#10582);
#10582 = DEFINITIONAL_REPRESENTATION('',(#10583),#10587);
#10583 = LINE('',#10584,#10585);
#10584 = CARTESIAN_POINT('',(5.474810553509E-09,-49.));
#10585 = VECTOR('',#10586,1.);
#10586 = DIRECTION('',(1.,0.));
#10587 = ( GEOMETRIC_REPRESENTATION_CONTEXT(2) 
PARAMETRIC_REPRESENTATION_CONTEXT() REPRESENTATION_CONTEXT('2D SPACE',''
  ) );
#10588 = PCURVE('',#10589,#10594);
#10589 = PLANE('',#10590);
#10590 = AXIS2_PLACEMENT_3D('',#10591,#10592,#10593);
#10591 = CARTESIAN_POINT('',(20.,-49.,0.));
#10592 = DIRECTION('',(0.,1.,0.));
#10593 = DIRECTION('',(1.,0.,0.));
#10594 = DEFINITIONAL_REPRESENTATION('',(#10595),#10599);
#10595 = LINE('',#10596,#10597);
#10596 = CARTESIAN_POINT('',(10.,0.));
#10597 = VECTOR('',#10598,1.);
#10598 = DIRECTION('',(1.,0.));
#10599 = ( GEOMETRIC_REPRESENTATION_CONTEXT(2) 
PARAMETRIC_REPRESENTATION_CONTEXT() REPRESENTATION_CONTEXT('2D SPACE',''
  ) );
#10600 = ORIENTED_EDGE('',*,*,#10601,.F.);
#10601 = EDGE_CURVE('',#9813,#10574,#10602,.T.);
#10602 = SURFACE_CURVE('',#10603,(#10608,#10619),.PCURVE_S1.);
#10603 = CIRCLE('',#10604,12.);
#10604 = AXIS2_PLACEMENT_3D('',#10605,#10606,#10607);
#10605 = CARTESIAN_POINT('',(39.999999974902,-37.,0.));
#10606 = DIRECTION('',(0.,0.,-1.));
#10607 = DIRECTION('',(-1.,0.,0.));
#10608 = PCURVE('',#9856,#10609);
#10609 = DEFINITIONAL_REPRESENTATION('',(#10610),#10618);
#10610 = ( BOUNDED_CURVE() B_SPLINE_CURVE(2,(#10611,#10612,#10613,#10614
    ,#10615,#10616,#10617),.UNSPECIFIED.,.T.,.F.) 
B_SPLINE_CURVE_WITH_KNOTS((1,2,2,2,2,1),(-2.094395102393,0.,
    2.094395102393,4.188790204786,6.28318530718,8.377580409573),
.UNSPECIFIED.) CURVE() GEOMETRIC_REPRESENTATION_ITEM() 
RATIONAL_B_SPLINE_CURVE((1.,0.5,1.,0.5,1.,0.5,1.)) REPRESENTATION_ITEM(
  '') );
#10611 = CARTESIAN_POINT('',(-2.000000019623,-37.));
#10612 = CARTESIAN_POINT('',(-2.000000019623,-16.21539030917));
#10613 = CARTESIAN_POINT('',(15.999999980377,-26.60769515458));
#10614 = CARTESIAN_POINT('',(33.999999980377,-37.));
#10615 = CARTESIAN_POINT('',(15.999999980377,-47.39230484541));
#10616 = CARTESIAN_POINT('',(-2.000000019623,-57.78460969082));
#10617 = CARTESIAN_POINT('',(-2.000000019623,-37.));
#10618 = ( GEOMETRIC_REPRESENTATION_CONTEXT(2) 
PARAMETRIC_REPRESENTATION_CONTEXT() REPRESENTATION_CONTEXT('2D SPACE',''
  ) );
#10619 = PCURVE('',#10620,#10625);
#10620 = CYLINDRICAL_SURFACE('',#10621,12.);
#10621 = AXIS2_PLACEMENT_3D('',#10622,#10623,#10624);
#10622 = CARTESIAN_POINT('',(39.999999974902,-37.,0.));
#10623 = DIRECTION('',(0.,0.,-1.));
#10624 = DIRECTION('',(-1.,0.,0.));
#10625 = DEFINITIONAL_REPRESENTATION('',(#10626),#10630);
#10626 = LINE('',#10627,#10628);
#10627 = CARTESIAN_POINT('',(0.,0.));
#10628 = VECTOR('',#10629,1.);
#10629 = DIRECTION('',(1.,0.));
#10630 = ( GEOMETRIC_REPRESENTATION_CONTEXT(2) 
PARAMETRIC_REPRESENTATION_CONTEXT() REPRESENTATION_CONTEXT('2D SPACE',''
  ) );
#10631 = ADVANCED_FACE('',(#10632),#9828,.T.);
#10632 = FACE_BOUND('',#10633,.T.);
#10633 = EDGE_LOOP('',(#10634,#10662,#10663,#10664,#10692,#10715));
#10634 = ORIENTED_EDGE('',*,*,#10635,.T.);
#10635 = EDGE_CURVE('',#10636,#9813,#10638,.T.);
#10636 = VERTEX_POINT('',#10637);
#10637 = CARTESIAN_POINT('',(46.633249555613,-47.,0.));
#10638 = SURFACE_CURVE('',#10639,(#10644,#10655),.PCURVE_S1.);
#10639 = CIRCLE('',#10640,12.);
#10640 = AXIS2_PLACEMENT_3D('',#10641,#10642,#10643);
#10641 = CARTESIAN_POINT('',(39.999999974902,-37.,0.));
#10642 = DIRECTION('',(0.,0.,-1.));
#10643 = DIRECTION('',(-1.,0.,0.));
#10644 = PCURVE('',#9828,#10645);
#10645 = DEFINITIONAL_REPRESENTATION('',(#10646),#10654);
#10646 = ( BOUNDED_CURVE() B_SPLINE_CURVE(2,(#10647,#10648,#10649,#10650
    ,#10651,#10652,#10653),.UNSPECIFIED.,.T.,.F.) 
B_SPLINE_CURVE_WITH_KNOTS((1,2,2,2,2,1),(-2.094395102393,0.,
    2.094395102393,4.188790204786,6.28318530718,8.377580409573),
.UNSPECIFIED.) CURVE() GEOMETRIC_REPRESENTATION_ITEM() 
RATIONAL_B_SPLINE_CURVE((1.,0.5,1.,0.5,1.,0.5,1.)) REPRESENTATION_ITEM(
  '') );
#10647 = CARTESIAN_POINT('',(-2.000000025098,-37.));
#10648 = CARTESIAN_POINT('',(-2.000000025098,-16.21539030917));
#10649 = CARTESIAN_POINT('',(15.999999974902,-26.60769515458));
#10650 = CARTESIAN_POINT('',(33.999999974902,-37.));
#10651 = CARTESIAN_POINT('',(15.999999974902,-47.39230484541));
#10652 = CARTESIAN_POINT('',(-2.000000025098,-57.78460969082));
#10653 = CARTESIAN_POINT('',(-2.000000025098,-37.));
#10654 = ( GEOMETRIC_REPRESENTATION_CONTEXT(2) 
PARAMETRIC_REPRESENTATION_CONTEXT() REPRESENTATION_CONTEXT('2D SPACE',''
  ) );
#10655 = PCURVE('',#10620,#10656);
#10656 = DEFINITIONAL_REPRESENTATION('',(#10657),#10661);
#10657 = LINE('',#10658,#10659);
#10658 = CARTESIAN_POINT('',(0.,0.));
#10659 = VECTOR('',#10660,1.);
#10660 = DIRECTION('',(1.,0.));
#10661 = ( GEOMETRIC_REPRESENTATION_CONTEXT(2) 
PARAMETRIC_REPRESENTATION_CONTEXT() REPRESENTATION_CONTEXT('2D SPACE',''
  ) );
#10662 = ORIENTED_EDGE('',*,*,#9812,.T.);
#10663 = ORIENTED_EDGE('',*,*,#10520,.T.);
#10664 = ORIENTED_EDGE('',*,*,#10665,.T.);
#10665 = EDGE_CURVE('',#10493,#10666,#10668,.T.);
#10666 = VERTEX_POINT('',#10667);
#10667 = CARTESIAN_POINT('',(50.,-43.63324954287,0.));
#10668 = SURFACE_CURVE('',#10669,(#10674,#10685),.PCURVE_S1.);
#10669 = CIRCLE('',#10670,12.);
#10670 = AXIS2_PLACEMENT_3D('',#10671,#10672,#10673);
#10671 = CARTESIAN_POINT('',(39.999999974902,-37.,0.));
#10672 = DIRECTION('',(0.,0.,-1.));
#10673 = DIRECTION('',(-1.,0.,0.));
#10674 = PCURVE('',#9828,#10675);
#10675 = DEFINITIONAL_REPRESENTATION('',(#10676),#10684);
#10676 = ( BOUNDED_CURVE() B_SPLINE_CURVE(2,(#10677,#10678,#10679,#10680
    ,#10681,#10682,#10683),.UNSPECIFIED.,.T.,.F.) 
B_SPLINE_CURVE_WITH_KNOTS((1,2,2,2,2,1),(-2.094395102393,0.,
    2.094395102393,4.188790204786,6.28318530718,8.377580409573),
.UNSPECIFIED.) CURVE() GEOMETRIC_REPRESENTATION_ITEM() 
RATIONAL_B_SPLINE_CURVE((1.,0.5,1.,0.5,1.,0.5,1.)) REPRESENTATION_ITEM(
  '') );
#10677 = CARTESIAN_POINT('',(-2.000000025098,-37.));
#10678 = CARTESIAN_POINT('',(-2.000000025098,-16.21539030917));
#10679 = CARTESIAN_POINT('',(15.999999974902,-26.60769515458));
#10680 = CARTESIAN_POINT('',(33.999999974902,-37.));
#10681 = CARTESIAN_POINT('',(15.999999974902,-47.39230484541));
#10682 = CARTESIAN_POINT('',(-2.000000025098,-57.78460969082));
#10683 = CARTESIAN_POINT('',(-2.000000025098,-37.));
#10684 = ( GEOMETRIC_REPRESENTATION_CONTEXT(2) 
PARAMETRIC_REPRESENTATION_CONTEXT() REPRESENTATION_CONTEXT('2D SPACE',''
  ) );
#10685 = PCURVE('',#10620,#10686);
#10686 = DEFINITIONAL_REPRESENTATION('',(#10687),#10691);
#10687 = LINE('',#10688,#10689);
#10688 = CARTESIAN_POINT('',(0.,0.));
#10689 = VECTOR('',#10690,1.);
#10690 = DIRECTION('',(1.,0.));
#10691 = ( GEOMETRIC_REPRESENTATION_CONTEXT(2) 
PARAMETRIC_REPRESENTATION_CONTEXT() REPRESENTATION_CONTEXT('2D SPACE',''
  ) );
#10692 = ORIENTED_EDGE('',*,*,#10693,.F.);
#10693 = EDGE_CURVE('',#10694,#10666,#10696,.T.);
#10694 = VERTEX_POINT('',#10695);
#10695 = CARTESIAN_POINT('',(50.,-47.,0.));
#10696 = SURFACE_CURVE('',#10697,(#10701,#10708),.PCURVE_S1.);
#10697 = LINE('',#10698,#10699);
#10698 = CARTESIAN_POINT('',(50.,0.,0.));
#10699 = VECTOR('',#10700,1.);
#10700 = DIRECTION('',(0.,1.,0.));
#10701 = PCURVE('',#9828,#10702);
#10702 = DEFINITIONAL_REPRESENTATION('',(#10703),#10707);
#10703 = LINE('',#10704,#10705);
#10704 = CARTESIAN_POINT('',(20.,0.));
#10705 = VECTOR('',#10706,1.);
#10706 = DIRECTION('',(0.,1.));
#10707 = ( GEOMETRIC_REPRESENTATION_CONTEXT(2) 
PARAMETRIC_REPRESENTATION_CONTEXT() REPRESENTATION_CONTEXT('2D SPACE',''
  ) );
#10708 = PCURVE('',#10451,#10709);
#10709 = DEFINITIONAL_REPRESENTATION('',(#10710),#10714);
#10710 = LINE('',#10711,#10712);
#10711 = CARTESIAN_POINT('',(47.,0.));
#10712 = VECTOR('',#10713,1.);
#10713 = DIRECTION('',(1.,0.));
#10714 = ( GEOMETRIC_REPRESENTATION_CONTEXT(2) 
PARAMETRIC_REPRESENTATION_CONTEXT() REPRESENTATION_CONTEXT('2D SPACE',''
  ) );
#10715 = ORIENTED_EDGE('',*,*,#10716,.F.);
#10716 = EDGE_CURVE('',#10636,#10694,#10717,.T.);
#10717 = SURFACE_CURVE('',#10718,(#10722,#10729),.PCURVE_S1.);
#10718 = LINE('',#10719,#10720);
#10719 = CARTESIAN_POINT('',(30.,-47.,0.));
#10720 = VECTOR('',#10721,1.);
#10721 = DIRECTION('',(1.,0.,0.));
#10722 = PCURVE('',#9828,#10723);
#10723 = DEFINITIONAL_REPRESENTATION('',(#10724),#10728);
#10724 = LINE('',#10725,#10726);
#10725 = CARTESIAN_POINT('',(0.,-47.));
#10726 = VECTOR('',#10727,1.);
#10727 = DIRECTION('',(1.,0.));
#10728 = ( GEOMETRIC_REPRESENTATION_CONTEXT(2) 
PARAMETRIC_REPRESENTATION_CONTEXT() REPRESENTATION_CONTEXT('2D SPACE',''
  ) );
#10729 = PCURVE('',#10070,#10730);
#10730 = DEFINITIONAL_REPRESENTATION('',(#10731),#10735);
#10731 = LINE('',#10732,#10733);
#10732 = CARTESIAN_POINT('',(20.,0.));
#10733 = VECTOR('',#10734,1.);
#10734 = DIRECTION('',(1.,0.));
#10735 = ( GEOMETRIC_REPRESENTATION_CONTEXT(2) 
PARAMETRIC_REPRESENTATION_CONTEXT() REPRESENTATION_CONTEXT('2D SPACE',''
  ) );
#10736 = ADVANCED_FACE('',(#10737),#9983,.F.);
#10737 = FACE_BOUND('',#10738,.F.);
#10738 = EDGE_LOOP('',(#10739,#10767,#10768,#10801));
#10739 = ORIENTED_EDGE('',*,*,#10740,.F.);
#10740 = EDGE_CURVE('',#9968,#10741,#10743,.T.);
#10741 = VERTEX_POINT('',#10742);
#10742 = CARTESIAN_POINT('',(20.,49.,0.));
#10743 = SURFACE_CURVE('',#10744,(#10749,#10760),.PCURVE_S1.);
#10744 = CIRCLE('',#10745,12.);
#10745 = AXIS2_PLACEMENT_3D('',#10746,#10747,#10748);
#10746 = CARTESIAN_POINT('',(20.,37.,0.));
#10747 = DIRECTION('',(0.,0.,-1.));
#10748 = DIRECTION('',(-1.,0.,0.));
#10749 = PCURVE('',#9983,#10750);
#10750 = DEFINITIONAL_REPRESENTATION('',(#10751),#10759);
#10751 = ( BOUNDED_CURVE() B_SPLINE_CURVE(2,(#10752,#10753,#10754,#10755
    ,#10756,#10757,#10758),.UNSPECIFIED.,.T.,.F.) 
B_SPLINE_CURVE_WITH_KNOTS((1,2,2,2,2,1),(-2.094395102393,0.,
    2.094395102393,4.188790204786,6.28318530718,8.377580409573),
.UNSPECIFIED.) CURVE() GEOMETRIC_REPRESENTATION_ITEM() 
RATIONAL_B_SPLINE_CURVE((1.,0.5,1.,0.5,1.,0.5,1.)) REPRESENTATION_ITEM(
  '') );
#10752 = CARTESIAN_POINT('',(-21.99999999452,37.));
#10753 = CARTESIAN_POINT('',(-21.99999999452,57.784609690827));
#10754 = CARTESIAN_POINT('',(-3.999999994525,47.392304845413));
#10755 = CARTESIAN_POINT('',(14.000000005475,37.));
#10756 = CARTESIAN_POINT('',(-3.999999994525,26.607695154587));
#10757 = CARTESIAN_POINT('',(-21.99999999452,16.215390309173));
#10758 = CARTESIAN_POINT('',(-21.99999999452,37.));
#10759 = ( GEOMETRIC_REPRESENTATION_CONTEXT(2) 
PARAMETRIC_REPRESENTATION_CONTEXT() REPRESENTATION_CONTEXT('2D SPACE',''
  ) );
#10760 = PCURVE('',#10215,#10761);
#10761 = DEFINITIONAL_REPRESENTATION('',(#10762),#10766);
#10762 = LINE('',#10763,#10764);
#10763 = CARTESIAN_POINT('',(0.,0.));
#10764 = VECTOR('',#10765,1.);
#10765 = DIRECTION('',(1.,0.));
#10766 = ( GEOMETRIC_REPRESENTATION_CONTEXT(2) 
PARAMETRIC_REPRESENTATION_CONTEXT() REPRESENTATION_CONTEXT('2D SPACE',''
  ) );
#10767 = ORIENTED_EDGE('',*,*,#9967,.T.);
#10768 = ORIENTED_EDGE('',*,*,#10769,.F.);
#10769 = EDGE_CURVE('',#10770,#9940,#10772,.T.);
#10770 = VERTEX_POINT('',#10771);
#10771 = CARTESIAN_POINT('',(39.999999974902,49.,0.));
#10772 = SURFACE_CURVE('',#10773,(#10778,#10789),.PCURVE_S1.);
#10773 = CIRCLE('',#10774,12.);
#10774 = AXIS2_PLACEMENT_3D('',#10775,#10776,#10777);
#10775 = CARTESIAN_POINT('',(39.999999974902,37.,0.));
#10776 = DIRECTION('',(0.,0.,-1.));
#10777 = DIRECTION('',(-1.,0.,0.));
#10778 = PCURVE('',#9983,#10779);
#10779 = DEFINITIONAL_REPRESENTATION('',(#10780),#10788);
#10780 = ( BOUNDED_CURVE() B_SPLINE_CURVE(2,(#10781,#10782,#10783,#10784
    ,#10785,#10786,#10787),.UNSPECIFIED.,.T.,.F.) 
B_SPLINE_CURVE_WITH_KNOTS((1,2,2,2,2,1),(-2.094395102393,0.,
    2.094395102393,4.188790204786,6.28318530718,8.377580409573),
.UNSPECIFIED.) CURVE() GEOMETRIC_REPRESENTATION_ITEM() 
RATIONAL_B_SPLINE_CURVE((1.,0.5,1.,0.5,1.,0.5,1.)) REPRESENTATION_ITEM(
  '') );
#10781 = CARTESIAN_POINT('',(-2.000000019623,37.));
#10782 = CARTESIAN_POINT('',(-2.000000019623,57.784609690827));
#10783 = CARTESIAN_POINT('',(15.999999980377,47.392304845413));
#10784 = CARTESIAN_POINT('',(33.999999980377,37.));
#10785 = CARTESIAN_POINT('',(15.999999980377,26.607695154587));
#10786 = CARTESIAN_POINT('',(-2.000000019623,16.215390309173));
#10787 = CARTESIAN_POINT('',(-2.000000019623,37.));
#10788 = ( GEOMETRIC_REPRESENTATION_CONTEXT(2) 
PARAMETRIC_REPRESENTATION_CONTEXT() REPRESENTATION_CONTEXT('2D SPACE',''
  ) );
#10789 = PCURVE('',#10790,#10795);
#10790 = CYLINDRICAL_SURFACE('',#10791,12.);
#10791 = AXIS2_PLACEMENT_3D('',#10792,#10793,#10794);
#10792 = CARTESIAN_POINT('',(39.999999974902,37.,0.));
#10793 = DIRECTION('',(0.,0.,-1.));
#10794 = DIRECTION('',(-1.,0.,0.));
#10795 = DEFINITIONAL_REPRESENTATION('',(#10796),#10800);
#10796 = LINE('',#10797,#10798);
#10797 = CARTESIAN_POINT('',(0.,0.));
#10798 = VECTOR('',#10799,1.);
#10799 = DIRECTION('',(1.,0.));
#10800 = ( GEOMETRIC_REPRESENTATION_CONTEXT(2) 
PARAMETRIC_REPRESENTATION_CONTEXT() REPRESENTATION_CONTEXT('2D SPACE',''
  ) );
#10801 = ORIENTED_EDGE('',*,*,#10802,.F.);
#10802 = EDGE_CURVE('',#10741,#10770,#10803,.T.);
#10803 = SURFACE_CURVE('',#10804,(#10808,#10815),.PCURVE_S1.);
#10804 = LINE('',#10805,#10806);
#10805 = CARTESIAN_POINT('',(30.,49.,0.));
#10806 = VECTOR('',#10807,1.);
#10807 = DIRECTION('',(1.,0.,0.));
#10808 = PCURVE('',#9983,#10809);
#10809 = DEFINITIONAL_REPRESENTATION('',(#10810),#10814);
#10810 = LINE('',#10811,#10812);
#10811 = CARTESIAN_POINT('',(5.474810553509E-09,49.));
#10812 = VECTOR('',#10813,1.);
#10813 = DIRECTION('',(1.,0.));
#10814 = ( GEOMETRIC_REPRESENTATION_CONTEXT(2) 
PARAMETRIC_REPRESENTATION_CONTEXT() REPRESENTATION_CONTEXT('2D SPACE',''
  ) );
#10815 = PCURVE('',#10816,#10821);
#10816 = PLANE('',#10817);
#10817 = AXIS2_PLACEMENT_3D('',#10818,#10819,#10820);
#10818 = CARTESIAN_POINT('',(20.,49.,0.));
#10819 = DIRECTION('',(0.,1.,0.));
#10820 = DIRECTION('',(1.,0.,0.));
#10821 = DEFINITIONAL_REPRESENTATION('',(#10822),#10826);
#10822 = LINE('',#10823,#10824);
#10823 = CARTESIAN_POINT('',(10.,0.));
#10824 = VECTOR('',#10825,1.);
#10825 = DIRECTION('',(1.,0.));
#10826 = ( GEOMETRIC_REPRESENTATION_CONTEXT(2) 
PARAMETRIC_REPRESENTATION_CONTEXT() REPRESENTATION_CONTEXT('2D SPACE',''
  ) );
#10827 = ADVANCED_FACE('',(#10828),#9955,.T.);
#10828 = FACE_BOUND('',#10829,.T.);
#10829 = EDGE_LOOP('',(#10830,#10831,#10859,#10882,#10905,#10931));
#10830 = ORIENTED_EDGE('',*,*,#9939,.F.);
#10831 = ORIENTED_EDGE('',*,*,#10832,.T.);
#10832 = EDGE_CURVE('',#9940,#10833,#10835,.T.);
#10833 = VERTEX_POINT('',#10834);
#10834 = CARTESIAN_POINT('',(46.633249555613,47.,0.));
#10835 = SURFACE_CURVE('',#10836,(#10841,#10852),.PCURVE_S1.);
#10836 = CIRCLE('',#10837,12.);
#10837 = AXIS2_PLACEMENT_3D('',#10838,#10839,#10840);
#10838 = CARTESIAN_POINT('',(39.999999974902,37.,0.));
#10839 = DIRECTION('',(0.,0.,-1.));
#10840 = DIRECTION('',(-1.,0.,0.));
#10841 = PCURVE('',#9955,#10842);
#10842 = DEFINITIONAL_REPRESENTATION('',(#10843),#10851);
#10843 = ( BOUNDED_CURVE() B_SPLINE_CURVE(2,(#10844,#10845,#10846,#10847
    ,#10848,#10849,#10850),.UNSPECIFIED.,.T.,.F.) 
B_SPLINE_CURVE_WITH_KNOTS((1,2,2,2,2,1),(-2.094395102393,0.,
    2.094395102393,4.188790204786,6.28318530718,8.377580409573),
.UNSPECIFIED.) CURVE() GEOMETRIC_REPRESENTATION_ITEM() 
RATIONAL_B_SPLINE_CURVE((1.,0.5,1.,0.5,1.,0.5,1.)) REPRESENTATION_ITEM(
  '') );
#10844 = CARTESIAN_POINT('',(-2.000000025098,37.));
#10845 = CARTESIAN_POINT('',(-2.000000025098,57.784609690827));
#10846 = CARTESIAN_POINT('',(15.999999974902,47.392304845413));
#10847 = CARTESIAN_POINT('',(33.999999974902,37.));
#10848 = CARTESIAN_POINT('',(15.999999974902,26.607695154587));
#10849 = CARTESIAN_POINT('',(-2.000000025098,16.215390309173));
#10850 = CARTESIAN_POINT('',(-2.000000025098,37.));
#10851 = ( GEOMETRIC_REPRESENTATION_CONTEXT(2) 
PARAMETRIC_REPRESENTATION_CONTEXT() REPRESENTATION_CONTEXT('2D SPACE',''
  ) );
#10852 = PCURVE('',#10790,#10853);
#10853 = DEFINITIONAL_REPRESENTATION('',(#10854),#10858);
#10854 = LINE('',#10855,#10856);
#10855 = CARTESIAN_POINT('',(0.,0.));
#10856 = VECTOR('',#10857,1.);
#10857 = DIRECTION('',(1.,0.));
#10858 = ( GEOMETRIC_REPRESENTATION_CONTEXT(2) 
PARAMETRIC_REPRESENTATION_CONTEXT() REPRESENTATION_CONTEXT('2D SPACE',''
  ) );
#10859 = ORIENTED_EDGE('',*,*,#10860,.T.);
#10860 = EDGE_CURVE('',#10833,#10861,#10863,.T.);
#10861 = VERTEX_POINT('',#10862);
#10862 = CARTESIAN_POINT('',(50.,47.,0.));
#10863 = SURFACE_CURVE('',#10864,(#10868,#10875),.PCURVE_S1.);
#10864 = LINE('',#10865,#10866);
#10865 = CARTESIAN_POINT('',(30.,47.,0.));
#10866 = VECTOR('',#10867,1.);
#10867 = DIRECTION('',(1.,0.,0.));
#10868 = PCURVE('',#9955,#10869);
#10869 = DEFINITIONAL_REPRESENTATION('',(#10870),#10874);
#10870 = LINE('',#10871,#10872);
#10871 = CARTESIAN_POINT('',(0.,47.));
#10872 = VECTOR('',#10873,1.);
#10873 = DIRECTION('',(1.,0.));
#10874 = ( GEOMETRIC_REPRESENTATION_CONTEXT(2) 
PARAMETRIC_REPRESENTATION_CONTEXT() REPRESENTATION_CONTEXT('2D SPACE',''
  ) );
#10875 = PCURVE('',#10298,#10876);
#10876 = DEFINITIONAL_REPRESENTATION('',(#10877),#10881);
#10877 = LINE('',#10878,#10879);
#10878 = CARTESIAN_POINT('',(20.,0.));
#10879 = VECTOR('',#10880,1.);
#10880 = DIRECTION('',(1.,0.));
#10881 = ( GEOMETRIC_REPRESENTATION_CONTEXT(2) 
PARAMETRIC_REPRESENTATION_CONTEXT() REPRESENTATION_CONTEXT('2D SPACE',''
  ) );
#10882 = ORIENTED_EDGE('',*,*,#10883,.F.);
#10883 = EDGE_CURVE('',#10884,#10861,#10886,.T.);
#10884 = VERTEX_POINT('',#10885);
#10885 = CARTESIAN_POINT('',(50.,43.633249542874,0.));
#10886 = SURFACE_CURVE('',#10887,(#10891,#10898),.PCURVE_S1.);
#10887 = LINE('',#10888,#10889);
#10888 = CARTESIAN_POINT('',(50.,0.,0.));
#10889 = VECTOR('',#10890,1.);
#10890 = DIRECTION('',(0.,1.,0.));
#10891 = PCURVE('',#9955,#10892);
#10892 = DEFINITIONAL_REPRESENTATION('',(#10893),#10897);
#10893 = LINE('',#10894,#10895);
#10894 = CARTESIAN_POINT('',(20.,0.));
#10895 = VECTOR('',#10896,1.);
#10896 = DIRECTION('',(0.,1.));
#10897 = ( GEOMETRIC_REPRESENTATION_CONTEXT(2) 
PARAMETRIC_REPRESENTATION_CONTEXT() REPRESENTATION_CONTEXT('2D SPACE',''
  ) );
#10898 = PCURVE('',#10451,#10899);
#10899 = DEFINITIONAL_REPRESENTATION('',(#10900),#10904);
#10900 = LINE('',#10901,#10902);
#10901 = CARTESIAN_POINT('',(47.,0.));
#10902 = VECTOR('',#10903,1.);
#10903 = DIRECTION('',(1.,0.));
#10904 = ( GEOMETRIC_REPRESENTATION_CONTEXT(2) 
PARAMETRIC_REPRESENTATION_CONTEXT() REPRESENTATION_CONTEXT('2D SPACE',''
  ) );
#10905 = ORIENTED_EDGE('',*,*,#10906,.T.);
#10906 = EDGE_CURVE('',#10884,#10470,#10907,.T.);
#10907 = SURFACE_CURVE('',#10908,(#10913,#10924),.PCURVE_S1.);
#10908 = CIRCLE('',#10909,12.);
#10909 = AXIS2_PLACEMENT_3D('',#10910,#10911,#10912);
#10910 = CARTESIAN_POINT('',(39.999999974902,37.,0.));
#10911 = DIRECTION('',(0.,0.,-1.));
#10912 = DIRECTION('',(-1.,0.,0.));
#10913 = PCURVE('',#9955,#10914);
#10914 = DEFINITIONAL_REPRESENTATION('',(#10915),#10923);
#10915 = ( BOUNDED_CURVE() B_SPLINE_CURVE(2,(#10916,#10917,#10918,#10919
    ,#10920,#10921,#10922),.UNSPECIFIED.,.T.,.F.) 
B_SPLINE_CURVE_WITH_KNOTS((1,2,2,2,2,1),(-2.094395102393,0.,
    2.094395102393,4.188790204786,6.28318530718,8.377580409573),
.UNSPECIFIED.) CURVE() GEOMETRIC_REPRESENTATION_ITEM() 
RATIONAL_B_SPLINE_CURVE((1.,0.5,1.,0.5,1.,0.5,1.)) REPRESENTATION_ITEM(
  '') );
#10916 = CARTESIAN_POINT('',(-2.000000025098,37.));
#10917 = CARTESIAN_POINT('',(-2.000000025098,57.784609690827));
#10918 = CARTESIAN_POINT('',(15.999999974902,47.392304845413));
#10919 = CARTESIAN_POINT('',(33.999999974902,37.));
#10920 = CARTESIAN_POINT('',(15.999999974902,26.607695154587));
#10921 = CARTESIAN_POINT('',(-2.000000025098,16.215390309173));
#10922 = CARTESIAN_POINT('',(-2.000000025098,37.));
#10923 = ( GEOMETRIC_REPRESENTATION_CONTEXT(2) 
PARAMETRIC_REPRESENTATION_CONTEXT() REPRESENTATION_CONTEXT('2D SPACE',''
  ) );
#10924 = PCURVE('',#10790,#10925);
#10925 = DEFINITIONAL_REPRESENTATION('',(#10926),#10930);
#10926 = LINE('',#10927,#10928);
#10927 = CARTESIAN_POINT('',(0.,0.));
#10928 = VECTOR('',#10929,1.);
#10929 = DIRECTION('',(1.,0.));
#10930 = ( GEOMETRIC_REPRESENTATION_CONTEXT(2) 
PARAMETRIC_REPRESENTATION_CONTEXT() REPRESENTATION_CONTEXT('2D SPACE',''
  ) );
#10931 = ORIENTED_EDGE('',*,*,#10469,.T.);
#10932 = ADVANCED_FACE('',(#10933),#10042,.T.);
#10933 = FACE_BOUND('',#10934,.T.);
#10934 = EDGE_LOOP('',(#10935,#10958,#10991,#11012,#11013,#11014,#11045,
    #11046));
#10935 = ORIENTED_EDGE('',*,*,#10936,.T.);
#10936 = EDGE_CURVE('',#10546,#10937,#10939,.T.);
#10937 = VERTEX_POINT('',#10938);
#10938 = CARTESIAN_POINT('',(20.,-49.,3.));
#10939 = SURFACE_CURVE('',#10940,(#10944,#10951),.PCURVE_S1.);
#10940 = LINE('',#10941,#10942);
#10941 = CARTESIAN_POINT('',(20.,-49.,0.));
#10942 = VECTOR('',#10943,1.);
#10943 = DIRECTION('',(0.,0.,1.));
#10944 = PCURVE('',#10042,#10945);
#10945 = DEFINITIONAL_REPRESENTATION('',(#10946),#10950);
#10946 = LINE('',#10947,#10948);
#10947 = CARTESIAN_POINT('',(4.712388980385,0.));
#10948 = VECTOR('',#10949,1.);
#10949 = DIRECTION('',(0.,-1.));
#10950 = ( GEOMETRIC_REPRESENTATION_CONTEXT(2) 
PARAMETRIC_REPRESENTATION_CONTEXT() REPRESENTATION_CONTEXT('2D SPACE',''
  ) );
#10951 = PCURVE('',#10589,#10952);
#10952 = DEFINITIONAL_REPRESENTATION('',(#10953),#10957);
#10953 = LINE('',#10954,#10955);
#10954 = CARTESIAN_POINT('',(1.7763568394E-15,0.));
#10955 = VECTOR('',#10956,1.);
#10956 = DIRECTION('',(0.,-1.));
#10957 = ( GEOMETRIC_REPRESENTATION_CONTEXT(2) 
PARAMETRIC_REPRESENTATION_CONTEXT() REPRESENTATION_CONTEXT('2D SPACE',''
  ) );
#10958 = ORIENTED_EDGE('',*,*,#10959,.T.);
#10959 = EDGE_CURVE('',#10937,#10960,#10962,.T.);
#10960 = VERTEX_POINT('',#10961);
#10961 = CARTESIAN_POINT('',(8.,-37.,3.));
#10962 = SURFACE_CURVE('',#10963,(#10968,#10975),.PCURVE_S1.);
#10963 = CIRCLE('',#10964,12.);
#10964 = AXIS2_PLACEMENT_3D('',#10965,#10966,#10967);
#10965 = CARTESIAN_POINT('',(20.,-37.,3.));
#10966 = DIRECTION('',(0.,0.,-1.));
#10967 = DIRECTION('',(-1.,0.,0.));
#10968 = PCURVE('',#10042,#10969);
#10969 = DEFINITIONAL_REPRESENTATION('',(#10970),#10974);
#10970 = LINE('',#10971,#10972);
#10971 = CARTESIAN_POINT('',(0.,-3.));
#10972 = VECTOR('',#10973,1.);
#10973 = DIRECTION('',(1.,0.));
#10974 = ( GEOMETRIC_REPRESENTATION_CONTEXT(2) 
PARAMETRIC_REPRESENTATION_CONTEXT() REPRESENTATION_CONTEXT('2D SPACE',''
  ) );
#10975 = PCURVE('',#10976,#10981);
#10976 = PLANE('',#10977);
#10977 = AXIS2_PLACEMENT_3D('',#10978,#10979,#10980);
#10978 = CARTESIAN_POINT('',(29.999999994525,-1.73210767953E-15,3.));
#10979 = DIRECTION('',(0.,0.,1.));
#10980 = DIRECTION('',(1.,0.,0.));
#10981 = DEFINITIONAL_REPRESENTATION('',(#10982),#10990);
#10982 = ( BOUNDED_CURVE() B_SPLINE_CURVE(2,(#10983,#10984,#10985,#10986
    ,#10987,#10988,#10989),.UNSPECIFIED.,.T.,.F.) 
B_SPLINE_CURVE_WITH_KNOTS((1,2,2,2,2,1),(-2.094395102393,0.,
    2.094395102393,4.188790204786,6.28318530718,8.377580409573),
.UNSPECIFIED.) CURVE() GEOMETRIC_REPRESENTATION_ITEM() 
RATIONAL_B_SPLINE_CURVE((1.,0.5,1.,0.5,1.,0.5,1.)) REPRESENTATION_ITEM(
  '') );
#10983 = CARTESIAN_POINT('',(-21.99999999452,-37.));
#10984 = CARTESIAN_POINT('',(-21.99999999452,-16.21539030917));
#10985 = CARTESIAN_POINT('',(-3.999999994525,-26.60769515458));
#10986 = CARTESIAN_POINT('',(14.000000005475,-37.));
#10987 = CARTESIAN_POINT('',(-3.999999994525,-47.39230484541));
#10988 = CARTESIAN_POINT('',(-21.99999999452,-57.78460969082));
#10989 = CARTESIAN_POINT('',(-21.99999999452,-37.));
#10990 = ( GEOMETRIC_REPRESENTATION_CONTEXT(2) 
PARAMETRIC_REPRESENTATION_CONTEXT() REPRESENTATION_CONTEXT('2D SPACE',''
  ) );
#10991 = ORIENTED_EDGE('',*,*,#10992,.F.);
#10992 = EDGE_CURVE('',#10140,#10960,#10993,.T.);
#10993 = SURFACE_CURVE('',#10994,(#10998,#11005),.PCURVE_S1.);
#10994 = LINE('',#10995,#10996);
#10995 = CARTESIAN_POINT('',(8.,-37.,0.));
#10996 = VECTOR('',#10997,1.);
#10997 = DIRECTION('',(0.,0.,1.));
#10998 = PCURVE('',#10042,#10999);
#10999 = DEFINITIONAL_REPRESENTATION('',(#11000),#11004);
#11000 = LINE('',#11001,#11002);
#11001 = CARTESIAN_POINT('',(6.28318530718,0.));
#11002 = VECTOR('',#11003,1.);
#11003 = DIRECTION('',(0.,-1.));
#11004 = ( GEOMETRIC_REPRESENTATION_CONTEXT(2) 
PARAMETRIC_REPRESENTATION_CONTEXT() REPRESENTATION_CONTEXT('2D SPACE',''
  ) );
#11005 = PCURVE('',#10157,#11006);
#11006 = DEFINITIONAL_REPRESENTATION('',(#11007),#11011);
#11007 = LINE('',#11008,#11009);
#11008 = CARTESIAN_POINT('',(0.,0.));
#11009 = VECTOR('',#11010,1.);
#11010 = DIRECTION('',(0.,-1.));
#11011 = ( GEOMETRIC_REPRESENTATION_CONTEXT(2) 
PARAMETRIC_REPRESENTATION_CONTEXT() REPRESENTATION_CONTEXT('2D SPACE',''
  ) );
#11012 = ORIENTED_EDGE('',*,*,#10169,.F.);
#11013 = ORIENTED_EDGE('',*,*,#10110,.F.);
#11014 = ORIENTED_EDGE('',*,*,#11015,.F.);
#11015 = EDGE_CURVE('',#10022,#10083,#11016,.T.);
#11016 = SURFACE_CURVE('',#11017,(#11022,#11029),.PCURVE_S1.);
#11017 = CIRCLE('',#11018,12.);
#11018 = AXIS2_PLACEMENT_3D('',#11019,#11020,#11021);
#11019 = CARTESIAN_POINT('',(20.,-37.,0.));
#11020 = DIRECTION('',(0.,0.,-1.));
#11021 = DIRECTION('',(-1.,0.,0.));
#11022 = PCURVE('',#10042,#11023);
#11023 = DEFINITIONAL_REPRESENTATION('',(#11024),#11028);
#11024 = LINE('',#11025,#11026);
#11025 = CARTESIAN_POINT('',(0.,0.));
#11026 = VECTOR('',#11027,1.);
#11027 = DIRECTION('',(1.,0.));
#11028 = ( GEOMETRIC_REPRESENTATION_CONTEXT(2) 
PARAMETRIC_REPRESENTATION_CONTEXT() REPRESENTATION_CONTEXT('2D SPACE',''
  ) );
#11029 = PCURVE('',#11030,#11035);
#11030 = PLANE('',#11031);
#11031 = AXIS2_PLACEMENT_3D('',#11032,#11033,#11034);
#11032 = CARTESIAN_POINT('',(29.999999994525,-1.73210767953E-15,0.));
#11033 = DIRECTION('',(0.,0.,1.));
#11034 = DIRECTION('',(1.,0.,0.));
#11035 = DEFINITIONAL_REPRESENTATION('',(#11036),#11044);
#11036 = ( BOUNDED_CURVE() B_SPLINE_CURVE(2,(#11037,#11038,#11039,#11040
    ,#11041,#11042,#11043),.UNSPECIFIED.,.T.,.F.) 
B_SPLINE_CURVE_WITH_KNOTS((1,2,2,2,2,1),(-2.094395102393,0.,
    2.094395102393,4.188790204786,6.28318530718,8.377580409573),
.UNSPECIFIED.) CURVE() GEOMETRIC_REPRESENTATION_ITEM() 
RATIONAL_B_SPLINE_CURVE((1.,0.5,1.,0.5,1.,0.5,1.)) REPRESENTATION_ITEM(
  '') );
#11037 = CARTESIAN_POINT('',(-21.99999999452,-37.));
#11038 = CARTESIAN_POINT('',(-21.99999999452,-16.21539030917));
#11039 = CARTESIAN_POINT('',(-3.999999994525,-26.60769515458));
#11040 = CARTESIAN_POINT('',(14.000000005475,-37.));
#11041 = CARTESIAN_POINT('',(-3.999999994525,-47.39230484541));
#11042 = CARTESIAN_POINT('',(-21.99999999452,-57.78460969082));
#11043 = CARTESIAN_POINT('',(-21.99999999452,-37.));
#11044 = ( GEOMETRIC_REPRESENTATION_CONTEXT(2) 
PARAMETRIC_REPRESENTATION_CONTEXT() REPRESENTATION_CONTEXT('2D SPACE',''
  ) );
#11045 = ORIENTED_EDGE('',*,*,#10021,.F.);
#11046 = ORIENTED_EDGE('',*,*,#10545,.F.);
#11047 = ADVANCED_FACE('',(#11048),#10098,.T.);
#11048 = FACE_BOUND('',#11049,.T.);
#11049 = EDGE_LOOP('',(#11050,#11071,#11072,#11093,#11094,#11115));
#11050 = ORIENTED_EDGE('',*,*,#11051,.T.);
#11051 = EDGE_CURVE('',#10055,#10367,#11052,.T.);
#11052 = SURFACE_CURVE('',#11053,(#11057,#11064),.PCURVE_S1.);
#11053 = LINE('',#11054,#11055);
#11054 = CARTESIAN_POINT('',(10.,-47.,0.));
#11055 = VECTOR('',#11056,1.);
#11056 = DIRECTION('',(-0.,-0.,-1.));
#11057 = PCURVE('',#10098,#11058);
#11058 = DEFINITIONAL_REPRESENTATION('',(#11059),#11063);
#11059 = LINE('',#11060,#11061);
#11060 = CARTESIAN_POINT('',(0.,0.));
#11061 = VECTOR('',#11062,1.);
#11062 = DIRECTION('',(0.,-1.));
#11063 = ( GEOMETRIC_REPRESENTATION_CONTEXT(2) 
PARAMETRIC_REPRESENTATION_CONTEXT() REPRESENTATION_CONTEXT('2D SPACE',''
  ) );
#11064 = PCURVE('',#10070,#11065);
#11065 = DEFINITIONAL_REPRESENTATION('',(#11066),#11070);
#11066 = LINE('',#11067,#11068);
#11067 = CARTESIAN_POINT('',(0.,0.));
#11068 = VECTOR('',#11069,1.);
#11069 = DIRECTION('',(0.,-1.));
#11070 = ( GEOMETRIC_REPRESENTATION_CONTEXT(2) 
PARAMETRIC_REPRESENTATION_CONTEXT() REPRESENTATION_CONTEXT('2D SPACE',''
  ) );
#11071 = ORIENTED_EDGE('',*,*,#10391,.T.);
#11072 = ORIENTED_EDGE('',*,*,#11073,.F.);
#11073 = EDGE_CURVE('',#10260,#10392,#11074,.T.);
#11074 = SURFACE_CURVE('',#11075,(#11079,#11086),.PCURVE_S1.);
#11075 = LINE('',#11076,#11077);
#11076 = CARTESIAN_POINT('',(10.,47.,0.));
#11077 = VECTOR('',#11078,1.);
#11078 = DIRECTION('',(-0.,-0.,-1.));
#11079 = PCURVE('',#10098,#11080);
#11080 = DEFINITIONAL_REPRESENTATION('',(#11081),#11085);
#11081 = LINE('',#11082,#11083);
#11082 = CARTESIAN_POINT('',(94.,0.));
#11083 = VECTOR('',#11084,1.);
#11084 = DIRECTION('',(0.,-1.));
#11085 = ( GEOMETRIC_REPRESENTATION_CONTEXT(2) 
PARAMETRIC_REPRESENTATION_CONTEXT() REPRESENTATION_CONTEXT('2D SPACE',''
  ) );
#11086 = PCURVE('',#10298,#11087);
#11087 = DEFINITIONAL_REPRESENTATION('',(#11088),#11092);
#11088 = LINE('',#11089,#11090);
#11089 = CARTESIAN_POINT('',(0.,0.));
#11090 = VECTOR('',#11091,1.);
#11091 = DIRECTION('',(0.,-1.));
#11092 = ( GEOMETRIC_REPRESENTATION_CONTEXT(2) 
PARAMETRIC_REPRESENTATION_CONTEXT() REPRESENTATION_CONTEXT('2D SPACE',''
  ) );
#11093 = ORIENTED_EDGE('',*,*,#10259,.F.);
#11094 = ORIENTED_EDGE('',*,*,#11095,.F.);
#11095 = EDGE_CURVE('',#10083,#10232,#11096,.T.);
#11096 = SURFACE_CURVE('',#11097,(#11101,#11108),.PCURVE_S1.);
#11097 = LINE('',#11098,#11099);
#11098 = CARTESIAN_POINT('',(10.,0.,0.));
#11099 = VECTOR('',#11100,1.);
#11100 = DIRECTION('',(0.,1.,0.));
#11101 = PCURVE('',#10098,#11102);
#11102 = DEFINITIONAL_REPRESENTATION('',(#11103),#11107);
#11103 = LINE('',#11104,#11105);
#11104 = CARTESIAN_POINT('',(47.,0.));
#11105 = VECTOR('',#11106,1.);
#11106 = DIRECTION('',(1.,0.));
#11107 = ( GEOMETRIC_REPRESENTATION_CONTEXT(2) 
PARAMETRIC_REPRESENTATION_CONTEXT() REPRESENTATION_CONTEXT('2D SPACE',''
  ) );
#11108 = PCURVE('',#11030,#11109);
#11109 = DEFINITIONAL_REPRESENTATION('',(#11110),#11114);
#11110 = LINE('',#11111,#11112);
#11111 = CARTESIAN_POINT('',(-19.99999999452,1.73210767953E-15));
#11112 = VECTOR('',#11113,1.);
#11113 = DIRECTION('',(0.,1.));
#11114 = ( GEOMETRIC_REPRESENTATION_CONTEXT(2) 
PARAMETRIC_REPRESENTATION_CONTEXT() REPRESENTATION_CONTEXT('2D SPACE',''
  ) );
#11115 = ORIENTED_EDGE('',*,*,#10082,.F.);
#11116 = ADVANCED_FACE('',(#11117),#10070,.F.);
#11117 = FACE_BOUND('',#11118,.F.);
#11118 = EDGE_LOOP('',(#11119,#11120,#11121,#11142,#11143,#11164));
#11119 = ORIENTED_EDGE('',*,*,#11051,.T.);
#11120 = ORIENTED_EDGE('',*,*,#10366,.T.);
#11121 = ORIENTED_EDGE('',*,*,#11122,.F.);
#11122 = EDGE_CURVE('',#10694,#10369,#11123,.T.);
#11123 = SURFACE_CURVE('',#11124,(#11128,#11135),.PCURVE_S1.);
#11124 = LINE('',#11125,#11126);
#11125 = CARTESIAN_POINT('',(50.,-47.,0.));
#11126 = VECTOR('',#11127,1.);
#11127 = DIRECTION('',(-0.,-0.,-1.));
#11128 = PCURVE('',#10070,#11129);
#11129 = DEFINITIONAL_REPRESENTATION('',(#11130),#11134);
#11130 = LINE('',#11131,#11132);
#11131 = CARTESIAN_POINT('',(40.,0.));
#11132 = VECTOR('',#11133,1.);
#11133 = DIRECTION('',(0.,-1.));
#11134 = ( GEOMETRIC_REPRESENTATION_CONTEXT(2) 
PARAMETRIC_REPRESENTATION_CONTEXT() REPRESENTATION_CONTEXT('2D SPACE',''
  ) );
#11135 = PCURVE('',#10451,#11136);
#11136 = DEFINITIONAL_REPRESENTATION('',(#11137),#11141);
#11137 = LINE('',#11138,#11139);
#11138 = CARTESIAN_POINT('',(0.,0.));
#11139 = VECTOR('',#11140,1.);
#11140 = DIRECTION('',(0.,-1.));
#11141 = ( GEOMETRIC_REPRESENTATION_CONTEXT(2) 
PARAMETRIC_REPRESENTATION_CONTEXT() REPRESENTATION_CONTEXT('2D SPACE',''
  ) );
#11142 = ORIENTED_EDGE('',*,*,#10716,.F.);
#11143 = ORIENTED_EDGE('',*,*,#11144,.F.);
#11144 = EDGE_CURVE('',#10022,#10636,#11145,.T.);
#11145 = SURFACE_CURVE('',#11146,(#11150,#11157),.PCURVE_S1.);
#11146 = LINE('',#11147,#11148);
#11147 = CARTESIAN_POINT('',(30.,-47.,0.));
#11148 = VECTOR('',#11149,1.);
#11149 = DIRECTION('',(1.,0.,0.));
#11150 = PCURVE('',#10070,#11151);
#11151 = DEFINITIONAL_REPRESENTATION('',(#11152),#11156);
#11152 = LINE('',#11153,#11154);
#11153 = CARTESIAN_POINT('',(20.,0.));
#11154 = VECTOR('',#11155,1.);
#11155 = DIRECTION('',(1.,0.));
#11156 = ( GEOMETRIC_REPRESENTATION_CONTEXT(2) 
PARAMETRIC_REPRESENTATION_CONTEXT() REPRESENTATION_CONTEXT('2D SPACE',''
  ) );
#11157 = PCURVE('',#11030,#11158);
#11158 = DEFINITIONAL_REPRESENTATION('',(#11159),#11163);
#11159 = LINE('',#11160,#11161);
#11160 = CARTESIAN_POINT('',(5.474810553509E-09,-47.));
#11161 = VECTOR('',#11162,1.);
#11162 = DIRECTION('',(1.,0.));
#11163 = ( GEOMETRIC_REPRESENTATION_CONTEXT(2) 
PARAMETRIC_REPRESENTATION_CONTEXT() REPRESENTATION_CONTEXT('2D SPACE',''
  ) );
#11164 = ORIENTED_EDGE('',*,*,#10054,.F.);
#11165 = ADVANCED_FACE('',(#11166),#10157,.T.);
#11166 = FACE_BOUND('',#11167,.T.);
#11167 = EDGE_LOOP('',(#11168,#11169,#11192,#11213));
#11168 = ORIENTED_EDGE('',*,*,#10992,.T.);
#11169 = ORIENTED_EDGE('',*,*,#11170,.T.);
#11170 = EDGE_CURVE('',#10960,#11171,#11173,.T.);
#11171 = VERTEX_POINT('',#11172);
#11172 = CARTESIAN_POINT('',(8.,37.,3.));
#11173 = SURFACE_CURVE('',#11174,(#11178,#11185),.PCURVE_S1.);
#11174 = LINE('',#11175,#11176);
#11175 = CARTESIAN_POINT('',(8.,0.,3.));
#11176 = VECTOR('',#11177,1.);
#11177 = DIRECTION('',(0.,1.,0.));
#11178 = PCURVE('',#10157,#11179);
#11179 = DEFINITIONAL_REPRESENTATION('',(#11180),#11184);
#11180 = LINE('',#11181,#11182);
#11181 = CARTESIAN_POINT('',(37.,-3.));
#11182 = VECTOR('',#11183,1.);
#11183 = DIRECTION('',(1.,0.));
#11184 = ( GEOMETRIC_REPRESENTATION_CONTEXT(2) 
PARAMETRIC_REPRESENTATION_CONTEXT() REPRESENTATION_CONTEXT('2D SPACE',''
  ) );
#11185 = PCURVE('',#10976,#11186);
#11186 = DEFINITIONAL_REPRESENTATION('',(#11187),#11191);
#11187 = LINE('',#11188,#11189);
#11188 = CARTESIAN_POINT('',(-21.99999999452,1.73210767953E-15));
#11189 = VECTOR('',#11190,1.);
#11190 = DIRECTION('',(0.,1.));
#11191 = ( GEOMETRIC_REPRESENTATION_CONTEXT(2) 
PARAMETRIC_REPRESENTATION_CONTEXT() REPRESENTATION_CONTEXT('2D SPACE',''
  ) );
#11192 = ORIENTED_EDGE('',*,*,#11193,.F.);
#11193 = EDGE_CURVE('',#10142,#11171,#11194,.T.);
#11194 = SURFACE_CURVE('',#11195,(#11199,#11206),.PCURVE_S1.);
#11195 = LINE('',#11196,#11197);
#11196 = CARTESIAN_POINT('',(8.,37.,0.));
#11197 = VECTOR('',#11198,1.);
#11198 = DIRECTION('',(0.,0.,1.));
#11199 = PCURVE('',#10157,#11200);
#11200 = DEFINITIONAL_REPRESENTATION('',(#11201),#11205);
#11201 = LINE('',#11202,#11203);
#11202 = CARTESIAN_POINT('',(74.,0.));
#11203 = VECTOR('',#11204,1.);
#11204 = DIRECTION('',(0.,-1.));
#11205 = ( GEOMETRIC_REPRESENTATION_CONTEXT(2) 
PARAMETRIC_REPRESENTATION_CONTEXT() REPRESENTATION_CONTEXT('2D SPACE',''
  ) );
#11206 = PCURVE('',#10215,#11207);
#11207 = DEFINITIONAL_REPRESENTATION('',(#11208),#11212);
#11208 = LINE('',#11209,#11210);
#11209 = CARTESIAN_POINT('',(0.,0.));
#11210 = VECTOR('',#11211,1.);
#11211 = DIRECTION('',(0.,-1.));
#11212 = ( GEOMETRIC_REPRESENTATION_CONTEXT(2) 
PARAMETRIC_REPRESENTATION_CONTEXT() REPRESENTATION_CONTEXT('2D SPACE',''
  ) );
#11213 = ORIENTED_EDGE('',*,*,#10139,.F.);
#11214 = ADVANCED_FACE('',(#11215),#10215,.T.);
#11215 = FACE_BOUND('',#11216,.T.);
#11216 = EDGE_LOOP('',(#11217,#11218,#11246,#11267,#11268,#11269,#11295,
    #11296));
#11217 = ORIENTED_EDGE('',*,*,#11193,.T.);
#11218 = ORIENTED_EDGE('',*,*,#11219,.T.);
#11219 = EDGE_CURVE('',#11171,#11220,#11222,.T.);
#11220 = VERTEX_POINT('',#11221);
#11221 = CARTESIAN_POINT('',(20.,49.,3.));
#11222 = SURFACE_CURVE('',#11223,(#11228,#11235),.PCURVE_S1.);
#11223 = CIRCLE('',#11224,12.);
#11224 = AXIS2_PLACEMENT_3D('',#11225,#11226,#11227);
#11225 = CARTESIAN_POINT('',(20.,37.,3.));
#11226 = DIRECTION('',(0.,0.,-1.));
#11227 = DIRECTION('',(-1.,0.,0.));
#11228 = PCURVE('',#10215,#11229);
#11229 = DEFINITIONAL_REPRESENTATION('',(#11230),#11234);
#11230 = LINE('',#11231,#11232);
#11231 = CARTESIAN_POINT('',(0.,-3.));
#11232 = VECTOR('',#11233,1.);
#11233 = DIRECTION('',(1.,0.));
#11234 = ( GEOMETRIC_REPRESENTATION_CONTEXT(2) 
PARAMETRIC_REPRESENTATION_CONTEXT() REPRESENTATION_CONTEXT('2D SPACE',''
  ) );
#11235 = PCURVE('',#10976,#11236);
#11236 = DEFINITIONAL_REPRESENTATION('',(#11237),#11245);
#11237 = ( BOUNDED_CURVE() B_SPLINE_CURVE(2,(#11238,#11239,#11240,#11241
    ,#11242,#11243,#11244),.UNSPECIFIED.,.T.,.F.) 
B_SPLINE_CURVE_WITH_KNOTS((1,2,2,2,2,1),(-2.094395102393,0.,
    2.094395102393,4.188790204786,6.28318530718,8.377580409573),
.UNSPECIFIED.) CURVE() GEOMETRIC_REPRESENTATION_ITEM() 
RATIONAL_B_SPLINE_CURVE((1.,0.5,1.,0.5,1.,0.5,1.)) REPRESENTATION_ITEM(
  '') );
#11238 = CARTESIAN_POINT('',(-21.99999999452,37.));
#11239 = CARTESIAN_POINT('',(-21.99999999452,57.784609690827));
#11240 = CARTESIAN_POINT('',(-3.999999994525,47.392304845413));
#11241 = CARTESIAN_POINT('',(14.000000005475,37.));
#11242 = CARTESIAN_POINT('',(-3.999999994525,26.607695154587));
#11243 = CARTESIAN_POINT('',(-21.99999999452,16.215390309173));
#11244 = CARTESIAN_POINT('',(-21.99999999452,37.));
#11245 = ( GEOMETRIC_REPRESENTATION_CONTEXT(2) 
PARAMETRIC_REPRESENTATION_CONTEXT() REPRESENTATION_CONTEXT('2D SPACE',''
  ) );
#11246 = ORIENTED_EDGE('',*,*,#11247,.F.);
#11247 = EDGE_CURVE('',#10741,#11220,#11248,.T.);
#11248 = SURFACE_CURVE('',#11249,(#11253,#11260),.PCURVE_S1.);
#11249 = LINE('',#11250,#11251);
#11250 = CARTESIAN_POINT('',(20.,49.,0.));
#11251 = VECTOR('',#11252,1.);
#11252 = DIRECTION('',(0.,0.,1.));
#11253 = PCURVE('',#10215,#11254);
#11254 = DEFINITIONAL_REPRESENTATION('',(#11255),#11259);
#11255 = LINE('',#11256,#11257);
#11256 = CARTESIAN_POINT('',(1.570796326795,0.));
#11257 = VECTOR('',#11258,1.);
#11258 = DIRECTION('',(0.,-1.));
#11259 = ( GEOMETRIC_REPRESENTATION_CONTEXT(2) 
PARAMETRIC_REPRESENTATION_CONTEXT() REPRESENTATION_CONTEXT('2D SPACE',''
  ) );
#11260 = PCURVE('',#10816,#11261);
#11261 = DEFINITIONAL_REPRESENTATION('',(#11262),#11266);
#11262 = LINE('',#11263,#11264);
#11263 = CARTESIAN_POINT('',(1.7763568394E-15,0.));
#11264 = VECTOR('',#11265,1.);
#11265 = DIRECTION('',(0.,-1.));
#11266 = ( GEOMETRIC_REPRESENTATION_CONTEXT(2) 
PARAMETRIC_REPRESENTATION_CONTEXT() REPRESENTATION_CONTEXT('2D SPACE',''
  ) );
#11267 = ORIENTED_EDGE('',*,*,#10740,.F.);
#11268 = ORIENTED_EDGE('',*,*,#10310,.F.);
#11269 = ORIENTED_EDGE('',*,*,#11270,.F.);
#11270 = EDGE_CURVE('',#10232,#10283,#11271,.T.);
#11271 = SURFACE_CURVE('',#11272,(#11277,#11284),.PCURVE_S1.);
#11272 = CIRCLE('',#11273,12.);
#11273 = AXIS2_PLACEMENT_3D('',#11274,#11275,#11276);
#11274 = CARTESIAN_POINT('',(20.,37.,0.));
#11275 = DIRECTION('',(0.,0.,-1.));
#11276 = DIRECTION('',(-1.,0.,0.));
#11277 = PCURVE('',#10215,#11278);
#11278 = DEFINITIONAL_REPRESENTATION('',(#11279),#11283);
#11279 = LINE('',#11280,#11281);
#11280 = CARTESIAN_POINT('',(0.,0.));
#11281 = VECTOR('',#11282,1.);
#11282 = DIRECTION('',(1.,0.));
#11283 = ( GEOMETRIC_REPRESENTATION_CONTEXT(2) 
PARAMETRIC_REPRESENTATION_CONTEXT() REPRESENTATION_CONTEXT('2D SPACE',''
  ) );
#11284 = PCURVE('',#11030,#11285);
#11285 = DEFINITIONAL_REPRESENTATION('',(#11286),#11294);
#11286 = ( BOUNDED_CURVE() B_SPLINE_CURVE(2,(#11287,#11288,#11289,#11290
    ,#11291,#11292,#11293),.UNSPECIFIED.,.T.,.F.) 
B_SPLINE_CURVE_WITH_KNOTS((1,2,2,2,2,1),(-2.094395102393,0.,
    2.094395102393,4.188790204786,6.28318530718,8.377580409573),
.UNSPECIFIED.) CURVE() GEOMETRIC_REPRESENTATION_ITEM() 
RATIONAL_B_SPLINE_CURVE((1.,0.5,1.,0.5,1.,0.5,1.)) REPRESENTATION_ITEM(
  '') );
#11287 = CARTESIAN_POINT('',(-21.99999999452,37.));
#11288 = CARTESIAN_POINT('',(-21.99999999452,57.784609690827));
#11289 = CARTESIAN_POINT('',(-3.999999994525,47.392304845413));
#11290 = CARTESIAN_POINT('',(14.000000005475,37.));
#11291 = CARTESIAN_POINT('',(-3.999999994525,26.607695154587));
#11292 = CARTESIAN_POINT('',(-21.99999999452,16.215390309173));
#11293 = CARTESIAN_POINT('',(-21.99999999452,37.));
#11294 = ( GEOMETRIC_REPRESENTATION_CONTEXT(2) 
PARAMETRIC_REPRESENTATION_CONTEXT() REPRESENTATION_CONTEXT('2D SPACE',''
  ) );
#11295 = ORIENTED_EDGE('',*,*,#10231,.F.);
#11296 = ORIENTED_EDGE('',*,*,#10196,.F.);
#11297 = ADVANCED_FACE('',(#11298),#10298,.T.);
#11298 = FACE_BOUND('',#11299,.T.);
#11299 = EDGE_LOOP('',(#11300,#11301,#11302,#11323,#11324,#11345));
#11300 = ORIENTED_EDGE('',*,*,#11073,.T.);
#11301 = ORIENTED_EDGE('',*,*,#10414,.T.);
#11302 = ORIENTED_EDGE('',*,*,#11303,.F.);
#11303 = EDGE_CURVE('',#10861,#10415,#11304,.T.);
#11304 = SURFACE_CURVE('',#11305,(#11309,#11316),.PCURVE_S1.);
#11305 = LINE('',#11306,#11307);
#11306 = CARTESIAN_POINT('',(50.,47.,0.));
#11307 = VECTOR('',#11308,1.);
#11308 = DIRECTION('',(-0.,-0.,-1.));
#11309 = PCURVE('',#10298,#11310);
#11310 = DEFINITIONAL_REPRESENTATION('',(#11311),#11315);
#11311 = LINE('',#11312,#11313);
#11312 = CARTESIAN_POINT('',(40.,0.));
#11313 = VECTOR('',#11314,1.);
#11314 = DIRECTION('',(0.,-1.));
#11315 = ( GEOMETRIC_REPRESENTATION_CONTEXT(2) 
PARAMETRIC_REPRESENTATION_CONTEXT() REPRESENTATION_CONTEXT('2D SPACE',''
  ) );
#11316 = PCURVE('',#10451,#11317);
#11317 = DEFINITIONAL_REPRESENTATION('',(#11318),#11322);
#11318 = LINE('',#11319,#11320);
#11319 = CARTESIAN_POINT('',(94.,0.));
#11320 = VECTOR('',#11321,1.);
#11321 = DIRECTION('',(0.,-1.));
#11322 = ( GEOMETRIC_REPRESENTATION_CONTEXT(2) 
PARAMETRIC_REPRESENTATION_CONTEXT() REPRESENTATION_CONTEXT('2D SPACE',''
  ) );
#11323 = ORIENTED_EDGE('',*,*,#10860,.F.);
#11324 = ORIENTED_EDGE('',*,*,#11325,.F.);
#11325 = EDGE_CURVE('',#10283,#10833,#11326,.T.);
#11326 = SURFACE_CURVE('',#11327,(#11331,#11338),.PCURVE_S1.);
#11327 = LINE('',#11328,#11329);
#11328 = CARTESIAN_POINT('',(30.,47.,0.));
#11329 = VECTOR('',#11330,1.);
#11330 = DIRECTION('',(1.,0.,0.));
#11331 = PCURVE('',#10298,#11332);
#11332 = DEFINITIONAL_REPRESENTATION('',(#11333),#11337);
#11333 = LINE('',#11334,#11335);
#11334 = CARTESIAN_POINT('',(20.,0.));
#11335 = VECTOR('',#11336,1.);
#11336 = DIRECTION('',(1.,0.));
#11337 = ( GEOMETRIC_REPRESENTATION_CONTEXT(2) 
PARAMETRIC_REPRESENTATION_CONTEXT() REPRESENTATION_CONTEXT('2D SPACE',''
  ) );
#11338 = PCURVE('',#11030,#11339);
#11339 = DEFINITIONAL_REPRESENTATION('',(#11340),#11344);
#11340 = LINE('',#11341,#11342);
#11341 = CARTESIAN_POINT('',(5.474810553509E-09,47.));
#11342 = VECTOR('',#11343,1.);
#11343 = DIRECTION('',(1.,0.));
#11344 = ( GEOMETRIC_REPRESENTATION_CONTEXT(2) 
PARAMETRIC_REPRESENTATION_CONTEXT() REPRESENTATION_CONTEXT('2D SPACE',''
  ) );
#11345 = ORIENTED_EDGE('',*,*,#10282,.F.);
#11346 = ADVANCED_FACE('',(#11347),#10451,.F.);
#11347 = FACE_BOUND('',#11348,.F.);
#11348 = EDGE_LOOP('',(#11349,#11350,#11351,#11352,#11353,#11374));
#11349 = ORIENTED_EDGE('',*,*,#11122,.T.);
#11350 = ORIENTED_EDGE('',*,*,#10437,.T.);
#11351 = ORIENTED_EDGE('',*,*,#11303,.F.);
#11352 = ORIENTED_EDGE('',*,*,#10883,.F.);
#11353 = ORIENTED_EDGE('',*,*,#11354,.F.);
#11354 = EDGE_CURVE('',#10666,#10884,#11355,.T.);
#11355 = SURFACE_CURVE('',#11356,(#11360,#11367),.PCURVE_S1.);
#11356 = LINE('',#11357,#11358);
#11357 = CARTESIAN_POINT('',(50.,0.,0.));
#11358 = VECTOR('',#11359,1.);
#11359 = DIRECTION('',(0.,1.,0.));
#11360 = PCURVE('',#10451,#11361);
#11361 = DEFINITIONAL_REPRESENTATION('',(#11362),#11366);
#11362 = LINE('',#11363,#11364);
#11363 = CARTESIAN_POINT('',(47.,0.));
#11364 = VECTOR('',#11365,1.);
#11365 = DIRECTION('',(1.,0.));
#11366 = ( GEOMETRIC_REPRESENTATION_CONTEXT(2) 
PARAMETRIC_REPRESENTATION_CONTEXT() REPRESENTATION_CONTEXT('2D SPACE',''
  ) );
#11367 = PCURVE('',#11030,#11368);
#11368 = DEFINITIONAL_REPRESENTATION('',(#11369),#11373);
#11369 = LINE('',#11370,#11371);
#11370 = CARTESIAN_POINT('',(20.000000005475,1.73210767953E-15));
#11371 = VECTOR('',#11372,1.);
#11372 = DIRECTION('',(0.,1.));
#11373 = ( GEOMETRIC_REPRESENTATION_CONTEXT(2) 
PARAMETRIC_REPRESENTATION_CONTEXT() REPRESENTATION_CONTEXT('2D SPACE',''
  ) );
#11374 = ORIENTED_EDGE('',*,*,#10693,.F.);
#11375 = ADVANCED_FACE('',(#11376),#10508,.F.);
#11376 = FACE_BOUND('',#11377,.F.);
#11377 = EDGE_LOOP('',(#11378,#11379,#11407,#11435));
#11378 = ORIENTED_EDGE('',*,*,#10492,.F.);
#11379 = ORIENTED_EDGE('',*,*,#11380,.F.);
#11380 = EDGE_CURVE('',#11381,#10493,#11383,.T.);
#11381 = VERTEX_POINT('',#11382);
#11382 = CARTESIAN_POINT('',(51.999999987451,-37.,0.));
#11383 = SURFACE_CURVE('',#11384,(#11389,#11400),.PCURVE_S1.);
#11384 = CIRCLE('',#11385,12.);
#11385 = AXIS2_PLACEMENT_3D('',#11386,#11387,#11388);
#11386 = CARTESIAN_POINT('',(39.999999974902,-37.,0.));
#11387 = DIRECTION('',(0.,0.,-1.));
#11388 = DIRECTION('',(-1.,0.,0.));
#11389 = PCURVE('',#10508,#11390);
#11390 = DEFINITIONAL_REPRESENTATION('',(#11391),#11399);
#11391 = ( BOUNDED_CURVE() B_SPLINE_CURVE(2,(#11392,#11393,#11394,#11395
    ,#11396,#11397,#11398),.UNSPECIFIED.,.T.,.F.) 
B_SPLINE_CURVE_WITH_KNOTS((1,2,2,2,2,1),(-2.094395102393,0.,
    2.094395102393,4.188790204786,6.28318530718,8.377580409573),
.UNSPECIFIED.) CURVE() GEOMETRIC_REPRESENTATION_ITEM() 
RATIONAL_B_SPLINE_CURVE((1.,0.5,1.,0.5,1.,0.5,1.)) REPRESENTATION_ITEM(
  '') );
#11392 = CARTESIAN_POINT('',(-2.000000019623,-37.));
#11393 = CARTESIAN_POINT('',(-2.000000019623,-16.21539030917));
#11394 = CARTESIAN_POINT('',(15.999999980377,-26.60769515458));
#11395 = CARTESIAN_POINT('',(33.999999980377,-37.));
#11396 = CARTESIAN_POINT('',(15.999999980377,-47.39230484541));
#11397 = CARTESIAN_POINT('',(-2.000000019623,-57.78460969082));
#11398 = CARTESIAN_POINT('',(-2.000000019623,-37.));
#11399 = ( GEOMETRIC_REPRESENTATION_CONTEXT(2) 
PARAMETRIC_REPRESENTATION_CONTEXT() REPRESENTATION_CONTEXT('2D SPACE',''
  ) );
#11400 = PCURVE('',#10620,#11401);
#11401 = DEFINITIONAL_REPRESENTATION('',(#11402),#11406);
#11402 = LINE('',#11403,#11404);
#11403 = CARTESIAN_POINT('',(0.,0.));
#11404 = VECTOR('',#11405,1.);
#11405 = DIRECTION('',(1.,0.));
#11406 = ( GEOMETRIC_REPRESENTATION_CONTEXT(2) 
PARAMETRIC_REPRESENTATION_CONTEXT() REPRESENTATION_CONTEXT('2D SPACE',''
  ) );
#11407 = ORIENTED_EDGE('',*,*,#11408,.T.);
#11408 = EDGE_CURVE('',#11381,#11409,#11411,.T.);
#11409 = VERTEX_POINT('',#11410);
#11410 = CARTESIAN_POINT('',(51.999999987451,37.,0.));
#11411 = SURFACE_CURVE('',#11412,(#11416,#11423),.PCURVE_S1.);
#11412 = LINE('',#11413,#11414);
#11413 = CARTESIAN_POINT('',(52.,0.,0.));
#11414 = VECTOR('',#11415,1.);
#11415 = DIRECTION('',(0.,1.,0.));
#11416 = PCURVE('',#10508,#11417);
#11417 = DEFINITIONAL_REPRESENTATION('',(#11418),#11422);
#11418 = LINE('',#11419,#11420);
#11419 = CARTESIAN_POINT('',(22.000000005475,1.73210767953E-15));
#11420 = VECTOR('',#11421,1.);
#11421 = DIRECTION('',(0.,1.));
#11422 = ( GEOMETRIC_REPRESENTATION_CONTEXT(2) 
PARAMETRIC_REPRESENTATION_CONTEXT() REPRESENTATION_CONTEXT('2D SPACE',''
  ) );
#11423 = PCURVE('',#11424,#11429);
#11424 = PLANE('',#11425);
#11425 = AXIS2_PLACEMENT_3D('',#11426,#11427,#11428);
#11426 = CARTESIAN_POINT('',(52.,-37.,0.));
#11427 = DIRECTION('',(-1.,0.,0.));
#11428 = DIRECTION('',(0.,1.,0.));
#11429 = DEFINITIONAL_REPRESENTATION('',(#11430),#11434);
#11430 = LINE('',#11431,#11432);
#11431 = CARTESIAN_POINT('',(37.,0.));
#11432 = VECTOR('',#11433,1.);
#11433 = DIRECTION('',(1.,0.));
#11434 = ( GEOMETRIC_REPRESENTATION_CONTEXT(2) 
PARAMETRIC_REPRESENTATION_CONTEXT() REPRESENTATION_CONTEXT('2D SPACE',''
  ) );
#11435 = ORIENTED_EDGE('',*,*,#11436,.F.);
#11436 = EDGE_CURVE('',#10470,#11409,#11437,.T.);
#11437 = SURFACE_CURVE('',#11438,(#11443,#11454),.PCURVE_S1.);
#11438 = CIRCLE('',#11439,12.);
#11439 = AXIS2_PLACEMENT_3D('',#11440,#11441,#11442);
#11440 = CARTESIAN_POINT('',(39.999999974902,37.,0.));
#11441 = DIRECTION('',(0.,0.,-1.));
#11442 = DIRECTION('',(-1.,0.,0.));
#11443 = PCURVE('',#10508,#11444);
#11444 = DEFINITIONAL_REPRESENTATION('',(#11445),#11453);
#11445 = ( BOUNDED_CURVE() B_SPLINE_CURVE(2,(#11446,#11447,#11448,#11449
    ,#11450,#11451,#11452),.UNSPECIFIED.,.T.,.F.) 
B_SPLINE_CURVE_WITH_KNOTS((1,2,2,2,2,1),(-2.094395102393,0.,
    2.094395102393,4.188790204786,6.28318530718,8.377580409573),
.UNSPECIFIED.) CURVE() GEOMETRIC_REPRESENTATION_ITEM() 
RATIONAL_B_SPLINE_CURVE((1.,0.5,1.,0.5,1.,0.5,1.)) REPRESENTATION_ITEM(
  '') );
#11446 = CARTESIAN_POINT('',(-2.000000019623,37.));
#11447 = CARTESIAN_POINT('',(-2.000000019623,57.784609690827));
#11448 = CARTESIAN_POINT('',(15.999999980377,47.392304845413));
#11449 = CARTESIAN_POINT('',(33.999999980377,37.));
#11450 = CARTESIAN_POINT('',(15.999999980377,26.607695154587));
#11451 = CARTESIAN_POINT('',(-2.000000019623,16.215390309173));
#11452 = CARTESIAN_POINT('',(-2.000000019623,37.));
#11453 = ( GEOMETRIC_REPRESENTATION_CONTEXT(2) 
PARAMETRIC_REPRESENTATION_CONTEXT() REPRESENTATION_CONTEXT('2D SPACE',''
  ) );
#11454 = PCURVE('',#10790,#11455);
#11455 = DEFINITIONAL_REPRESENTATION('',(#11456),#11460);
#11456 = LINE('',#11457,#11458);
#11457 = CARTESIAN_POINT('',(0.,0.));
#11458 = VECTOR('',#11459,1.);
#11459 = DIRECTION('',(1.,0.));
#11460 = ( GEOMETRIC_REPRESENTATION_CONTEXT(2) 
PARAMETRIC_REPRESENTATION_CONTEXT() REPRESENTATION_CONTEXT('2D SPACE',''
  ) );
#11461 = ADVANCED_FACE('',(#11462),#10620,.T.);
#11462 = FACE_BOUND('',#11463,.T.);
#11463 = EDGE_LOOP('',(#11464,#11487,#11515,#11536,#11537,#11538,#11564,
    #11565));
#11464 = ORIENTED_EDGE('',*,*,#11465,.T.);
#11465 = EDGE_CURVE('',#11381,#11466,#11468,.T.);
#11466 = VERTEX_POINT('',#11467);
#11467 = CARTESIAN_POINT('',(51.999999987451,-37.,3.));
#11468 = SURFACE_CURVE('',#11469,(#11473,#11480),.PCURVE_S1.);
#11469 = LINE('',#11470,#11471);
#11470 = CARTESIAN_POINT('',(51.999999987451,-37.,0.));
#11471 = VECTOR('',#11472,1.);
#11472 = DIRECTION('',(0.,0.,1.));
#11473 = PCURVE('',#10620,#11474);
#11474 = DEFINITIONAL_REPRESENTATION('',(#11475),#11479);
#11475 = LINE('',#11476,#11477);
#11476 = CARTESIAN_POINT('',(3.14159265359,0.));
#11477 = VECTOR('',#11478,1.);
#11478 = DIRECTION('',(0.,-1.));
#11479 = ( GEOMETRIC_REPRESENTATION_CONTEXT(2) 
PARAMETRIC_REPRESENTATION_CONTEXT() REPRESENTATION_CONTEXT('2D SPACE',''
  ) );
#11480 = PCURVE('',#11424,#11481);
#11481 = DEFINITIONAL_REPRESENTATION('',(#11482),#11486);
#11482 = LINE('',#11483,#11484);
#11483 = CARTESIAN_POINT('',(0.,0.));
#11484 = VECTOR('',#11485,1.);
#11485 = DIRECTION('',(0.,-1.));
#11486 = ( GEOMETRIC_REPRESENTATION_CONTEXT(2) 
PARAMETRIC_REPRESENTATION_CONTEXT() REPRESENTATION_CONTEXT('2D SPACE',''
  ) );
#11487 = ORIENTED_EDGE('',*,*,#11488,.T.);
#11488 = EDGE_CURVE('',#11466,#11489,#11491,.T.);
#11489 = VERTEX_POINT('',#11490);
#11490 = CARTESIAN_POINT('',(39.999999974902,-49.,3.));
#11491 = SURFACE_CURVE('',#11492,(#11497,#11504),.PCURVE_S1.);
#11492 = CIRCLE('',#11493,12.);
#11493 = AXIS2_PLACEMENT_3D('',#11494,#11495,#11496);
#11494 = CARTESIAN_POINT('',(39.999999974902,-37.,3.));
#11495 = DIRECTION('',(0.,0.,-1.));
#11496 = DIRECTION('',(-1.,0.,0.));
#11497 = PCURVE('',#10620,#11498);
#11498 = DEFINITIONAL_REPRESENTATION('',(#11499),#11503);
#11499 = LINE('',#11500,#11501);
#11500 = CARTESIAN_POINT('',(0.,-3.));
#11501 = VECTOR('',#11502,1.);
#11502 = DIRECTION('',(1.,0.));
#11503 = ( GEOMETRIC_REPRESENTATION_CONTEXT(2) 
PARAMETRIC_REPRESENTATION_CONTEXT() REPRESENTATION_CONTEXT('2D SPACE',''
  ) );
#11504 = PCURVE('',#10976,#11505);
#11505 = DEFINITIONAL_REPRESENTATION('',(#11506),#11514);
#11506 = ( BOUNDED_CURVE() B_SPLINE_CURVE(2,(#11507,#11508,#11509,#11510
    ,#11511,#11512,#11513),.UNSPECIFIED.,.T.,.F.) 
B_SPLINE_CURVE_WITH_KNOTS((1,2,2,2,2,1),(-2.094395102393,0.,
    2.094395102393,4.188790204786,6.28318530718,8.377580409573),
.UNSPECIFIED.) CURVE() GEOMETRIC_REPRESENTATION_ITEM() 
RATIONAL_B_SPLINE_CURVE((1.,0.5,1.,0.5,1.,0.5,1.)) REPRESENTATION_ITEM(
  '') );
#11507 = CARTESIAN_POINT('',(-2.000000019623,-37.));
#11508 = CARTESIAN_POINT('',(-2.000000019623,-16.21539030917));
#11509 = CARTESIAN_POINT('',(15.999999980377,-26.60769515458));
#11510 = CARTESIAN_POINT('',(33.999999980377,-37.));
#11511 = CARTESIAN_POINT('',(15.999999980377,-47.39230484541));
#11512 = CARTESIAN_POINT('',(-2.000000019623,-57.78460969082));
#11513 = CARTESIAN_POINT('',(-2.000000019623,-37.));
#11514 = ( GEOMETRIC_REPRESENTATION_CONTEXT(2) 
PARAMETRIC_REPRESENTATION_CONTEXT() REPRESENTATION_CONTEXT('2D SPACE',''
  ) );
#11515 = ORIENTED_EDGE('',*,*,#11516,.F.);
#11516 = EDGE_CURVE('',#10574,#11489,#11517,.T.);
#11517 = SURFACE_CURVE('',#11518,(#11522,#11529),.PCURVE_S1.);
#11518 = LINE('',#11519,#11520);
#11519 = CARTESIAN_POINT('',(39.999999974902,-49.,0.));
#11520 = VECTOR('',#11521,1.);
#11521 = DIRECTION('',(0.,0.,1.));
#11522 = PCURVE('',#10620,#11523);
#11523 = DEFINITIONAL_REPRESENTATION('',(#11524),#11528);
#11524 = LINE('',#11525,#11526);
#11525 = CARTESIAN_POINT('',(4.712388980385,0.));
#11526 = VECTOR('',#11527,1.);
#11527 = DIRECTION('',(0.,-1.));
#11528 = ( GEOMETRIC_REPRESENTATION_CONTEXT(2) 
PARAMETRIC_REPRESENTATION_CONTEXT() REPRESENTATION_CONTEXT('2D SPACE',''
  ) );
#11529 = PCURVE('',#10589,#11530);
#11530 = DEFINITIONAL_REPRESENTATION('',(#11531),#11535);
#11531 = LINE('',#11532,#11533);
#11532 = CARTESIAN_POINT('',(19.999999974902,0.));
#11533 = VECTOR('',#11534,1.);
#11534 = DIRECTION('',(0.,-1.));
#11535 = ( GEOMETRIC_REPRESENTATION_CONTEXT(2) 
PARAMETRIC_REPRESENTATION_CONTEXT() REPRESENTATION_CONTEXT('2D SPACE',''
  ) );
#11536 = ORIENTED_EDGE('',*,*,#10601,.F.);
#11537 = ORIENTED_EDGE('',*,*,#10635,.F.);
#11538 = ORIENTED_EDGE('',*,*,#11539,.F.);
#11539 = EDGE_CURVE('',#10666,#10636,#11540,.T.);
#11540 = SURFACE_CURVE('',#11541,(#11546,#11553),.PCURVE_S1.);
#11541 = CIRCLE('',#11542,12.);
#11542 = AXIS2_PLACEMENT_3D('',#11543,#11544,#11545);
#11543 = CARTESIAN_POINT('',(39.999999974902,-37.,0.));
#11544 = DIRECTION('',(0.,0.,-1.));
#11545 = DIRECTION('',(-1.,0.,0.));
#11546 = PCURVE('',#10620,#11547);
#11547 = DEFINITIONAL_REPRESENTATION('',(#11548),#11552);
#11548 = LINE('',#11549,#11550);
#11549 = CARTESIAN_POINT('',(0.,0.));
#11550 = VECTOR('',#11551,1.);
#11551 = DIRECTION('',(1.,0.));
#11552 = ( GEOMETRIC_REPRESENTATION_CONTEXT(2) 
PARAMETRIC_REPRESENTATION_CONTEXT() REPRESENTATION_CONTEXT('2D SPACE',''
  ) );
#11553 = PCURVE('',#11030,#11554);
#11554 = DEFINITIONAL_REPRESENTATION('',(#11555),#11563);
#11555 = ( BOUNDED_CURVE() B_SPLINE_CURVE(2,(#11556,#11557,#11558,#11559
    ,#11560,#11561,#11562),.UNSPECIFIED.,.T.,.F.) 
B_SPLINE_CURVE_WITH_KNOTS((1,2,2,2,2,1),(-2.094395102393,0.,
    2.094395102393,4.188790204786,6.28318530718,8.377580409573),
.UNSPECIFIED.) CURVE() GEOMETRIC_REPRESENTATION_ITEM() 
RATIONAL_B_SPLINE_CURVE((1.,0.5,1.,0.5,1.,0.5,1.)) REPRESENTATION_ITEM(
  '') );
#11556 = CARTESIAN_POINT('',(-2.000000019623,-37.));
#11557 = CARTESIAN_POINT('',(-2.000000019623,-16.21539030917));
#11558 = CARTESIAN_POINT('',(15.999999980377,-26.60769515458));
#11559 = CARTESIAN_POINT('',(33.999999980377,-37.));
#11560 = CARTESIAN_POINT('',(15.999999980377,-47.39230484541));
#11561 = CARTESIAN_POINT('',(-2.000000019623,-57.78460969082));
#11562 = CARTESIAN_POINT('',(-2.000000019623,-37.));
#11563 = ( GEOMETRIC_REPRESENTATION_CONTEXT(2) 
PARAMETRIC_REPRESENTATION_CONTEXT() REPRESENTATION_CONTEXT('2D SPACE',''
  ) );
#11564 = ORIENTED_EDGE('',*,*,#10665,.F.);
#11565 = ORIENTED_EDGE('',*,*,#11380,.F.);
#11566 = ADVANCED_FACE('',(#11567),#10589,.F.);
#11567 = FACE_BOUND('',#11568,.F.);
#11568 = EDGE_LOOP('',(#11569,#11570,#11591,#11592));
#11569 = ORIENTED_EDGE('',*,*,#10936,.T.);
#11570 = ORIENTED_EDGE('',*,*,#11571,.T.);
#11571 = EDGE_CURVE('',#10937,#11489,#11572,.T.);
#11572 = SURFACE_CURVE('',#11573,(#11577,#11584),.PCURVE_S1.);
#11573 = LINE('',#11574,#11575);
#11574 = CARTESIAN_POINT('',(30.,-49.,3.));
#11575 = VECTOR('',#11576,1.);
#11576 = DIRECTION('',(1.,0.,0.));
#11577 = PCURVE('',#10589,#11578);
#11578 = DEFINITIONAL_REPRESENTATION('',(#11579),#11583);
#11579 = LINE('',#11580,#11581);
#11580 = CARTESIAN_POINT('',(10.,-3.));
#11581 = VECTOR('',#11582,1.);
#11582 = DIRECTION('',(1.,0.));
#11583 = ( GEOMETRIC_REPRESENTATION_CONTEXT(2) 
PARAMETRIC_REPRESENTATION_CONTEXT() REPRESENTATION_CONTEXT('2D SPACE',''
  ) );
#11584 = PCURVE('',#10976,#11585);
#11585 = DEFINITIONAL_REPRESENTATION('',(#11586),#11590);
#11586 = LINE('',#11587,#11588);
#11587 = CARTESIAN_POINT('',(5.474810553509E-09,-49.));
#11588 = VECTOR('',#11589,1.);
#11589 = DIRECTION('',(1.,0.));
#11590 = ( GEOMETRIC_REPRESENTATION_CONTEXT(2) 
PARAMETRIC_REPRESENTATION_CONTEXT() REPRESENTATION_CONTEXT('2D SPACE',''
  ) );
#11591 = ORIENTED_EDGE('',*,*,#11516,.F.);
#11592 = ORIENTED_EDGE('',*,*,#10573,.F.);
#11593 = ADVANCED_FACE('',(#11594),#10816,.T.);
#11594 = FACE_BOUND('',#11595,.T.);
#11595 = EDGE_LOOP('',(#11596,#11597,#11620,#11641));
#11596 = ORIENTED_EDGE('',*,*,#11247,.T.);
#11597 = ORIENTED_EDGE('',*,*,#11598,.T.);
#11598 = EDGE_CURVE('',#11220,#11599,#11601,.T.);
#11599 = VERTEX_POINT('',#11600);
#11600 = CARTESIAN_POINT('',(39.999999974902,49.,3.));
#11601 = SURFACE_CURVE('',#11602,(#11606,#11613),.PCURVE_S1.);
#11602 = LINE('',#11603,#11604);
#11603 = CARTESIAN_POINT('',(30.,49.,3.));
#11604 = VECTOR('',#11605,1.);
#11605 = DIRECTION('',(1.,0.,0.));
#11606 = PCURVE('',#10816,#11607);
#11607 = DEFINITIONAL_REPRESENTATION('',(#11608),#11612);
#11608 = LINE('',#11609,#11610);
#11609 = CARTESIAN_POINT('',(10.,-3.));
#11610 = VECTOR('',#11611,1.);
#11611 = DIRECTION('',(1.,0.));
#11612 = ( GEOMETRIC_REPRESENTATION_CONTEXT(2) 
PARAMETRIC_REPRESENTATION_CONTEXT() REPRESENTATION_CONTEXT('2D SPACE',''
  ) );
#11613 = PCURVE('',#10976,#11614);
#11614 = DEFINITIONAL_REPRESENTATION('',(#11615),#11619);
#11615 = LINE('',#11616,#11617);
#11616 = CARTESIAN_POINT('',(5.474810553509E-09,49.));
#11617 = VECTOR('',#11618,1.);
#11618 = DIRECTION('',(1.,0.));
#11619 = ( GEOMETRIC_REPRESENTATION_CONTEXT(2) 
PARAMETRIC_REPRESENTATION_CONTEXT() REPRESENTATION_CONTEXT('2D SPACE',''
  ) );
#11620 = ORIENTED_EDGE('',*,*,#11621,.F.);
#11621 = EDGE_CURVE('',#10770,#11599,#11622,.T.);
#11622 = SURFACE_CURVE('',#11623,(#11627,#11634),.PCURVE_S1.);
#11623 = LINE('',#11624,#11625);
#11624 = CARTESIAN_POINT('',(39.999999974902,49.,0.));
#11625 = VECTOR('',#11626,1.);
#11626 = DIRECTION('',(0.,0.,1.));
#11627 = PCURVE('',#10816,#11628);
#11628 = DEFINITIONAL_REPRESENTATION('',(#11629),#11633);
#11629 = LINE('',#11630,#11631);
#11630 = CARTESIAN_POINT('',(19.999999974902,0.));
#11631 = VECTOR('',#11632,1.);
#11632 = DIRECTION('',(0.,-1.));
#11633 = ( GEOMETRIC_REPRESENTATION_CONTEXT(2) 
PARAMETRIC_REPRESENTATION_CONTEXT() REPRESENTATION_CONTEXT('2D SPACE',''
  ) );
#11634 = PCURVE('',#10790,#11635);
#11635 = DEFINITIONAL_REPRESENTATION('',(#11636),#11640);
#11636 = LINE('',#11637,#11638);
#11637 = CARTESIAN_POINT('',(1.570796326795,0.));
#11638 = VECTOR('',#11639,1.);
#11639 = DIRECTION('',(0.,-1.));
#11640 = ( GEOMETRIC_REPRESENTATION_CONTEXT(2) 
PARAMETRIC_REPRESENTATION_CONTEXT() REPRESENTATION_CONTEXT('2D SPACE',''
  ) );
#11641 = ORIENTED_EDGE('',*,*,#10802,.F.);
#11642 = ADVANCED_FACE('',(#11643),#10790,.T.);
#11643 = FACE_BOUND('',#11644,.T.);
#11644 = EDGE_LOOP('',(#11645,#11646,#11674,#11695,#11696,#11697,#11723,
    #11724));
#11645 = ORIENTED_EDGE('',*,*,#11621,.T.);
#11646 = ORIENTED_EDGE('',*,*,#11647,.T.);
#11647 = EDGE_CURVE('',#11599,#11648,#11650,.T.);
#11648 = VERTEX_POINT('',#11649);
#11649 = CARTESIAN_POINT('',(51.999999987451,37.,3.));
#11650 = SURFACE_CURVE('',#11651,(#11656,#11663),.PCURVE_S1.);
#11651 = CIRCLE('',#11652,12.);
#11652 = AXIS2_PLACEMENT_3D('',#11653,#11654,#11655);
#11653 = CARTESIAN_POINT('',(39.999999974902,37.,3.));
#11654 = DIRECTION('',(0.,0.,-1.));
#11655 = DIRECTION('',(-1.,0.,0.));
#11656 = PCURVE('',#10790,#11657);
#11657 = DEFINITIONAL_REPRESENTATION('',(#11658),#11662);
#11658 = LINE('',#11659,#11660);
#11659 = CARTESIAN_POINT('',(0.,-3.));
#11660 = VECTOR('',#11661,1.);
#11661 = DIRECTION('',(1.,0.));
#11662 = ( GEOMETRIC_REPRESENTATION_CONTEXT(2) 
PARAMETRIC_REPRESENTATION_CONTEXT() REPRESENTATION_CONTEXT('2D SPACE',''
  ) );
#11663 = PCURVE('',#10976,#11664);
#11664 = DEFINITIONAL_REPRESENTATION('',(#11665),#11673);
#11665 = ( BOUNDED_CURVE() B_SPLINE_CURVE(2,(#11666,#11667,#11668,#11669
    ,#11670,#11671,#11672),.UNSPECIFIED.,.T.,.F.) 
B_SPLINE_CURVE_WITH_KNOTS((1,2,2,2,2,1),(-2.094395102393,0.,
    2.094395102393,4.188790204786,6.28318530718,8.377580409573),
.UNSPECIFIED.) CURVE() GEOMETRIC_REPRESENTATION_ITEM() 
RATIONAL_B_SPLINE_CURVE((1.,0.5,1.,0.5,1.,0.5,1.)) REPRESENTATION_ITEM(
  '') );
#11666 = CARTESIAN_POINT('',(-2.000000019623,37.));
#11667 = CARTESIAN_POINT('',(-2.000000019623,57.784609690827));
#11668 = CARTESIAN_POINT('',(15.999999980377,47.392304845413));
#11669 = CARTESIAN_POINT('',(33.999999980377,37.));
#11670 = CARTESIAN_POINT('',(15.999999980377,26.607695154587));
#11671 = CARTESIAN_POINT('',(-2.000000019623,16.215390309173));
#11672 = CARTESIAN_POINT('',(-2.000000019623,37.));
#11673 = ( GEOMETRIC_REPRESENTATION_CONTEXT(2) 
PARAMETRIC_REPRESENTATION_CONTEXT() REPRESENTATION_CONTEXT('2D SPACE',''
  ) );
#11674 = ORIENTED_EDGE('',*,*,#11675,.F.);
#11675 = EDGE_CURVE('',#11409,#11648,#11676,.T.);
#11676 = SURFACE_CURVE('',#11677,(#11681,#11688),.PCURVE_S1.);
#11677 = LINE('',#11678,#11679);
#11678 = CARTESIAN_POINT('',(51.999999987451,37.,0.));
#11679 = VECTOR('',#11680,1.);
#11680 = DIRECTION('',(0.,0.,1.));
#11681 = PCURVE('',#10790,#11682);
#11682 = DEFINITIONAL_REPRESENTATION('',(#11683),#11687);
#11683 = LINE('',#11684,#11685);
#11684 = CARTESIAN_POINT('',(3.14159265359,0.));
#11685 = VECTOR('',#11686,1.);
#11686 = DIRECTION('',(0.,-1.));
#11687 = ( GEOMETRIC_REPRESENTATION_CONTEXT(2) 
PARAMETRIC_REPRESENTATION_CONTEXT() REPRESENTATION_CONTEXT('2D SPACE',''
  ) );
#11688 = PCURVE('',#11424,#11689);
#11689 = DEFINITIONAL_REPRESENTATION('',(#11690),#11694);
#11690 = LINE('',#11691,#11692);
#11691 = CARTESIAN_POINT('',(74.,0.));
#11692 = VECTOR('',#11693,1.);
#11693 = DIRECTION('',(0.,-1.));
#11694 = ( GEOMETRIC_REPRESENTATION_CONTEXT(2) 
PARAMETRIC_REPRESENTATION_CONTEXT() REPRESENTATION_CONTEXT('2D SPACE',''
  ) );
#11695 = ORIENTED_EDGE('',*,*,#11436,.F.);
#11696 = ORIENTED_EDGE('',*,*,#10906,.F.);
#11697 = ORIENTED_EDGE('',*,*,#11698,.F.);
#11698 = EDGE_CURVE('',#10833,#10884,#11699,.T.);
#11699 = SURFACE_CURVE('',#11700,(#11705,#11712),.PCURVE_S1.);
#11700 = CIRCLE('',#11701,12.);
#11701 = AXIS2_PLACEMENT_3D('',#11702,#11703,#11704);
#11702 = CARTESIAN_POINT('',(39.999999974902,37.,0.));
#11703 = DIRECTION('',(0.,0.,-1.));
#11704 = DIRECTION('',(-1.,0.,0.));
#11705 = PCURVE('',#10790,#11706);
#11706 = DEFINITIONAL_REPRESENTATION('',(#11707),#11711);
#11707 = LINE('',#11708,#11709);
#11708 = CARTESIAN_POINT('',(0.,0.));
#11709 = VECTOR('',#11710,1.);
#11710 = DIRECTION('',(1.,0.));
#11711 = ( GEOMETRIC_REPRESENTATION_CONTEXT(2) 
PARAMETRIC_REPRESENTATION_CONTEXT() REPRESENTATION_CONTEXT('2D SPACE',''
  ) );
#11712 = PCURVE('',#11030,#11713);
#11713 = DEFINITIONAL_REPRESENTATION('',(#11714),#11722);
#11714 = ( BOUNDED_CURVE() B_SPLINE_CURVE(2,(#11715,#11716,#11717,#11718
    ,#11719,#11720,#11721),.UNSPECIFIED.,.T.,.F.) 
B_SPLINE_CURVE_WITH_KNOTS((1,2,2,2,2,1),(-2.094395102393,0.,
    2.094395102393,4.188790204786,6.28318530718,8.377580409573),
.UNSPECIFIED.) CURVE() GEOMETRIC_REPRESENTATION_ITEM() 
RATIONAL_B_SPLINE_CURVE((1.,0.5,1.,0.5,1.,0.5,1.)) REPRESENTATION_ITEM(
  '') );
#11715 = CARTESIAN_POINT('',(-2.000000019623,37.));
#11716 = CARTESIAN_POINT('',(-2.000000019623,57.784609690827));
#11717 = CARTESIAN_POINT('',(15.999999980377,47.392304845413));
#11718 = CARTESIAN_POINT('',(33.999999980377,37.));
#11719 = CARTESIAN_POINT('',(15.999999980377,26.607695154587));
#11720 = CARTESIAN_POINT('',(-2.000000019623,16.215390309173));
#11721 = CARTESIAN_POINT('',(-2.000000019623,37.));
#11722 = ( GEOMETRIC_REPRESENTATION_CONTEXT(2) 
PARAMETRIC_REPRESENTATION_CONTEXT() REPRESENTATION_CONTEXT('2D SPACE',''
  ) );
#11723 = ORIENTED_EDGE('',*,*,#10832,.F.);
#11724 = ORIENTED_EDGE('',*,*,#10769,.F.);
#11725 = ADVANCED_FACE('',(#11726,#11736,#11767,#11798,#11829,#11860,
    #11891,#11922,#11957,#11988),#11030,.F.);
#11726 = FACE_BOUND('',#11727,.F.);
#11727 = EDGE_LOOP('',(#11728,#11729,#11730,#11731,#11732,#11733,#11734,
    #11735));
#11728 = ORIENTED_EDGE('',*,*,#11095,.F.);
#11729 = ORIENTED_EDGE('',*,*,#11015,.F.);
#11730 = ORIENTED_EDGE('',*,*,#11144,.T.);
#11731 = ORIENTED_EDGE('',*,*,#11539,.F.);
#11732 = ORIENTED_EDGE('',*,*,#11354,.T.);
#11733 = ORIENTED_EDGE('',*,*,#11698,.F.);
#11734 = ORIENTED_EDGE('',*,*,#11325,.F.);
#11735 = ORIENTED_EDGE('',*,*,#11270,.F.);
#11736 = FACE_BOUND('',#11737,.F.);
#11737 = EDGE_LOOP('',(#11738));
#11738 = ORIENTED_EDGE('',*,*,#11739,.F.);
#11739 = EDGE_CURVE('',#11740,#11740,#11742,.T.);
#11740 = VERTEX_POINT('',#11741);
#11741 = CARTESIAN_POINT('',(17.8,-41.,0.));
#11742 = SURFACE_CURVE('',#11743,(#11748,#11755),.PCURVE_S1.);
#11743 = CIRCLE('',#11744,3.8);
#11744 = AXIS2_PLACEMENT_3D('',#11745,#11746,#11747);
#11745 = CARTESIAN_POINT('',(14.,-41.,0.));
#11746 = DIRECTION('',(0.,0.,1.));
#11747 = DIRECTION('',(1.,0.,0.));
#11748 = PCURVE('',#11030,#11749);
#11749 = DEFINITIONAL_REPRESENTATION('',(#11750),#11754);
#11750 = CIRCLE('',#11751,3.8);
#11751 = AXIS2_PLACEMENT_2D('',#11752,#11753);
#11752 = CARTESIAN_POINT('',(-15.99999999452,-41.));
#11753 = DIRECTION('',(1.,0.));
#11754 = ( GEOMETRIC_REPRESENTATION_CONTEXT(2) 
PARAMETRIC_REPRESENTATION_CONTEXT() REPRESENTATION_CONTEXT('2D SPACE',''
  ) );
#11755 = PCURVE('',#11756,#11761);
#11756 = CYLINDRICAL_SURFACE('',#11757,3.8);
#11757 = AXIS2_PLACEMENT_3D('',#11758,#11759,#11760);
#11758 = CARTESIAN_POINT('',(14.,-41.,-6.));
#11759 = DIRECTION('',(0.,0.,1.));
#11760 = DIRECTION('',(1.,0.,0.));
#11761 = DEFINITIONAL_REPRESENTATION('',(#11762),#11766);
#11762 = LINE('',#11763,#11764);
#11763 = CARTESIAN_POINT('',(0.,6.));
#11764 = VECTOR('',#11765,1.);
#11765 = DIRECTION('',(1.,0.));
#11766 = ( GEOMETRIC_REPRESENTATION_CONTEXT(2) 
PARAMETRIC_REPRESENTATION_CONTEXT() REPRESENTATION_CONTEXT('2D SPACE',''
  ) );
#11767 = FACE_BOUND('',#11768,.F.);
#11768 = EDGE_LOOP('',(#11769));
#11769 = ORIENTED_EDGE('',*,*,#11770,.F.);
#11770 = EDGE_CURVE('',#11771,#11771,#11773,.T.);
#11771 = VERTEX_POINT('',#11772);
#11772 = CARTESIAN_POINT('',(49.8,-41.,0.));
#11773 = SURFACE_CURVE('',#11774,(#11779,#11786),.PCURVE_S1.);
#11774 = CIRCLE('',#11775,3.8);
#11775 = AXIS2_PLACEMENT_3D('',#11776,#11777,#11778);
#11776 = CARTESIAN_POINT('',(46.,-41.,0.));
#11777 = DIRECTION('',(0.,0.,1.));
#11778 = DIRECTION('',(1.,0.,0.));
#11779 = PCURVE('',#11030,#11780);
#11780 = DEFINITIONAL_REPRESENTATION('',(#11781),#11785);
#11781 = CIRCLE('',#11782,3.8);
#11782 = AXIS2_PLACEMENT_2D('',#11783,#11784);
#11783 = CARTESIAN_POINT('',(16.000000005475,-41.));
#11784 = DIRECTION('',(1.,0.));
#11785 = ( GEOMETRIC_REPRESENTATION_CONTEXT(2) 
PARAMETRIC_REPRESENTATION_CONTEXT() REPRESENTATION_CONTEXT('2D SPACE',''
  ) );
#11786 = PCURVE('',#11787,#11792);
#11787 = CYLINDRICAL_SURFACE('',#11788,3.8);
#11788 = AXIS2_PLACEMENT_3D('',#11789,#11790,#11791);
#11789 = CARTESIAN_POINT('',(46.,-41.,-6.));
#11790 = DIRECTION('',(0.,0.,1.));
#11791 = DIRECTION('',(1.,0.,0.));
#11792 = DEFINITIONAL_REPRESENTATION('',(#11793),#11797);
#11793 = LINE('',#11794,#11795);
#11794 = CARTESIAN_POINT('',(0.,6.));
#11795 = VECTOR('',#11796,1.);
#11796 = DIRECTION('',(1.,0.));
#11797 = ( GEOMETRIC_REPRESENTATION_CONTEXT(2) 
PARAMETRIC_REPRESENTATION_CONTEXT() REPRESENTATION_CONTEXT('2D SPACE',''
  ) );
#11798 = FACE_BOUND('',#11799,.F.);
#11799 = EDGE_LOOP('',(#11800));
#11800 = ORIENTED_EDGE('',*,*,#11801,.F.);
#11801 = EDGE_CURVE('',#11802,#11802,#11804,.T.);
#11802 = VERTEX_POINT('',#11803);
#11803 = CARTESIAN_POINT('',(21.7,19.75,0.));
#11804 = SURFACE_CURVE('',#11805,(#11810,#11817),.PCURVE_S1.);
#11805 = CIRCLE('',#11806,2.2);
#11806 = AXIS2_PLACEMENT_3D('',#11807,#11808,#11809);
#11807 = CARTESIAN_POINT('',(19.5,19.75,0.));
#11808 = DIRECTION('',(0.,0.,1.));
#11809 = DIRECTION('',(1.,0.,0.));
#11810 = PCURVE('',#11030,#11811);
#11811 = DEFINITIONAL_REPRESENTATION('',(#11812),#11816);
#11812 = CIRCLE('',#11813,2.2);
#11813 = AXIS2_PLACEMENT_2D('',#11814,#11815);
#11814 = CARTESIAN_POINT('',(-10.49999999452,19.75));
#11815 = DIRECTION('',(1.,0.));
#11816 = ( GEOMETRIC_REPRESENTATION_CONTEXT(2) 
PARAMETRIC_REPRESENTATION_CONTEXT() REPRESENTATION_CONTEXT('2D SPACE',''
  ) );
#11817 = PCURVE('',#11818,#11823);
#11818 = CYLINDRICAL_SURFACE('',#11819,2.2);
#11819 = AXIS2_PLACEMENT_3D('',#11820,#11821,#11822);
#11820 = CARTESIAN_POINT('',(19.5,19.75,-4.));
#11821 = DIRECTION('',(0.,0.,1.));
#11822 = DIRECTION('',(1.,0.,0.));
#11823 = DEFINITIONAL_REPRESENTATION('',(#11824),#11828);
#11824 = LINE('',#11825,#11826);
#11825 = CARTESIAN_POINT('',(0.,4.));
#11826 = VECTOR('',#11827,1.);
#11827 = DIRECTION('',(1.,0.));
#11828 = ( GEOMETRIC_REPRESENTATION_CONTEXT(2) 
PARAMETRIC_REPRESENTATION_CONTEXT() REPRESENTATION_CONTEXT('2D SPACE',''
  ) );
#11829 = FACE_BOUND('',#11830,.F.);
#11830 = EDGE_LOOP('',(#11831));
#11831 = ORIENTED_EDGE('',*,*,#11832,.F.);
#11832 = EDGE_CURVE('',#11833,#11833,#11835,.T.);
#11833 = VERTEX_POINT('',#11834);
#11834 = CARTESIAN_POINT('',(21.7,32.25,0.));
#11835 = SURFACE_CURVE('',#11836,(#11841,#11848),.PCURVE_S1.);
#11836 = CIRCLE('',#11837,2.2);
#11837 = AXIS2_PLACEMENT_3D('',#11838,#11839,#11840);
#11838 = CARTESIAN_POINT('',(19.5,32.25,0.));
#11839 = DIRECTION('',(0.,0.,1.));
#11840 = DIRECTION('',(1.,0.,0.));
#11841 = PCURVE('',#11030,#11842);
#11842 = DEFINITIONAL_REPRESENTATION('',(#11843),#11847);
#11843 = CIRCLE('',#11844,2.2);
#11844 = AXIS2_PLACEMENT_2D('',#11845,#11846);
#11845 = CARTESIAN_POINT('',(-10.49999999452,32.25));
#11846 = DIRECTION('',(1.,0.));
#11847 = ( GEOMETRIC_REPRESENTATION_CONTEXT(2) 
PARAMETRIC_REPRESENTATION_CONTEXT() REPRESENTATION_CONTEXT('2D SPACE',''
  ) );
#11848 = PCURVE('',#11849,#11854);
#11849 = CYLINDRICAL_SURFACE('',#11850,2.2);
#11850 = AXIS2_PLACEMENT_3D('',#11851,#11852,#11853);
#11851 = CARTESIAN_POINT('',(19.5,32.25,-4.));
#11852 = DIRECTION('',(0.,0.,1.));
#11853 = DIRECTION('',(1.,0.,0.));
#11854 = DEFINITIONAL_REPRESENTATION('',(#11855),#11859);
#11855 = LINE('',#11856,#11857);
#11856 = CARTESIAN_POINT('',(0.,4.));
#11857 = VECTOR('',#11858,1.);
#11858 = DIRECTION('',(1.,0.));
#11859 = ( GEOMETRIC_REPRESENTATION_CONTEXT(2) 
PARAMETRIC_REPRESENTATION_CONTEXT() REPRESENTATION_CONTEXT('2D SPACE',''
  ) );
#11860 = FACE_BOUND('',#11861,.F.);
#11861 = EDGE_LOOP('',(#11862));
#11862 = ORIENTED_EDGE('',*,*,#11863,.F.);
#11863 = EDGE_CURVE('',#11864,#11864,#11866,.T.);
#11864 = VERTEX_POINT('',#11865);
#11865 = CARTESIAN_POINT('',(17.8,41.,0.));
#11866 = SURFACE_CURVE('',#11867,(#11872,#11879),.PCURVE_S1.);
#11867 = CIRCLE('',#11868,3.8);
#11868 = AXIS2_PLACEMENT_3D('',#11869,#11870,#11871);
#11869 = CARTESIAN_POINT('',(14.,41.,0.));
#11870 = DIRECTION('',(0.,0.,1.));
#11871 = DIRECTION('',(1.,0.,0.));
#11872 = PCURVE('',#11030,#11873);
#11873 = DEFINITIONAL_REPRESENTATION('',(#11874),#11878);
#11874 = CIRCLE('',#11875,3.8);
#11875 = AXIS2_PLACEMENT_2D('',#11876,#11877);
#11876 = CARTESIAN_POINT('',(-15.99999999452,41.));
#11877 = DIRECTION('',(1.,0.));
#11878 = ( GEOMETRIC_REPRESENTATION_CONTEXT(2) 
PARAMETRIC_REPRESENTATION_CONTEXT() REPRESENTATION_CONTEXT('2D SPACE',''
  ) );
#11879 = PCURVE('',#11880,#11885);
#11880 = CYLINDRICAL_SURFACE('',#11881,3.8);
#11881 = AXIS2_PLACEMENT_3D('',#11882,#11883,#11884);
#11882 = CARTESIAN_POINT('',(14.,41.,-6.));
#11883 = DIRECTION('',(0.,0.,1.));
#11884 = DIRECTION('',(1.,0.,0.));
#11885 = DEFINITIONAL_REPRESENTATION('',(#11886),#11890);
#11886 = LINE('',#11887,#11888);
#11887 = CARTESIAN_POINT('',(0.,6.));
#11888 = VECTOR('',#11889,1.);
#11889 = DIRECTION('',(1.,0.));
#11890 = ( GEOMETRIC_REPRESENTATION_CONTEXT(2) 
PARAMETRIC_REPRESENTATION_CONTEXT() REPRESENTATION_CONTEXT('2D SPACE',''
  ) );
#11891 = FACE_BOUND('',#11892,.F.);
#11892 = EDGE_LOOP('',(#11893));
#11893 = ORIENTED_EDGE('',*,*,#11894,.F.);
#11894 = EDGE_CURVE('',#11895,#11895,#11897,.T.);
#11895 = VERTEX_POINT('',#11896);
#11896 = CARTESIAN_POINT('',(42.7,19.75,0.));
#11897 = SURFACE_CURVE('',#11898,(#11903,#11910),.PCURVE_S1.);
#11898 = CIRCLE('',#11899,2.2);
#11899 = AXIS2_PLACEMENT_3D('',#11900,#11901,#11902);
#11900 = CARTESIAN_POINT('',(40.5,19.75,0.));
#11901 = DIRECTION('',(0.,0.,1.));
#11902 = DIRECTION('',(1.,0.,0.));
#11903 = PCURVE('',#11030,#11904);
#11904 = DEFINITIONAL_REPRESENTATION('',(#11905),#11909);
#11905 = CIRCLE('',#11906,2.2);
#11906 = AXIS2_PLACEMENT_2D('',#11907,#11908);
#11907 = CARTESIAN_POINT('',(10.500000005475,19.75));
#11908 = DIRECTION('',(1.,0.));
#11909 = ( GEOMETRIC_REPRESENTATION_CONTEXT(2) 
PARAMETRIC_REPRESENTATION_CONTEXT() REPRESENTATION_CONTEXT('2D SPACE',''
  ) );
#11910 = PCURVE('',#11911,#11916);
#11911 = CYLINDRICAL_SURFACE('',#11912,2.2);
#11912 = AXIS2_PLACEMENT_3D('',#11913,#11914,#11915);
#11913 = CARTESIAN_POINT('',(40.5,19.75,-4.));
#11914 = DIRECTION('',(0.,0.,1.));
#11915 = DIRECTION('',(1.,0.,0.));
#11916 = DEFINITIONAL_REPRESENTATION('',(#11917),#11921);
#11917 = LINE('',#11918,#11919);
#11918 = CARTESIAN_POINT('',(0.,4.));
#11919 = VECTOR('',#11920,1.);
#11920 = DIRECTION('',(1.,0.));
#11921 = ( GEOMETRIC_REPRESENTATION_CONTEXT(2) 
PARAMETRIC_REPRESENTATION_CONTEXT() REPRESENTATION_CONTEXT('2D SPACE',''
  ) );
#11922 = FACE_BOUND('',#11923,.F.);
#11923 = EDGE_LOOP('',(#11924));
#11924 = ORIENTED_EDGE('',*,*,#11925,.T.);
#11925 = EDGE_CURVE('',#11926,#11926,#11928,.T.);
#11926 = VERTEX_POINT('',#11927);
#11927 = CARTESIAN_POINT('',(22.5,26.,0.));
#11928 = SURFACE_CURVE('',#11929,(#11934,#11945),.PCURVE_S1.);
#11929 = CIRCLE('',#11930,7.5);
#11930 = AXIS2_PLACEMENT_3D('',#11931,#11932,#11933);
#11931 = CARTESIAN_POINT('',(30.,26.,0.));
#11932 = DIRECTION('',(0.,0.,-1.));
#11933 = DIRECTION('',(-1.,0.,0.));
#11934 = PCURVE('',#11030,#11935);
#11935 = DEFINITIONAL_REPRESENTATION('',(#11936),#11944);
#11936 = ( BOUNDED_CURVE() B_SPLINE_CURVE(2,(#11937,#11938,#11939,#11940
    ,#11941,#11942,#11943),.UNSPECIFIED.,.T.,.F.) 
B_SPLINE_CURVE_WITH_KNOTS((1,2,2,2,2,1),(-2.094395102393,0.,
    2.094395102393,4.188790204786,6.28318530718,8.377580409573),
.UNSPECIFIED.) CURVE() GEOMETRIC_REPRESENTATION_ITEM() 
RATIONAL_B_SPLINE_CURVE((1.,0.5,1.,0.5,1.,0.5,1.)) REPRESENTATION_ITEM(
  '') );
#11937 = CARTESIAN_POINT('',(-7.499999994525,26.));
#11938 = CARTESIAN_POINT('',(-7.499999994525,38.990381056767));
#11939 = CARTESIAN_POINT('',(3.750000005475,32.495190528383));
#11940 = CARTESIAN_POINT('',(15.000000005475,26.));
#11941 = CARTESIAN_POINT('',(3.750000005475,19.504809471617));
#11942 = CARTESIAN_POINT('',(-7.499999994525,13.009618943233));
#11943 = CARTESIAN_POINT('',(-7.499999994525,26.));
#11944 = ( GEOMETRIC_REPRESENTATION_CONTEXT(2) 
PARAMETRIC_REPRESENTATION_CONTEXT() REPRESENTATION_CONTEXT('2D SPACE',''
  ) );
#11945 = PCURVE('',#11946,#11951);
#11946 = CYLINDRICAL_SURFACE('',#11947,7.5);
#11947 = AXIS2_PLACEMENT_3D('',#11948,#11949,#11950);
#11948 = CARTESIAN_POINT('',(30.,26.,5.));
#11949 = DIRECTION('',(0.,0.,-1.));
#11950 = DIRECTION('',(-1.,0.,0.));
#11951 = DEFINITIONAL_REPRESENTATION('',(#11952),#11956);
#11952 = LINE('',#11953,#11954);
#11953 = CARTESIAN_POINT('',(0.,5.));
#11954 = VECTOR('',#11955,1.);
#11955 = DIRECTION('',(1.,0.));
#11956 = ( GEOMETRIC_REPRESENTATION_CONTEXT(2) 
PARAMETRIC_REPRESENTATION_CONTEXT() REPRESENTATION_CONTEXT('2D SPACE',''
  ) );
#11957 = FACE_BOUND('',#11958,.F.);
#11958 = EDGE_LOOP('',(#11959));
#11959 = ORIENTED_EDGE('',*,*,#11960,.F.);
#11960 = EDGE_CURVE('',#11961,#11961,#11963,.T.);
#11961 = VERTEX_POINT('',#11962);
#11962 = CARTESIAN_POINT('',(42.7,32.25,0.));
#11963 = SURFACE_CURVE('',#11964,(#11969,#11976),.PCURVE_S1.);
#11964 = CIRCLE('',#11965,2.2);
#11965 = AXIS2_PLACEMENT_3D('',#11966,#11967,#11968);
#11966 = CARTESIAN_POINT('',(40.5,32.25,0.));
#11967 = DIRECTION('',(0.,0.,1.));
#11968 = DIRECTION('',(1.,0.,0.));
#11969 = PCURVE('',#11030,#11970);
#11970 = DEFINITIONAL_REPRESENTATION('',(#11971),#11975);
#11971 = CIRCLE('',#11972,2.2);
#11972 = AXIS2_PLACEMENT_2D('',#11973,#11974);
#11973 = CARTESIAN_POINT('',(10.500000005475,32.25));
#11974 = DIRECTION('',(1.,0.));
#11975 = ( GEOMETRIC_REPRESENTATION_CONTEXT(2) 
PARAMETRIC_REPRESENTATION_CONTEXT() REPRESENTATION_CONTEXT('2D SPACE',''
  ) );
#11976 = PCURVE('',#11977,#11982);
#11977 = CYLINDRICAL_SURFACE('',#11978,2.2);
#11978 = AXIS2_PLACEMENT_3D('',#11979,#11980,#11981);
#11979 = CARTESIAN_POINT('',(40.5,32.25,-4.));
#11980 = DIRECTION('',(0.,0.,1.));
#11981 = DIRECTION('',(1.,0.,0.));
#11982 = DEFINITIONAL_REPRESENTATION('',(#11983),#11987);
#11983 = LINE('',#11984,#11985);
#11984 = CARTESIAN_POINT('',(0.,4.));
#11985 = VECTOR('',#11986,1.);
#11986 = DIRECTION('',(1.,0.));
#11987 = ( GEOMETRIC_REPRESENTATION_CONTEXT(2) 
PARAMETRIC_REPRESENTATION_CONTEXT() REPRESENTATION_CONTEXT('2D SPACE',''
  ) );
#11988 = FACE_BOUND('',#11989,.F.);
#11989 = EDGE_LOOP('',(#11990));
#11990 = ORIENTED_EDGE('',*,*,#11991,.F.);
#11991 = EDGE_CURVE('',#11992,#11992,#11994,.T.);
#11992 = VERTEX_POINT('',#11993);
#11993 = CARTESIAN_POINT('',(49.8,41.,0.));
#11994 = SURFACE_CURVE('',#11995,(#12000,#12007),.PCURVE_S1.);
#11995 = CIRCLE('',#11996,3.8);
#11996 = AXIS2_PLACEMENT_3D('',#11997,#11998,#11999);
#11997 = CARTESIAN_POINT('',(46.,41.,0.));
#11998 = DIRECTION('',(0.,0.,1.));
#11999 = DIRECTION('',(1.,0.,0.));
#12000 = PCURVE('',#11030,#12001);
#12001 = DEFINITIONAL_REPRESENTATION('',(#12002),#12006);
#12002 = CIRCLE('',#12003,3.8);
#12003 = AXIS2_PLACEMENT_2D('',#12004,#12005);
#12004 = CARTESIAN_POINT('',(16.000000005475,41.));
#12005 = DIRECTION('',(1.,0.));
#12006 = ( GEOMETRIC_REPRESENTATION_CONTEXT(2) 
PARAMETRIC_REPRESENTATION_CONTEXT() REPRESENTATION_CONTEXT('2D SPACE',''
  ) );
#12007 = PCURVE('',#12008,#12013);
#12008 = CYLINDRICAL_SURFACE('',#12009,3.8);
#12009 = AXIS2_PLACEMENT_3D('',#12010,#12011,#12012);
#12010 = CARTESIAN_POINT('',(46.,41.,-6.));
#12011 = DIRECTION('',(0.,0.,1.));
#12012 = DIRECTION('',(1.,0.,0.));
#12013 = DEFINITIONAL_REPRESENTATION('',(#12014),#12018);
#12014 = LINE('',#12015,#12016);
#12015 = CARTESIAN_POINT('',(0.,6.));
#12016 = VECTOR('',#12017,1.);
#12017 = DIRECTION('',(1.,0.));
#12018 = ( GEOMETRIC_REPRESENTATION_CONTEXT(2) 
PARAMETRIC_REPRESENTATION_CONTEXT() REPRESENTATION_CONTEXT('2D SPACE',''
  ) );
#12019 = ADVANCED_FACE('',(#12020,#12050,#12085,#12120,#12155,#12190,
    #12225,#12260,#12291,#12326),#10976,.T.);
#12020 = FACE_BOUND('',#12021,.T.);
#12021 = EDGE_LOOP('',(#12022,#12023,#12024,#12025,#12026,#12047,#12048,
    #12049));
#12022 = ORIENTED_EDGE('',*,*,#11170,.F.);
#12023 = ORIENTED_EDGE('',*,*,#10959,.F.);
#12024 = ORIENTED_EDGE('',*,*,#11571,.T.);
#12025 = ORIENTED_EDGE('',*,*,#11488,.F.);
#12026 = ORIENTED_EDGE('',*,*,#12027,.T.);
#12027 = EDGE_CURVE('',#11466,#11648,#12028,.T.);
#12028 = SURFACE_CURVE('',#12029,(#12033,#12040),.PCURVE_S1.);
#12029 = LINE('',#12030,#12031);
#12030 = CARTESIAN_POINT('',(52.,0.,3.));
#12031 = VECTOR('',#12032,1.);
#12032 = DIRECTION('',(0.,1.,0.));
#12033 = PCURVE('',#10976,#12034);
#12034 = DEFINITIONAL_REPRESENTATION('',(#12035),#12039);
#12035 = LINE('',#12036,#12037);
#12036 = CARTESIAN_POINT('',(22.000000005475,1.73210767953E-15));
#12037 = VECTOR('',#12038,1.);
#12038 = DIRECTION('',(0.,1.));
#12039 = ( GEOMETRIC_REPRESENTATION_CONTEXT(2) 
PARAMETRIC_REPRESENTATION_CONTEXT() REPRESENTATION_CONTEXT('2D SPACE',''
  ) );
#12040 = PCURVE('',#11424,#12041);
#12041 = DEFINITIONAL_REPRESENTATION('',(#12042),#12046);
#12042 = LINE('',#12043,#12044);
#12043 = CARTESIAN_POINT('',(37.,-3.));
#12044 = VECTOR('',#12045,1.);
#12045 = DIRECTION('',(1.,0.));
#12046 = ( GEOMETRIC_REPRESENTATION_CONTEXT(2) 
PARAMETRIC_REPRESENTATION_CONTEXT() REPRESENTATION_CONTEXT('2D SPACE',''
  ) );
#12047 = ORIENTED_EDGE('',*,*,#11647,.F.);
#12048 = ORIENTED_EDGE('',*,*,#11598,.F.);
#12049 = ORIENTED_EDGE('',*,*,#11219,.F.);
#12050 = FACE_BOUND('',#12051,.T.);
#12051 = EDGE_LOOP('',(#12052));
#12052 = ORIENTED_EDGE('',*,*,#12053,.T.);
#12053 = EDGE_CURVE('',#12054,#12054,#12056,.T.);
#12054 = VERTEX_POINT('',#12055);
#12055 = CARTESIAN_POINT('',(11.9,-41.,3.));
#12056 = SURFACE_CURVE('',#12057,(#12062,#12073),.PCURVE_S1.);
#12057 = CIRCLE('',#12058,2.1);
#12058 = AXIS2_PLACEMENT_3D('',#12059,#12060,#12061);
#12059 = CARTESIAN_POINT('',(14.,-41.,3.));
#12060 = DIRECTION('',(0.,0.,-1.));
#12061 = DIRECTION('',(-1.,0.,0.));
#12062 = PCURVE('',#10976,#12063);
#12063 = DEFINITIONAL_REPRESENTATION('',(#12064),#12072);
#12064 = ( BOUNDED_CURVE() B_SPLINE_CURVE(2,(#12065,#12066,#12067,#12068
    ,#12069,#12070,#12071),.UNSPECIFIED.,.T.,.F.) 
B_SPLINE_CURVE_WITH_KNOTS((1,2,2,2,2,1),(-2.094395102393,0.,
    2.094395102393,4.188790204786,6.28318530718,8.377580409573),
.UNSPECIFIED.) CURVE() GEOMETRIC_REPRESENTATION_ITEM() 
RATIONAL_B_SPLINE_CURVE((1.,0.5,1.,0.5,1.,0.5,1.)) REPRESENTATION_ITEM(
  '') );
#12065 = CARTESIAN_POINT('',(-18.09999999452,-41.));
#12066 = CARTESIAN_POINT('',(-18.09999999452,-37.3626933041));
#12067 = CARTESIAN_POINT('',(-14.94999999452,-39.18134665205));
#12068 = CARTESIAN_POINT('',(-11.79999999452,-41.));
#12069 = CARTESIAN_POINT('',(-14.94999999452,-42.81865334794));
#12070 = CARTESIAN_POINT('',(-18.09999999452,-44.63730669589));
#12071 = CARTESIAN_POINT('',(-18.09999999452,-41.));
#12072 = ( GEOMETRIC_REPRESENTATION_CONTEXT(2) 
PARAMETRIC_REPRESENTATION_CONTEXT() REPRESENTATION_CONTEXT('2D SPACE',''
  ) );
#12073 = PCURVE('',#12074,#12079);
#12074 = CYLINDRICAL_SURFACE('',#12075,2.1);
#12075 = AXIS2_PLACEMENT_3D('',#12076,#12077,#12078);
#12076 = CARTESIAN_POINT('',(14.,-41.,6.));
#12077 = DIRECTION('',(0.,0.,-1.));
#12078 = DIRECTION('',(-1.,0.,0.));
#12079 = DEFINITIONAL_REPRESENTATION('',(#12080),#12084);
#12080 = LINE('',#12081,#12082);
#12081 = CARTESIAN_POINT('',(0.,3.));
#12082 = VECTOR('',#12083,1.);
#12083 = DIRECTION('',(1.,0.));
#12084 = ( GEOMETRIC_REPRESENTATION_CONTEXT(2) 
PARAMETRIC_REPRESENTATION_CONTEXT() REPRESENTATION_CONTEXT('2D SPACE',''
  ) );
#12085 = FACE_BOUND('',#12086,.T.);
#12086 = EDGE_LOOP('',(#12087));
#12087 = ORIENTED_EDGE('',*,*,#12088,.T.);
#12088 = EDGE_CURVE('',#12089,#12089,#12091,.T.);
#12089 = VERTEX_POINT('',#12090);
#12090 = CARTESIAN_POINT('',(43.9,-41.,3.));
#12091 = SURFACE_CURVE('',#12092,(#12097,#12108),.PCURVE_S1.);
#12092 = CIRCLE('',#12093,2.1);
#12093 = AXIS2_PLACEMENT_3D('',#12094,#12095,#12096);
#12094 = CARTESIAN_POINT('',(46.,-41.,3.));
#12095 = DIRECTION('',(0.,0.,-1.));
#12096 = DIRECTION('',(-1.,0.,0.));
#12097 = PCURVE('',#10976,#12098);
#12098 = DEFINITIONAL_REPRESENTATION('',(#12099),#12107);
#12099 = ( BOUNDED_CURVE() B_SPLINE_CURVE(2,(#12100,#12101,#12102,#12103
    ,#12104,#12105,#12106),.UNSPECIFIED.,.T.,.F.) 
B_SPLINE_CURVE_WITH_KNOTS((1,2,2,2,2,1),(-2.094395102393,0.,
    2.094395102393,4.188790204786,6.28318530718,8.377580409573),
.UNSPECIFIED.) CURVE() GEOMETRIC_REPRESENTATION_ITEM() 
RATIONAL_B_SPLINE_CURVE((1.,0.5,1.,0.5,1.,0.5,1.)) REPRESENTATION_ITEM(
  '') );
#12100 = CARTESIAN_POINT('',(13.900000005475,-41.));
#12101 = CARTESIAN_POINT('',(13.900000005475,-37.3626933041));
#12102 = CARTESIAN_POINT('',(17.050000005475,-39.18134665205));
#12103 = CARTESIAN_POINT('',(20.200000005475,-41.));
#12104 = CARTESIAN_POINT('',(17.050000005475,-42.81865334794));
#12105 = CARTESIAN_POINT('',(13.900000005475,-44.63730669589));
#12106 = CARTESIAN_POINT('',(13.900000005475,-41.));
#12107 = ( GEOMETRIC_REPRESENTATION_CONTEXT(2) 
PARAMETRIC_REPRESENTATION_CONTEXT() REPRESENTATION_CONTEXT('2D SPACE',''
  ) );
#12108 = PCURVE('',#12109,#12114);
#12109 = CYLINDRICAL_SURFACE('',#12110,2.1);
#12110 = AXIS2_PLACEMENT_3D('',#12111,#12112,#12113);
#12111 = CARTESIAN_POINT('',(46.,-41.,6.));
#12112 = DIRECTION('',(0.,0.,-1.));
#12113 = DIRECTION('',(-1.,0.,0.));
#12114 = DEFINITIONAL_REPRESENTATION('',(#12115),#12119);
#12115 = LINE('',#12116,#12117);
#12116 = CARTESIAN_POINT('',(0.,3.));
#12117 = VECTOR('',#12118,1.);
#12118 = DIRECTION('',(1.,0.));
#12119 = ( GEOMETRIC_REPRESENTATION_CONTEXT(2) 
PARAMETRIC_REPRESENTATION_CONTEXT() REPRESENTATION_CONTEXT('2D SPACE',''
  ) );
#12120 = FACE_BOUND('',#12121,.T.);
#12121 = EDGE_LOOP('',(#12122));
#12122 = ORIENTED_EDGE('',*,*,#12123,.T.);
#12123 = EDGE_CURVE('',#12124,#12124,#12126,.T.);
#12124 = VERTEX_POINT('',#12125);
#12125 = CARTESIAN_POINT('',(18.5,19.75,3.));
#12126 = SURFACE_CURVE('',#12127,(#12132,#12143),.PCURVE_S1.);
#12127 = CIRCLE('',#12128,1.);
#12128 = AXIS2_PLACEMENT_3D('',#12129,#12130,#12131);
#12129 = CARTESIAN_POINT('',(19.5,19.75,3.));
#12130 = DIRECTION('',(0.,0.,-1.));
#12131 = DIRECTION('',(-1.,0.,0.));
#12132 = PCURVE('',#10976,#12133);
#12133 = DEFINITIONAL_REPRESENTATION('',(#12134),#12142);
#12134 = ( BOUNDED_CURVE() B_SPLINE_CURVE(2,(#12135,#12136,#12137,#12138
    ,#12139,#12140,#12141),.UNSPECIFIED.,.T.,.F.) 
B_SPLINE_CURVE_WITH_KNOTS((1,2,2,2,2,1),(-2.094395102393,0.,
    2.094395102393,4.188790204786,6.28318530718,8.377580409573),
.UNSPECIFIED.) CURVE() GEOMETRIC_REPRESENTATION_ITEM() 
RATIONAL_B_SPLINE_CURVE((1.,0.5,1.,0.5,1.,0.5,1.)) REPRESENTATION_ITEM(
  '') );
#12135 = CARTESIAN_POINT('',(-11.49999999452,19.75));
#12136 = CARTESIAN_POINT('',(-11.49999999452,21.482050807569));
#12137 = CARTESIAN_POINT('',(-9.999999994525,20.616025403784));
#12138 = CARTESIAN_POINT('',(-8.499999994525,19.75));
#12139 = CARTESIAN_POINT('',(-9.999999994525,18.883974596216));
#12140 = CARTESIAN_POINT('',(-11.49999999452,18.017949192431));
#12141 = CARTESIAN_POINT('',(-11.49999999452,19.75));
#12142 = ( GEOMETRIC_REPRESENTATION_CONTEXT(2) 
PARAMETRIC_REPRESENTATION_CONTEXT() REPRESENTATION_CONTEXT('2D SPACE',''
  ) );
#12143 = PCURVE('',#12144,#12149);
#12144 = CYLINDRICAL_SURFACE('',#12145,1.);
#12145 = AXIS2_PLACEMENT_3D('',#12146,#12147,#12148);
#12146 = CARTESIAN_POINT('',(19.5,19.75,4.));
#12147 = DIRECTION('',(0.,0.,-1.));
#12148 = DIRECTION('',(-1.,0.,0.));
#12149 = DEFINITIONAL_REPRESENTATION('',(#12150),#12154);
#12150 = LINE('',#12151,#12152);
#12151 = CARTESIAN_POINT('',(0.,1.));
#12152 = VECTOR('',#12153,1.);
#12153 = DIRECTION('',(1.,0.));
#12154 = ( GEOMETRIC_REPRESENTATION_CONTEXT(2) 
PARAMETRIC_REPRESENTATION_CONTEXT() REPRESENTATION_CONTEXT('2D SPACE',''
  ) );
#12155 = FACE_BOUND('',#12156,.T.);
#12156 = EDGE_LOOP('',(#12157));
#12157 = ORIENTED_EDGE('',*,*,#12158,.T.);
#12158 = EDGE_CURVE('',#12159,#12159,#12161,.T.);
#12159 = VERTEX_POINT('',#12160);
#12160 = CARTESIAN_POINT('',(18.5,32.25,3.));
#12161 = SURFACE_CURVE('',#12162,(#12167,#12178),.PCURVE_S1.);
#12162 = CIRCLE('',#12163,1.);
#12163 = AXIS2_PLACEMENT_3D('',#12164,#12165,#12166);
#12164 = CARTESIAN_POINT('',(19.5,32.25,3.));
#12165 = DIRECTION('',(0.,0.,-1.));
#12166 = DIRECTION('',(-1.,0.,0.));
#12167 = PCURVE('',#10976,#12168);
#12168 = DEFINITIONAL_REPRESENTATION('',(#12169),#12177);
#12169 = ( BOUNDED_CURVE() B_SPLINE_CURVE(2,(#12170,#12171,#12172,#12173
    ,#12174,#12175,#12176),.UNSPECIFIED.,.T.,.F.) 
B_SPLINE_CURVE_WITH_KNOTS((1,2,2,2,2,1),(-2.094395102393,0.,
    2.094395102393,4.188790204786,6.28318530718,8.377580409573),
.UNSPECIFIED.) CURVE() GEOMETRIC_REPRESENTATION_ITEM() 
RATIONAL_B_SPLINE_CURVE((1.,0.5,1.,0.5,1.,0.5,1.)) REPRESENTATION_ITEM(
  '') );
#12170 = CARTESIAN_POINT('',(-11.49999999452,32.25));
#12171 = CARTESIAN_POINT('',(-11.49999999452,33.982050807569));
#12172 = CARTESIAN_POINT('',(-9.999999994525,33.116025403784));
#12173 = CARTESIAN_POINT('',(-8.499999994525,32.25));
#12174 = CARTESIAN_POINT('',(-9.999999994525,31.383974596216));
#12175 = CARTESIAN_POINT('',(-11.49999999452,30.517949192431));
#12176 = CARTESIAN_POINT('',(-11.49999999452,32.25));
#12177 = ( GEOMETRIC_REPRESENTATION_CONTEXT(2) 
PARAMETRIC_REPRESENTATION_CONTEXT() REPRESENTATION_CONTEXT('2D SPACE',''
  ) );
#12178 = PCURVE('',#12179,#12184);
#12179 = CYLINDRICAL_SURFACE('',#12180,1.);
#12180 = AXIS2_PLACEMENT_3D('',#12181,#12182,#12183);
#12181 = CARTESIAN_POINT('',(19.5,32.25,4.));
#12182 = DIRECTION('',(0.,0.,-1.));
#12183 = DIRECTION('',(-1.,0.,0.));
#12184 = DEFINITIONAL_REPRESENTATION('',(#12185),#12189);
#12185 = LINE('',#12186,#12187);
#12186 = CARTESIAN_POINT('',(0.,1.));
#12187 = VECTOR('',#12188,1.);
#12188 = DIRECTION('',(1.,0.));
#12189 = ( GEOMETRIC_REPRESENTATION_CONTEXT(2) 
PARAMETRIC_REPRESENTATION_CONTEXT() REPRESENTATION_CONTEXT('2D SPACE',''
  ) );
#12190 = FACE_BOUND('',#12191,.T.);
#12191 = EDGE_LOOP('',(#12192));
#12192 = ORIENTED_EDGE('',*,*,#12193,.T.);
#12193 = EDGE_CURVE('',#12194,#12194,#12196,.T.);
#12194 = VERTEX_POINT('',#12195);
#12195 = CARTESIAN_POINT('',(11.9,41.,3.));
#12196 = SURFACE_CURVE('',#12197,(#12202,#12213),.PCURVE_S1.);
#12197 = CIRCLE('',#12198,2.1);
#12198 = AXIS2_PLACEMENT_3D('',#12199,#12200,#12201);
#12199 = CARTESIAN_POINT('',(14.,41.,3.));
#12200 = DIRECTION('',(0.,0.,-1.));
#12201 = DIRECTION('',(-1.,0.,0.));
#12202 = PCURVE('',#10976,#12203);
#12203 = DEFINITIONAL_REPRESENTATION('',(#12204),#12212);
#12204 = ( BOUNDED_CURVE() B_SPLINE_CURVE(2,(#12205,#12206,#12207,#12208
    ,#12209,#12210,#12211),.UNSPECIFIED.,.T.,.F.) 
B_SPLINE_CURVE_WITH_KNOTS((1,2,2,2,2,1),(-2.094395102393,0.,
    2.094395102393,4.188790204786,6.28318530718,8.377580409573),
.UNSPECIFIED.) CURVE() GEOMETRIC_REPRESENTATION_ITEM() 
RATIONAL_B_SPLINE_CURVE((1.,0.5,1.,0.5,1.,0.5,1.)) REPRESENTATION_ITEM(
  '') );
#12205 = CARTESIAN_POINT('',(-18.09999999452,41.));
#12206 = CARTESIAN_POINT('',(-18.09999999452,44.637306695895));
#12207 = CARTESIAN_POINT('',(-14.94999999452,42.818653347947));
#12208 = CARTESIAN_POINT('',(-11.79999999452,41.));
#12209 = CARTESIAN_POINT('',(-14.94999999452,39.181346652053));
#12210 = CARTESIAN_POINT('',(-18.09999999452,37.362693304105));
#12211 = CARTESIAN_POINT('',(-18.09999999452,41.));
#12212 = ( GEOMETRIC_REPRESENTATION_CONTEXT(2) 
PARAMETRIC_REPRESENTATION_CONTEXT() REPRESENTATION_CONTEXT('2D SPACE',''
  ) );
#12213 = PCURVE('',#12214,#12219);
#12214 = CYLINDRICAL_SURFACE('',#12215,2.1);
#12215 = AXIS2_PLACEMENT_3D('',#12216,#12217,#12218);
#12216 = CARTESIAN_POINT('',(14.,41.,6.));
#12217 = DIRECTION('',(0.,0.,-1.));
#12218 = DIRECTION('',(-1.,0.,0.));
#12219 = DEFINITIONAL_REPRESENTATION('',(#12220),#12224);
#12220 = LINE('',#12221,#12222);
#12221 = CARTESIAN_POINT('',(0.,3.));
#12222 = VECTOR('',#12223,1.);
#12223 = DIRECTION('',(1.,0.));
#12224 = ( GEOMETRIC_REPRESENTATION_CONTEXT(2) 
PARAMETRIC_REPRESENTATION_CONTEXT() REPRESENTATION_CONTEXT('2D SPACE',''
  ) );
#12225 = FACE_BOUND('',#12226,.T.);
#12226 = EDGE_LOOP('',(#12227));
#12227 = ORIENTED_EDGE('',*,*,#12228,.T.);
#12228 = EDGE_CURVE('',#12229,#12229,#12231,.T.);
#12229 = VERTEX_POINT('',#12230);
#12230 = CARTESIAN_POINT('',(39.5,19.75,3.));
#12231 = SURFACE_CURVE('',#12232,(#12237,#12248),.PCURVE_S1.);
#12232 = CIRCLE('',#12233,1.);
#12233 = AXIS2_PLACEMENT_3D('',#12234,#12235,#12236);
#12234 = CARTESIAN_POINT('',(40.5,19.75,3.));
#12235 = DIRECTION('',(0.,0.,-1.));
#12236 = DIRECTION('',(-1.,0.,0.));
#12237 = PCURVE('',#10976,#12238);
#12238 = DEFINITIONAL_REPRESENTATION('',(#12239),#12247);
#12239 = ( BOUNDED_CURVE() B_SPLINE_CURVE(2,(#12240,#12241,#12242,#12243
    ,#12244,#12245,#12246),.UNSPECIFIED.,.T.,.F.) 
B_SPLINE_CURVE_WITH_KNOTS((1,2,2,2,2,1),(-2.094395102393,0.,
    2.094395102393,4.188790204786,6.28318530718,8.377580409573),
.UNSPECIFIED.) CURVE() GEOMETRIC_REPRESENTATION_ITEM() 
RATIONAL_B_SPLINE_CURVE((1.,0.5,1.,0.5,1.,0.5,1.)) REPRESENTATION_ITEM(
  '') );
#12240 = CARTESIAN_POINT('',(9.500000005475,19.75));
#12241 = CARTESIAN_POINT('',(9.500000005475,21.482050807569));
#12242 = CARTESIAN_POINT('',(11.000000005475,20.616025403784));
#12243 = CARTESIAN_POINT('',(12.500000005475,19.75));
#12244 = CARTESIAN_POINT('',(11.000000005475,18.883974596216));
#12245 = CARTESIAN_POINT('',(9.500000005475,18.017949192431));
#12246 = CARTESIAN_POINT('',(9.500000005475,19.75));
#12247 = ( GEOMETRIC_REPRESENTATION_CONTEXT(2) 
PARAMETRIC_REPRESENTATION_CONTEXT() REPRESENTATION_CONTEXT('2D SPACE',''
  ) );
#12248 = PCURVE('',#12249,#12254);
#12249 = CYLINDRICAL_SURFACE('',#12250,1.);
#12250 = AXIS2_PLACEMENT_3D('',#12251,#12252,#12253);
#12251 = CARTESIAN_POINT('',(40.5,19.75,4.));
#12252 = DIRECTION('',(0.,0.,-1.));
#12253 = DIRECTION('',(-1.,0.,0.));
#12254 = DEFINITIONAL_REPRESENTATION('',(#12255),#12259);
#12255 = LINE('',#12256,#12257);
#12256 = CARTESIAN_POINT('',(0.,1.));
#12257 = VECTOR('',#12258,1.);
#12258 = DIRECTION('',(1.,0.));
#12259 = ( GEOMETRIC_REPRESENTATION_CONTEXT(2) 
PARAMETRIC_REPRESENTATION_CONTEXT() REPRESENTATION_CONTEXT('2D SPACE',''
  ) );
#12260 = FACE_BOUND('',#12261,.T.);
#12261 = EDGE_LOOP('',(#12262));
#12262 = ORIENTED_EDGE('',*,*,#12263,.F.);
#12263 = EDGE_CURVE('',#12264,#12264,#12266,.T.);
#12264 = VERTEX_POINT('',#12265);
#12265 = CARTESIAN_POINT('',(37.785714285714,26.,3.));
#12266 = SURFACE_CURVE('',#12267,(#12272,#12279),.PCURVE_S1.);
#12267 = CIRCLE('',#12268,7.785714285714);
#12268 = AXIS2_PLACEMENT_3D('',#12269,#12270,#12271);
#12269 = CARTESIAN_POINT('',(30.,26.,3.));
#12270 = DIRECTION('',(0.,0.,1.));
#12271 = DIRECTION('',(1.,0.,-0.));
#12272 = PCURVE('',#10976,#12273);
#12273 = DEFINITIONAL_REPRESENTATION('',(#12274),#12278);
#12274 = CIRCLE('',#12275,7.785714285714);
#12275 = AXIS2_PLACEMENT_2D('',#12276,#12277);
#12276 = CARTESIAN_POINT('',(5.474810553509E-09,26.));
#12277 = DIRECTION('',(1.,0.));
#12278 = ( GEOMETRIC_REPRESENTATION_CONTEXT(2) 
PARAMETRIC_REPRESENTATION_CONTEXT() REPRESENTATION_CONTEXT('2D SPACE',''
  ) );
#12279 = PCURVE('',#12280,#12285);
#12280 = CONICAL_SURFACE('',#12281,9.5,0.960070362406);
#12281 = AXIS2_PLACEMENT_3D('',#12282,#12283,#12284);
#12282 = CARTESIAN_POINT('',(30.,26.,1.8));
#12283 = DIRECTION('',(-0.,-0.,-1.));
#12284 = DIRECTION('',(1.,0.,0.));
#12285 = DEFINITIONAL_REPRESENTATION('',(#12286),#12290);
#12286 = LINE('',#12287,#12288);
#12287 = CARTESIAN_POINT('',(-0.,-1.2));
#12288 = VECTOR('',#12289,1.);
#12289 = DIRECTION('',(-1.,-0.));
#12290 = ( GEOMETRIC_REPRESENTATION_CONTEXT(2) 
PARAMETRIC_REPRESENTATION_CONTEXT() REPRESENTATION_CONTEXT('2D SPACE',''
  ) );
#12291 = FACE_BOUND('',#12292,.T.);
#12292 = EDGE_LOOP('',(#12293));
#12293 = ORIENTED_EDGE('',*,*,#12294,.T.);
#12294 = EDGE_CURVE('',#12295,#12295,#12297,.T.);
#12295 = VERTEX_POINT('',#12296);
#12296 = CARTESIAN_POINT('',(39.5,32.25,3.));
#12297 = SURFACE_CURVE('',#12298,(#12303,#12314),.PCURVE_S1.);
#12298 = CIRCLE('',#12299,1.);
#12299 = AXIS2_PLACEMENT_3D('',#12300,#12301,#12302);
#12300 = CARTESIAN_POINT('',(40.5,32.25,3.));
#12301 = DIRECTION('',(0.,0.,-1.));
#12302 = DIRECTION('',(-1.,0.,0.));
#12303 = PCURVE('',#10976,#12304);
#12304 = DEFINITIONAL_REPRESENTATION('',(#12305),#12313);
#12305 = ( BOUNDED_CURVE() B_SPLINE_CURVE(2,(#12306,#12307,#12308,#12309
    ,#12310,#12311,#12312),.UNSPECIFIED.,.T.,.F.) 
B_SPLINE_CURVE_WITH_KNOTS((1,2,2,2,2,1),(-2.094395102393,0.,
    2.094395102393,4.188790204786,6.28318530718,8.377580409573),
.UNSPECIFIED.) CURVE() GEOMETRIC_REPRESENTATION_ITEM() 
RATIONAL_B_SPLINE_CURVE((1.,0.5,1.,0.5,1.,0.5,1.)) REPRESENTATION_ITEM(
  '') );
#12306 = CARTESIAN_POINT('',(9.500000005475,32.25));
#12307 = CARTESIAN_POINT('',(9.500000005475,33.982050807569));
#12308 = CARTESIAN_POINT('',(11.000000005475,33.116025403784));
#12309 = CARTESIAN_POINT('',(12.500000005475,32.25));
#12310 = CARTESIAN_POINT('',(11.000000005475,31.383974596216));
#12311 = CARTESIAN_POINT('',(9.500000005475,30.517949192431));
#12312 = CARTESIAN_POINT('',(9.500000005475,32.25));
#12313 = ( GEOMETRIC_REPRESENTATION_CONTEXT(2) 
PARAMETRIC_REPRESENTATION_CONTEXT() REPRESENTATION_CONTEXT('2D SPACE',''
  ) );
#12314 = PCURVE('',#12315,#12320);
#12315 = CYLINDRICAL_SURFACE('',#12316,1.);
#12316 = AXIS2_PLACEMENT_3D('',#12317,#12318,#12319);
#12317 = CARTESIAN_POINT('',(40.5,32.25,4.));
#12318 = DIRECTION('',(0.,0.,-1.));
#12319 = DIRECTION('',(-1.,0.,0.));
#12320 = DEFINITIONAL_REPRESENTATION('',(#12321),#12325);
#12321 = LINE('',#12322,#12323);
#12322 = CARTESIAN_POINT('',(0.,1.));
#12323 = VECTOR('',#12324,1.);
#12324 = DIRECTION('',(1.,0.));
#12325 = ( GEOMETRIC_REPRESENTATION_CONTEXT(2) 
PARAMETRIC_REPRESENTATION_CONTEXT() REPRESENTATION_CONTEXT('2D SPACE',''
  ) );
#12326 = FACE_BOUND('',#12327,.T.);
#12327 = EDGE_LOOP('',(#12328));
#12328 = ORIENTED_EDGE('',*,*,#12329,.T.);
#12329 = EDGE_CURVE('',#12330,#12330,#12332,.T.);
#12330 = VERTEX_POINT('',#12331);
#12331 = CARTESIAN_POINT('',(43.9,41.,3.));
#12332 = SURFACE_CURVE('',#12333,(#12338,#12349),.PCURVE_S1.);
#12333 = CIRCLE('',#12334,2.1);
#12334 = AXIS2_PLACEMENT_3D('',#12335,#12336,#12337);
#12335 = CARTESIAN_POINT('',(46.,41.,3.));
#12336 = DIRECTION('',(0.,0.,-1.));
#12337 = DIRECTION('',(-1.,0.,0.));
#12338 = PCURVE('',#10976,#12339);
#12339 = DEFINITIONAL_REPRESENTATION('',(#12340),#12348);
#12340 = ( BOUNDED_CURVE() B_SPLINE_CURVE(2,(#12341,#12342,#12343,#12344
    ,#12345,#12346,#12347),.UNSPECIFIED.,.T.,.F.) 
B_SPLINE_CURVE_WITH_KNOTS((1,2,2,2,2,1),(-2.094395102393,0.,
    2.094395102393,4.188790204786,6.28318530718,8.377580409573),
.UNSPECIFIED.) CURVE() GEOMETRIC_REPRESENTATION_ITEM() 
RATIONAL_B_SPLINE_CURVE((1.,0.5,1.,0.5,1.,0.5,1.)) REPRESENTATION_ITEM(
  '') );
#12341 = CARTESIAN_POINT('',(13.900000005475,41.));
#12342 = CARTESIAN_POINT('',(13.900000005475,44.637306695895));
#12343 = CARTESIAN_POINT('',(17.050000005475,42.818653347947));
#12344 = CARTESIAN_POINT('',(20.200000005475,41.));
#12345 = CARTESIAN_POINT('',(17.050000005475,39.181346652053));
#12346 = CARTESIAN_POINT('',(13.900000005475,37.362693304105));
#12347 = CARTESIAN_POINT('',(13.900000005475,41.));
#12348 = ( GEOMETRIC_REPRESENTATION_CONTEXT(2) 
PARAMETRIC_REPRESENTATION_CONTEXT() REPRESENTATION_CONTEXT('2D SPACE',''
  ) );
#12349 = PCURVE('',#12350,#12355);
#12350 = CYLINDRICAL_SURFACE('',#12351,2.1);
#12351 = AXIS2_PLACEMENT_3D('',#12352,#12353,#12354);
#12352 = CARTESIAN_POINT('',(46.,41.,6.));
#12353 = DIRECTION('',(0.,0.,-1.));
#12354 = DIRECTION('',(-1.,0.,0.));
#12355 = DEFINITIONAL_REPRESENTATION('',(#12356),#12360);
#12356 = LINE('',#12357,#12358);
#12357 = CARTESIAN_POINT('',(0.,3.));
#12358 = VECTOR('',#12359,1.);
#12359 = DIRECTION('',(1.,0.));
#12360 = ( GEOMETRIC_REPRESENTATION_CONTEXT(2) 
PARAMETRIC_REPRESENTATION_CONTEXT() REPRESENTATION_CONTEXT('2D SPACE',''
  ) );
#12361 = ADVANCED_FACE('',(#12362),#11424,.F.);
#12362 = FACE_BOUND('',#12363,.F.);
#12363 = EDGE_LOOP('',(#12364,#12365,#12366,#12367));
#12364 = ORIENTED_EDGE('',*,*,#11465,.T.);
#12365 = ORIENTED_EDGE('',*,*,#12027,.T.);
#12366 = ORIENTED_EDGE('',*,*,#11675,.F.);
#12367 = ORIENTED_EDGE('',*,*,#11408,.F.);
#12368 = ADVANCED_FACE('',(#12369),#11756,.T.);
#12369 = FACE_BOUND('',#12370,.T.);
#12370 = EDGE_LOOP('',(#12371,#12372,#12395,#12422));
#12371 = ORIENTED_EDGE('',*,*,#11739,.F.);
#12372 = ORIENTED_EDGE('',*,*,#12373,.F.);
#12373 = EDGE_CURVE('',#12374,#11740,#12376,.T.);
#12374 = VERTEX_POINT('',#12375);
#12375 = CARTESIAN_POINT('',(17.8,-41.,-6.));
#12376 = SEAM_CURVE('',#12377,(#12381,#12388),.PCURVE_S1.);
#12377 = LINE('',#12378,#12379);
#12378 = CARTESIAN_POINT('',(17.8,-41.,-6.));
#12379 = VECTOR('',#12380,1.);
#12380 = DIRECTION('',(0.,0.,1.));
#12381 = PCURVE('',#11756,#12382);
#12382 = DEFINITIONAL_REPRESENTATION('',(#12383),#12387);
#12383 = LINE('',#12384,#12385);
#12384 = CARTESIAN_POINT('',(6.28318530718,-0.));
#12385 = VECTOR('',#12386,1.);
#12386 = DIRECTION('',(0.,1.));
#12387 = ( GEOMETRIC_REPRESENTATION_CONTEXT(2) 
PARAMETRIC_REPRESENTATION_CONTEXT() REPRESENTATION_CONTEXT('2D SPACE',''
  ) );
#12388 = PCURVE('',#11756,#12389);
#12389 = DEFINITIONAL_REPRESENTATION('',(#12390),#12394);
#12390 = LINE('',#12391,#12392);
#12391 = CARTESIAN_POINT('',(0.,-0.));
#12392 = VECTOR('',#12393,1.);
#12393 = DIRECTION('',(0.,1.));
#12394 = ( GEOMETRIC_REPRESENTATION_CONTEXT(2) 
PARAMETRIC_REPRESENTATION_CONTEXT() REPRESENTATION_CONTEXT('2D SPACE',''
  ) );
#12395 = ORIENTED_EDGE('',*,*,#12396,.T.);
#12396 = EDGE_CURVE('',#12374,#12374,#12397,.T.);
#12397 = SURFACE_CURVE('',#12398,(#12403,#12410),.PCURVE_S1.);
#12398 = CIRCLE('',#12399,3.8);
#12399 = AXIS2_PLACEMENT_3D('',#12400,#12401,#12402);
#12400 = CARTESIAN_POINT('',(14.,-41.,-6.));
#12401 = DIRECTION('',(0.,0.,1.));
#12402 = DIRECTION('',(1.,0.,0.));
#12403 = PCURVE('',#11756,#12404);
#12404 = DEFINITIONAL_REPRESENTATION('',(#12405),#12409);
#12405 = LINE('',#12406,#12407);
#12406 = CARTESIAN_POINT('',(0.,0.));
#12407 = VECTOR('',#12408,1.);
#12408 = DIRECTION('',(1.,0.));
#12409 = ( GEOMETRIC_REPRESENTATION_CONTEXT(2) 
PARAMETRIC_REPRESENTATION_CONTEXT() REPRESENTATION_CONTEXT('2D SPACE',''
  ) );
#12410 = PCURVE('',#12411,#12416);
#12411 = PLANE('',#12412);
#12412 = AXIS2_PLACEMENT_3D('',#12413,#12414,#12415);
#12413 = CARTESIAN_POINT('',(14.,-41.,-6.));
#12414 = DIRECTION('',(0.,0.,1.));
#12415 = DIRECTION('',(1.,0.,0.));
#12416 = DEFINITIONAL_REPRESENTATION('',(#12417),#12421);
#12417 = CIRCLE('',#12418,3.8);
#12418 = AXIS2_PLACEMENT_2D('',#12419,#12420);
#12419 = CARTESIAN_POINT('',(0.,0.));
#12420 = DIRECTION('',(1.,0.));
#12421 = ( GEOMETRIC_REPRESENTATION_CONTEXT(2) 
PARAMETRIC_REPRESENTATION_CONTEXT() REPRESENTATION_CONTEXT('2D SPACE',''
  ) );
#12422 = ORIENTED_EDGE('',*,*,#12373,.T.);
#12423 = ADVANCED_FACE('',(#12424),#11787,.T.);
#12424 = FACE_BOUND('',#12425,.T.);
#12425 = EDGE_LOOP('',(#12426,#12427,#12450,#12477));
#12426 = ORIENTED_EDGE('',*,*,#11770,.F.);
#12427 = ORIENTED_EDGE('',*,*,#12428,.F.);
#12428 = EDGE_CURVE('',#12429,#11771,#12431,.T.);
#12429 = VERTEX_POINT('',#12430);
#12430 = CARTESIAN_POINT('',(49.8,-41.,-6.));
#12431 = SEAM_CURVE('',#12432,(#12436,#12443),.PCURVE_S1.);
#12432 = LINE('',#12433,#12434);
#12433 = CARTESIAN_POINT('',(49.8,-41.,-6.));
#12434 = VECTOR('',#12435,1.);
#12435 = DIRECTION('',(0.,0.,1.));
#12436 = PCURVE('',#11787,#12437);
#12437 = DEFINITIONAL_REPRESENTATION('',(#12438),#12442);
#12438 = LINE('',#12439,#12440);
#12439 = CARTESIAN_POINT('',(6.28318530718,-0.));
#12440 = VECTOR('',#12441,1.);
#12441 = DIRECTION('',(0.,1.));
#12442 = ( GEOMETRIC_REPRESENTATION_CONTEXT(2) 
PARAMETRIC_REPRESENTATION_CONTEXT() REPRESENTATION_CONTEXT('2D SPACE',''
  ) );
#12443 = PCURVE('',#11787,#12444);
#12444 = DEFINITIONAL_REPRESENTATION('',(#12445),#12449);
#12445 = LINE('',#12446,#12447);
#12446 = CARTESIAN_POINT('',(0.,-0.));
#12447 = VECTOR('',#12448,1.);
#12448 = DIRECTION('',(0.,1.));
#12449 = ( GEOMETRIC_REPRESENTATION_CONTEXT(2) 
PARAMETRIC_REPRESENTATION_CONTEXT() REPRESENTATION_CONTEXT('2D SPACE',''
  ) );
#12450 = ORIENTED_EDGE('',*,*,#12451,.T.);
#12451 = EDGE_CURVE('',#12429,#12429,#12452,.T.);
#12452 = SURFACE_CURVE('',#12453,(#12458,#12465),.PCURVE_S1.);
#12453 = CIRCLE('',#12454,3.8);
#12454 = AXIS2_PLACEMENT_3D('',#12455,#12456,#12457);
#12455 = CARTESIAN_POINT('',(46.,-41.,-6.));
#12456 = DIRECTION('',(0.,0.,1.));
#12457 = DIRECTION('',(1.,0.,0.));
#12458 = PCURVE('',#11787,#12459);
#12459 = DEFINITIONAL_REPRESENTATION('',(#12460),#12464);
#12460 = LINE('',#12461,#12462);
#12461 = CARTESIAN_POINT('',(0.,0.));
#12462 = VECTOR('',#12463,1.);
#12463 = DIRECTION('',(1.,0.));
#12464 = ( GEOMETRIC_REPRESENTATION_CONTEXT(2) 
PARAMETRIC_REPRESENTATION_CONTEXT() REPRESENTATION_CONTEXT('2D SPACE',''
  ) );
#12465 = PCURVE('',#12466,#12471);
#12466 = PLANE('',#12467);
#12467 = AXIS2_PLACEMENT_3D('',#12468,#12469,#12470);
#12468 = CARTESIAN_POINT('',(46.,-41.,-6.));
#12469 = DIRECTION('',(0.,0.,1.));
#12470 = DIRECTION('',(1.,0.,0.));
#12471 = DEFINITIONAL_REPRESENTATION('',(#12472),#12476);
#12472 = CIRCLE('',#12473,3.8);
#12473 = AXIS2_PLACEMENT_2D('',#12474,#12475);
#12474 = CARTESIAN_POINT('',(0.,0.));
#12475 = DIRECTION('',(1.,0.));
#12476 = ( GEOMETRIC_REPRESENTATION_CONTEXT(2) 
PARAMETRIC_REPRESENTATION_CONTEXT() REPRESENTATION_CONTEXT('2D SPACE',''
  ) );
#12477 = ORIENTED_EDGE('',*,*,#12428,.T.);
#12478 = ADVANCED_FACE('',(#12479),#11818,.T.);
#12479 = FACE_BOUND('',#12480,.T.);
#12480 = EDGE_LOOP('',(#12481,#12482,#12505,#12532));
#12481 = ORIENTED_EDGE('',*,*,#11801,.F.);
#12482 = ORIENTED_EDGE('',*,*,#12483,.F.);
#12483 = EDGE_CURVE('',#12484,#11802,#12486,.T.);
#12484 = VERTEX_POINT('',#12485);
#12485 = CARTESIAN_POINT('',(21.7,19.75,-4.));
#12486 = SEAM_CURVE('',#12487,(#12491,#12498),.PCURVE_S1.);
#12487 = LINE('',#12488,#12489);
#12488 = CARTESIAN_POINT('',(21.7,19.75,-4.));
#12489 = VECTOR('',#12490,1.);
#12490 = DIRECTION('',(0.,0.,1.));
#12491 = PCURVE('',#11818,#12492);
#12492 = DEFINITIONAL_REPRESENTATION('',(#12493),#12497);
#12493 = LINE('',#12494,#12495);
#12494 = CARTESIAN_POINT('',(6.28318530718,-0.));
#12495 = VECTOR('',#12496,1.);
#12496 = DIRECTION('',(0.,1.));
#12497 = ( GEOMETRIC_REPRESENTATION_CONTEXT(2) 
PARAMETRIC_REPRESENTATION_CONTEXT() REPRESENTATION_CONTEXT('2D SPACE',''
  ) );
#12498 = PCURVE('',#11818,#12499);
#12499 = DEFINITIONAL_REPRESENTATION('',(#12500),#12504);
#12500 = LINE('',#12501,#12502);
#12501 = CARTESIAN_POINT('',(0.,-0.));
#12502 = VECTOR('',#12503,1.);
#12503 = DIRECTION('',(0.,1.));
#12504 = ( GEOMETRIC_REPRESENTATION_CONTEXT(2) 
PARAMETRIC_REPRESENTATION_CONTEXT() REPRESENTATION_CONTEXT('2D SPACE',''
  ) );
#12505 = ORIENTED_EDGE('',*,*,#12506,.T.);
#12506 = EDGE_CURVE('',#12484,#12484,#12507,.T.);
#12507 = SURFACE_CURVE('',#12508,(#12513,#12520),.PCURVE_S1.);
#12508 = CIRCLE('',#12509,2.2);
#12509 = AXIS2_PLACEMENT_3D('',#12510,#12511,#12512);
#12510 = CARTESIAN_POINT('',(19.5,19.75,-4.));
#12511 = DIRECTION('',(0.,0.,1.));
#12512 = DIRECTION('',(1.,0.,0.));
#12513 = PCURVE('',#11818,#12514);
#12514 = DEFINITIONAL_REPRESENTATION('',(#12515),#12519);
#12515 = LINE('',#12516,#12517);
#12516 = CARTESIAN_POINT('',(0.,0.));
#12517 = VECTOR('',#12518,1.);
#12518 = DIRECTION('',(1.,0.));
#12519 = ( GEOMETRIC_REPRESENTATION_CONTEXT(2) 
PARAMETRIC_REPRESENTATION_CONTEXT() REPRESENTATION_CONTEXT('2D SPACE',''
  ) );
#12520 = PCURVE('',#12521,#12526);
#12521 = PLANE('',#12522);
#12522 = AXIS2_PLACEMENT_3D('',#12523,#12524,#12525);
#12523 = CARTESIAN_POINT('',(19.5,19.75,-4.));
#12524 = DIRECTION('',(0.,0.,1.));
#12525 = DIRECTION('',(1.,0.,0.));
#12526 = DEFINITIONAL_REPRESENTATION('',(#12527),#12531);
#12527 = CIRCLE('',#12528,2.2);
#12528 = AXIS2_PLACEMENT_2D('',#12529,#12530);
#12529 = CARTESIAN_POINT('',(0.,0.));
#12530 = DIRECTION('',(1.,0.));
#12531 = ( GEOMETRIC_REPRESENTATION_CONTEXT(2) 
PARAMETRIC_REPRESENTATION_CONTEXT() REPRESENTATION_CONTEXT('2D SPACE',''
  ) );
#12532 = ORIENTED_EDGE('',*,*,#12483,.T.);
#12533 = ADVANCED_FACE('',(#12534),#11849,.T.);
#12534 = FACE_BOUND('',#12535,.T.);
#12535 = EDGE_LOOP('',(#12536,#12537,#12560,#12587));
#12536 = ORIENTED_EDGE('',*,*,#11832,.F.);
#12537 = ORIENTED_EDGE('',*,*,#12538,.F.);
#12538 = EDGE_CURVE('',#12539,#11833,#12541,.T.);
#12539 = VERTEX_POINT('',#12540);
#12540 = CARTESIAN_POINT('',(21.7,32.25,-4.));
#12541 = SEAM_CURVE('',#12542,(#12546,#12553),.PCURVE_S1.);
#12542 = LINE('',#12543,#12544);
#12543 = CARTESIAN_POINT('',(21.7,32.25,-4.));
#12544 = VECTOR('',#12545,1.);
#12545 = DIRECTION('',(0.,0.,1.));
#12546 = PCURVE('',#11849,#12547);
#12547 = DEFINITIONAL_REPRESENTATION('',(#12548),#12552);
#12548 = LINE('',#12549,#12550);
#12549 = CARTESIAN_POINT('',(6.28318530718,-0.));
#12550 = VECTOR('',#12551,1.);
#12551 = DIRECTION('',(0.,1.));
#12552 = ( GEOMETRIC_REPRESENTATION_CONTEXT(2) 
PARAMETRIC_REPRESENTATION_CONTEXT() REPRESENTATION_CONTEXT('2D SPACE',''
  ) );
#12553 = PCURVE('',#11849,#12554);
#12554 = DEFINITIONAL_REPRESENTATION('',(#12555),#12559);
#12555 = LINE('',#12556,#12557);
#12556 = CARTESIAN_POINT('',(0.,-0.));
#12557 = VECTOR('',#12558,1.);
#12558 = DIRECTION('',(0.,1.));
#12559 = ( GEOMETRIC_REPRESENTATION_CONTEXT(2) 
PARAMETRIC_REPRESENTATION_CONTEXT() REPRESENTATION_CONTEXT('2D SPACE',''
  ) );
#12560 = ORIENTED_EDGE('',*,*,#12561,.T.);
#12561 = EDGE_CURVE('',#12539,#12539,#12562,.T.);
#12562 = SURFACE_CURVE('',#12563,(#12568,#12575),.PCURVE_S1.);
#12563 = CIRCLE('',#12564,2.2);
#12564 = AXIS2_PLACEMENT_3D('',#12565,#12566,#12567);
#12565 = CARTESIAN_POINT('',(19.5,32.25,-4.));
#12566 = DIRECTION('',(0.,0.,1.));
#12567 = DIRECTION('',(1.,0.,0.));
#12568 = PCURVE('',#11849,#12569);
#12569 = DEFINITIONAL_REPRESENTATION('',(#12570),#12574);
#12570 = LINE('',#12571,#12572);
#12571 = CARTESIAN_POINT('',(0.,0.));
#12572 = VECTOR('',#12573,1.);
#12573 = DIRECTION('',(1.,0.));
#12574 = ( GEOMETRIC_REPRESENTATION_CONTEXT(2) 
PARAMETRIC_REPRESENTATION_CONTEXT() REPRESENTATION_CONTEXT('2D SPACE',''
  ) );
#12575 = PCURVE('',#12576,#12581);
#12576 = PLANE('',#12577);
#12577 = AXIS2_PLACEMENT_3D('',#12578,#12579,#12580);
#12578 = CARTESIAN_POINT('',(19.5,32.25,-4.));
#12579 = DIRECTION('',(0.,0.,1.));
#12580 = DIRECTION('',(1.,0.,0.));
#12581 = DEFINITIONAL_REPRESENTATION('',(#12582),#12586);
#12582 = CIRCLE('',#12583,2.2);
#12583 = AXIS2_PLACEMENT_2D('',#12584,#12585);
#12584 = CARTESIAN_POINT('',(0.,0.));
#12585 = DIRECTION('',(1.,0.));
#12586 = ( GEOMETRIC_REPRESENTATION_CONTEXT(2) 
PARAMETRIC_REPRESENTATION_CONTEXT() REPRESENTATION_CONTEXT('2D SPACE',''
  ) );
#12587 = ORIENTED_EDGE('',*,*,#12538,.T.);
#12588 = ADVANCED_FACE('',(#12589),#11880,.T.);
#12589 = FACE_BOUND('',#12590,.T.);
#12590 = EDGE_LOOP('',(#12591,#12592,#12615,#12642));
#12591 = ORIENTED_EDGE('',*,*,#11863,.F.);
#12592 = ORIENTED_EDGE('',*,*,#12593,.F.);
#12593 = EDGE_CURVE('',#12594,#11864,#12596,.T.);
#12594 = VERTEX_POINT('',#12595);
#12595 = CARTESIAN_POINT('',(17.8,41.,-6.));
#12596 = SEAM_CURVE('',#12597,(#12601,#12608),.PCURVE_S1.);
#12597 = LINE('',#12598,#12599);
#12598 = CARTESIAN_POINT('',(17.8,41.,-6.));
#12599 = VECTOR('',#12600,1.);
#12600 = DIRECTION('',(0.,0.,1.));
#12601 = PCURVE('',#11880,#12602);
#12602 = DEFINITIONAL_REPRESENTATION('',(#12603),#12607);
#12603 = LINE('',#12604,#12605);
#12604 = CARTESIAN_POINT('',(6.28318530718,-0.));
#12605 = VECTOR('',#12606,1.);
#12606 = DIRECTION('',(0.,1.));
#12607 = ( GEOMETRIC_REPRESENTATION_CONTEXT(2) 
PARAMETRIC_REPRESENTATION_CONTEXT() REPRESENTATION_CONTEXT('2D SPACE',''
  ) );
#12608 = PCURVE('',#11880,#12609);
#12609 = DEFINITIONAL_REPRESENTATION('',(#12610),#12614);
#12610 = LINE('',#12611,#12612);
#12611 = CARTESIAN_POINT('',(0.,-0.));
#12612 = VECTOR('',#12613,1.);
#12613 = DIRECTION('',(0.,1.));
#12614 = ( GEOMETRIC_REPRESENTATION_CONTEXT(2) 
PARAMETRIC_REPRESENTATION_CONTEXT() REPRESENTATION_CONTEXT('2D SPACE',''
  ) );
#12615 = ORIENTED_EDGE('',*,*,#12616,.T.);
#12616 = EDGE_CURVE('',#12594,#12594,#12617,.T.);
#12617 = SURFACE_CURVE('',#12618,(#12623,#12630),.PCURVE_S1.);
#12618 = CIRCLE('',#12619,3.8);
#12619 = AXIS2_PLACEMENT_3D('',#12620,#12621,#12622);
#12620 = CARTESIAN_POINT('',(14.,41.,-6.));
#12621 = DIRECTION('',(0.,0.,1.));
#12622 = DIRECTION('',(1.,0.,0.));
#12623 = PCURVE('',#11880,#12624);
#12624 = DEFINITIONAL_REPRESENTATION('',(#12625),#12629);
#12625 = LINE('',#12626,#12627);
#12626 = CARTESIAN_POINT('',(0.,0.));
#12627 = VECTOR('',#12628,1.);
#12628 = DIRECTION('',(1.,0.));
#12629 = ( GEOMETRIC_REPRESENTATION_CONTEXT(2) 
PARAMETRIC_REPRESENTATION_CONTEXT() REPRESENTATION_CONTEXT('2D SPACE',''
  ) );
#12630 = PCURVE('',#12631,#12636);
#12631 = PLANE('',#12632);
#12632 = AXIS2_PLACEMENT_3D('',#12633,#12634,#12635);
#12633 = CARTESIAN_POINT('',(14.,41.,-6.));
#12634 = DIRECTION('',(0.,0.,1.));
#12635 = DIRECTION('',(1.,0.,0.));
#12636 = DEFINITIONAL_REPRESENTATION('',(#12637),#12641);
#12637 = CIRCLE('',#12638,3.8);
#12638 = AXIS2_PLACEMENT_2D('',#12639,#12640);
#12639 = CARTESIAN_POINT('',(0.,0.));
#12640 = DIRECTION('',(1.,0.));
#12641 = ( GEOMETRIC_REPRESENTATION_CONTEXT(2) 
PARAMETRIC_REPRESENTATION_CONTEXT() REPRESENTATION_CONTEXT('2D SPACE',''
  ) );
#12642 = ORIENTED_EDGE('',*,*,#12593,.T.);
#12643 = ADVANCED_FACE('',(#12644),#11911,.T.);
#12644 = FACE_BOUND('',#12645,.T.);
#12645 = EDGE_LOOP('',(#12646,#12647,#12670,#12697));
#12646 = ORIENTED_EDGE('',*,*,#11894,.F.);
#12647 = ORIENTED_EDGE('',*,*,#12648,.F.);
#12648 = EDGE_CURVE('',#12649,#11895,#12651,.T.);
#12649 = VERTEX_POINT('',#12650);
#12650 = CARTESIAN_POINT('',(42.7,19.75,-4.));
#12651 = SEAM_CURVE('',#12652,(#12656,#12663),.PCURVE_S1.);
#12652 = LINE('',#12653,#12654);
#12653 = CARTESIAN_POINT('',(42.7,19.75,-4.));
#12654 = VECTOR('',#12655,1.);
#12655 = DIRECTION('',(0.,0.,1.));
#12656 = PCURVE('',#11911,#12657);
#12657 = DEFINITIONAL_REPRESENTATION('',(#12658),#12662);
#12658 = LINE('',#12659,#12660);
#12659 = CARTESIAN_POINT('',(6.28318530718,-0.));
#12660 = VECTOR('',#12661,1.);
#12661 = DIRECTION('',(0.,1.));
#12662 = ( GEOMETRIC_REPRESENTATION_CONTEXT(2) 
PARAMETRIC_REPRESENTATION_CONTEXT() REPRESENTATION_CONTEXT('2D SPACE',''
  ) );
#12663 = PCURVE('',#11911,#12664);
#12664 = DEFINITIONAL_REPRESENTATION('',(#12665),#12669);
#12665 = LINE('',#12666,#12667);
#12666 = CARTESIAN_POINT('',(0.,-0.));
#12667 = VECTOR('',#12668,1.);
#12668 = DIRECTION('',(0.,1.));
#12669 = ( GEOMETRIC_REPRESENTATION_CONTEXT(2) 
PARAMETRIC_REPRESENTATION_CONTEXT() REPRESENTATION_CONTEXT('2D SPACE',''
  ) );
#12670 = ORIENTED_EDGE('',*,*,#12671,.T.);
#12671 = EDGE_CURVE('',#12649,#12649,#12672,.T.);
#12672 = SURFACE_CURVE('',#12673,(#12678,#12685),.PCURVE_S1.);
#12673 = CIRCLE('',#12674,2.2);
#12674 = AXIS2_PLACEMENT_3D('',#12675,#12676,#12677);
#12675 = CARTESIAN_POINT('',(40.5,19.75,-4.));
#12676 = DIRECTION('',(0.,0.,1.));
#12677 = DIRECTION('',(1.,0.,0.));
#12678 = PCURVE('',#11911,#12679);
#12679 = DEFINITIONAL_REPRESENTATION('',(#12680),#12684);
#12680 = LINE('',#12681,#12682);
#12681 = CARTESIAN_POINT('',(0.,0.));
#12682 = VECTOR('',#12683,1.);
#12683 = DIRECTION('',(1.,0.));
#12684 = ( GEOMETRIC_REPRESENTATION_CONTEXT(2) 
PARAMETRIC_REPRESENTATION_CONTEXT() REPRESENTATION_CONTEXT('2D SPACE',''
  ) );
#12685 = PCURVE('',#12686,#12691);
#12686 = PLANE('',#12687);
#12687 = AXIS2_PLACEMENT_3D('',#12688,#12689,#12690);
#12688 = CARTESIAN_POINT('',(40.5,19.75,-4.));
#12689 = DIRECTION('',(0.,0.,1.));
#12690 = DIRECTION('',(1.,0.,0.));
#12691 = DEFINITIONAL_REPRESENTATION('',(#12692),#12696);
#12692 = CIRCLE('',#12693,2.2);
#12693 = AXIS2_PLACEMENT_2D('',#12694,#12695);
#12694 = CARTESIAN_POINT('',(0.,0.));
#12695 = DIRECTION('',(1.,0.));
#12696 = ( GEOMETRIC_REPRESENTATION_CONTEXT(2) 
PARAMETRIC_REPRESENTATION_CONTEXT() REPRESENTATION_CONTEXT('2D SPACE',''
  ) );
#12697 = ORIENTED_EDGE('',*,*,#12648,.T.);
#12698 = ADVANCED_FACE('',(#12699),#11946,.F.);
#12699 = FACE_BOUND('',#12700,.F.);
#12700 = EDGE_LOOP('',(#12701,#12724,#12725,#12726));
#12701 = ORIENTED_EDGE('',*,*,#12702,.T.);
#12702 = EDGE_CURVE('',#12703,#11926,#12705,.T.);
#12703 = VERTEX_POINT('',#12704);
#12704 = CARTESIAN_POINT('',(22.5,26.,1.8));
#12705 = SEAM_CURVE('',#12706,(#12710,#12717),.PCURVE_S1.);
#12706 = LINE('',#12707,#12708);
#12707 = CARTESIAN_POINT('',(22.5,26.,5.));
#12708 = VECTOR('',#12709,1.);
#12709 = DIRECTION('',(0.,0.,-1.));
#12710 = PCURVE('',#11946,#12711);
#12711 = DEFINITIONAL_REPRESENTATION('',(#12712),#12716);
#12712 = LINE('',#12713,#12714);
#12713 = CARTESIAN_POINT('',(6.28318530718,-0.));
#12714 = VECTOR('',#12715,1.);
#12715 = DIRECTION('',(0.,1.));
#12716 = ( GEOMETRIC_REPRESENTATION_CONTEXT(2) 
PARAMETRIC_REPRESENTATION_CONTEXT() REPRESENTATION_CONTEXT('2D SPACE',''
  ) );
#12717 = PCURVE('',#11946,#12718);
#12718 = DEFINITIONAL_REPRESENTATION('',(#12719),#12723);
#12719 = LINE('',#12720,#12721);
#12720 = CARTESIAN_POINT('',(0.,-0.));
#12721 = VECTOR('',#12722,1.);
#12722 = DIRECTION('',(0.,1.));
#12723 = ( GEOMETRIC_REPRESENTATION_CONTEXT(2) 
PARAMETRIC_REPRESENTATION_CONTEXT() REPRESENTATION_CONTEXT('2D SPACE',''
  ) );
#12724 = ORIENTED_EDGE('',*,*,#11925,.F.);
#12725 = ORIENTED_EDGE('',*,*,#12702,.F.);
#12726 = ORIENTED_EDGE('',*,*,#12727,.T.);
#12727 = EDGE_CURVE('',#12703,#12703,#12728,.T.);
#12728 = SURFACE_CURVE('',#12729,(#12734,#12741),.PCURVE_S1.);
#12729 = CIRCLE('',#12730,7.5);
#12730 = AXIS2_PLACEMENT_3D('',#12731,#12732,#12733);
#12731 = CARTESIAN_POINT('',(30.,26.,1.8));
#12732 = DIRECTION('',(0.,0.,-1.));
#12733 = DIRECTION('',(-1.,0.,0.));
#12734 = PCURVE('',#11946,#12735);
#12735 = DEFINITIONAL_REPRESENTATION('',(#12736),#12740);
#12736 = LINE('',#12737,#12738);
#12737 = CARTESIAN_POINT('',(0.,3.2));
#12738 = VECTOR('',#12739,1.);
#12739 = DIRECTION('',(1.,0.));
#12740 = ( GEOMETRIC_REPRESENTATION_CONTEXT(2) 
PARAMETRIC_REPRESENTATION_CONTEXT() REPRESENTATION_CONTEXT('2D SPACE',''
  ) );
#12741 = PCURVE('',#12742,#12747);
#12742 = PLANE('',#12743);
#12743 = AXIS2_PLACEMENT_3D('',#12744,#12745,#12746);
#12744 = CARTESIAN_POINT('',(30.,26.,1.8));
#12745 = DIRECTION('',(0.,0.,1.));
#12746 = DIRECTION('',(1.,0.,0.));
#12747 = DEFINITIONAL_REPRESENTATION('',(#12748),#12756);
#12748 = ( BOUNDED_CURVE() B_SPLINE_CURVE(2,(#12749,#12750,#12751,#12752
    ,#12753,#12754,#12755),.UNSPECIFIED.,.T.,.F.) 
B_SPLINE_CURVE_WITH_KNOTS((1,2,2,2,2,1),(-2.094395102393,0.,
    2.094395102393,4.188790204786,6.28318530718,8.377580409573),
.UNSPECIFIED.) CURVE() GEOMETRIC_REPRESENTATION_ITEM() 
RATIONAL_B_SPLINE_CURVE((1.,0.5,1.,0.5,1.,0.5,1.)) REPRESENTATION_ITEM(
  '') );
#12749 = CARTESIAN_POINT('',(-7.5,0.));
#12750 = CARTESIAN_POINT('',(-7.5,12.990381056767));
#12751 = CARTESIAN_POINT('',(3.75,6.495190528383));
#12752 = CARTESIAN_POINT('',(15.,1.836970198721E-15));
#12753 = CARTESIAN_POINT('',(3.75,-6.495190528383));
#12754 = CARTESIAN_POINT('',(-7.5,-12.99038105676));
#12755 = CARTESIAN_POINT('',(-7.5,0.));
#12756 = ( GEOMETRIC_REPRESENTATION_CONTEXT(2) 
PARAMETRIC_REPRESENTATION_CONTEXT() REPRESENTATION_CONTEXT('2D SPACE',''
  ) );
#12757 = ADVANCED_FACE('',(#12758),#11977,.T.);
#12758 = FACE_BOUND('',#12759,.T.);
#12759 = EDGE_LOOP('',(#12760,#12761,#12784,#12811));
#12760 = ORIENTED_EDGE('',*,*,#11960,.F.);
#12761 = ORIENTED_EDGE('',*,*,#12762,.F.);
#12762 = EDGE_CURVE('',#12763,#11961,#12765,.T.);
#12763 = VERTEX_POINT('',#12764);
#12764 = CARTESIAN_POINT('',(42.7,32.25,-4.));
#12765 = SEAM_CURVE('',#12766,(#12770,#12777),.PCURVE_S1.);
#12766 = LINE('',#12767,#12768);
#12767 = CARTESIAN_POINT('',(42.7,32.25,-4.));
#12768 = VECTOR('',#12769,1.);
#12769 = DIRECTION('',(0.,0.,1.));
#12770 = PCURVE('',#11977,#12771);
#12771 = DEFINITIONAL_REPRESENTATION('',(#12772),#12776);
#12772 = LINE('',#12773,#12774);
#12773 = CARTESIAN_POINT('',(6.28318530718,-0.));
#12774 = VECTOR('',#12775,1.);
#12775 = DIRECTION('',(0.,1.));
#12776 = ( GEOMETRIC_REPRESENTATION_CONTEXT(2) 
PARAMETRIC_REPRESENTATION_CONTEXT() REPRESENTATION_CONTEXT('2D SPACE',''
  ) );
#12777 = PCURVE('',#11977,#12778);
#12778 = DEFINITIONAL_REPRESENTATION('',(#12779),#12783);
#12779 = LINE('',#12780,#12781);
#12780 = CARTESIAN_POINT('',(0.,-0.));
#12781 = VECTOR('',#12782,1.);
#12782 = DIRECTION('',(0.,1.));
#12783 = ( GEOMETRIC_REPRESENTATION_CONTEXT(2) 
PARAMETRIC_REPRESENTATION_CONTEXT() REPRESENTATION_CONTEXT('2D SPACE',''
  ) );
#12784 = ORIENTED_EDGE('',*,*,#12785,.T.);
#12785 = EDGE_CURVE('',#12763,#12763,#12786,.T.);
#12786 = SURFACE_CURVE('',#12787,(#12792,#12799),.PCURVE_S1.);
#12787 = CIRCLE('',#12788,2.2);
#12788 = AXIS2_PLACEMENT_3D('',#12789,#12790,#12791);
#12789 = CARTESIAN_POINT('',(40.5,32.25,-4.));
#12790 = DIRECTION('',(0.,0.,1.));
#12791 = DIRECTION('',(1.,0.,0.));
#12792 = PCURVE('',#11977,#12793);
#12793 = DEFINITIONAL_REPRESENTATION('',(#12794),#12798);
#12794 = LINE('',#12795,#12796);
#12795 = CARTESIAN_POINT('',(0.,0.));
#12796 = VECTOR('',#12797,1.);
#12797 = DIRECTION('',(1.,0.));
#12798 = ( GEOMETRIC_REPRESENTATION_CONTEXT(2) 
PARAMETRIC_REPRESENTATION_CONTEXT() REPRESENTATION_CONTEXT('2D SPACE',''
  ) );
#12799 = PCURVE('',#12800,#12805);
#12800 = PLANE('',#12801);
#12801 = AXIS2_PLACEMENT_3D('',#12802,#12803,#12804);
#12802 = CARTESIAN_POINT('',(40.5,32.25,-4.));
#12803 = DIRECTION('',(0.,0.,1.));
#12804 = DIRECTION('',(1.,0.,0.));
#12805 = DEFINITIONAL_REPRESENTATION('',(#12806),#12810);
#12806 = CIRCLE('',#12807,2.2);
#12807 = AXIS2_PLACEMENT_2D('',#12808,#12809);
#12808 = CARTESIAN_POINT('',(0.,0.));
#12809 = DIRECTION('',(1.,0.));
#12810 = ( GEOMETRIC_REPRESENTATION_CONTEXT(2) 
PARAMETRIC_REPRESENTATION_CONTEXT() REPRESENTATION_CONTEXT('2D SPACE',''
  ) );
#12811 = ORIENTED_EDGE('',*,*,#12762,.T.);
#12812 = ADVANCED_FACE('',(#12813),#12008,.T.);
#12813 = FACE_BOUND('',#12814,.T.);
#12814 = EDGE_LOOP('',(#12815,#12816,#12839,#12866));
#12815 = ORIENTED_EDGE('',*,*,#11991,.F.);
#12816 = ORIENTED_EDGE('',*,*,#12817,.F.);
#12817 = EDGE_CURVE('',#12818,#11992,#12820,.T.);
#12818 = VERTEX_POINT('',#12819);
#12819 = CARTESIAN_POINT('',(49.8,41.,-6.));
#12820 = SEAM_CURVE('',#12821,(#12825,#12832),.PCURVE_S1.);
#12821 = LINE('',#12822,#12823);
#12822 = CARTESIAN_POINT('',(49.8,41.,-6.));
#12823 = VECTOR('',#12824,1.);
#12824 = DIRECTION('',(0.,0.,1.));
#12825 = PCURVE('',#12008,#12826);
#12826 = DEFINITIONAL_REPRESENTATION('',(#12827),#12831);
#12827 = LINE('',#12828,#12829);
#12828 = CARTESIAN_POINT('',(6.28318530718,-0.));
#12829 = VECTOR('',#12830,1.);
#12830 = DIRECTION('',(0.,1.));
#12831 = ( GEOMETRIC_REPRESENTATION_CONTEXT(2) 
PARAMETRIC_REPRESENTATION_CONTEXT() REPRESENTATION_CONTEXT('2D SPACE',''
  ) );
#12832 = PCURVE('',#12008,#12833);
#12833 = DEFINITIONAL_REPRESENTATION('',(#12834),#12838);
#12834 = LINE('',#12835,#12836);
#12835 = CARTESIAN_POINT('',(0.,-0.));
#12836 = VECTOR('',#12837,1.);
#12837 = DIRECTION('',(0.,1.));
#12838 = ( GEOMETRIC_REPRESENTATION_CONTEXT(2) 
PARAMETRIC_REPRESENTATION_CONTEXT() REPRESENTATION_CONTEXT('2D SPACE',''
  ) );
#12839 = ORIENTED_EDGE('',*,*,#12840,.T.);
#12840 = EDGE_CURVE('',#12818,#12818,#12841,.T.);
#12841 = SURFACE_CURVE('',#12842,(#12847,#12854),.PCURVE_S1.);
#12842 = CIRCLE('',#12843,3.8);
#12843 = AXIS2_PLACEMENT_3D('',#12844,#12845,#12846);
#12844 = CARTESIAN_POINT('',(46.,41.,-6.));
#12845 = DIRECTION('',(0.,0.,1.));
#12846 = DIRECTION('',(1.,0.,0.));
#12847 = PCURVE('',#12008,#12848);
#12848 = DEFINITIONAL_REPRESENTATION('',(#12849),#12853);
#12849 = LINE('',#12850,#12851);
#12850 = CARTESIAN_POINT('',(0.,0.));
#12851 = VECTOR('',#12852,1.);
#12852 = DIRECTION('',(1.,0.));
#12853 = ( GEOMETRIC_REPRESENTATION_CONTEXT(2) 
PARAMETRIC_REPRESENTATION_CONTEXT() REPRESENTATION_CONTEXT('2D SPACE',''
  ) );
#12854 = PCURVE('',#12855,#12860);
#12855 = PLANE('',#12856);
#12856 = AXIS2_PLACEMENT_3D('',#12857,#12858,#12859);
#12857 = CARTESIAN_POINT('',(46.,41.,-6.));
#12858 = DIRECTION('',(0.,0.,1.));
#12859 = DIRECTION('',(1.,0.,0.));
#12860 = DEFINITIONAL_REPRESENTATION('',(#12861),#12865);
#12861 = CIRCLE('',#12862,3.8);
#12862 = AXIS2_PLACEMENT_2D('',#12863,#12864);
#12863 = CARTESIAN_POINT('',(0.,0.));
#12864 = DIRECTION('',(1.,0.));
#12865 = ( GEOMETRIC_REPRESENTATION_CONTEXT(2) 
PARAMETRIC_REPRESENTATION_CONTEXT() REPRESENTATION_CONTEXT('2D SPACE',''
  ) );
#12866 = ORIENTED_EDGE('',*,*,#12817,.T.);
#12867 = ADVANCED_FACE('',(#12868),#12074,.F.);
#12868 = FACE_BOUND('',#12869,.F.);
#12869 = EDGE_LOOP('',(#12870,#12893,#12919,#12920));
#12870 = ORIENTED_EDGE('',*,*,#12871,.T.);
#12871 = EDGE_CURVE('',#12054,#12872,#12874,.T.);
#12872 = VERTEX_POINT('',#12873);
#12873 = CARTESIAN_POINT('',(11.9,-41.,-6.));
#12874 = SEAM_CURVE('',#12875,(#12879,#12886),.PCURVE_S1.);
#12875 = LINE('',#12876,#12877);
#12876 = CARTESIAN_POINT('',(11.9,-41.,6.));
#12877 = VECTOR('',#12878,1.);
#12878 = DIRECTION('',(0.,0.,-1.));
#12879 = PCURVE('',#12074,#12880);
#12880 = DEFINITIONAL_REPRESENTATION('',(#12881),#12885);
#12881 = LINE('',#12882,#12883);
#12882 = CARTESIAN_POINT('',(6.28318530718,-0.));
#12883 = VECTOR('',#12884,1.);
#12884 = DIRECTION('',(0.,1.));
#12885 = ( GEOMETRIC_REPRESENTATION_CONTEXT(2) 
PARAMETRIC_REPRESENTATION_CONTEXT() REPRESENTATION_CONTEXT('2D SPACE',''
  ) );
#12886 = PCURVE('',#12074,#12887);
#12887 = DEFINITIONAL_REPRESENTATION('',(#12888),#12892);
#12888 = LINE('',#12889,#12890);
#12889 = CARTESIAN_POINT('',(0.,-0.));
#12890 = VECTOR('',#12891,1.);
#12891 = DIRECTION('',(0.,1.));
#12892 = ( GEOMETRIC_REPRESENTATION_CONTEXT(2) 
PARAMETRIC_REPRESENTATION_CONTEXT() REPRESENTATION_CONTEXT('2D SPACE',''
  ) );
#12893 = ORIENTED_EDGE('',*,*,#12894,.F.);
#12894 = EDGE_CURVE('',#12872,#12872,#12895,.T.);
#12895 = SURFACE_CURVE('',#12896,(#12901,#12908),.PCURVE_S1.);
#12896 = CIRCLE('',#12897,2.1);
#12897 = AXIS2_PLACEMENT_3D('',#12898,#12899,#12900);
#12898 = CARTESIAN_POINT('',(14.,-41.,-6.));
#12899 = DIRECTION('',(0.,0.,-1.));
#12900 = DIRECTION('',(-1.,0.,0.));
#12901 = PCURVE('',#12074,#12902);
#12902 = DEFINITIONAL_REPRESENTATION('',(#12903),#12907);
#12903 = LINE('',#12904,#12905);
#12904 = CARTESIAN_POINT('',(0.,12.));
#12905 = VECTOR('',#12906,1.);
#12906 = DIRECTION('',(1.,0.));
#12907 = ( GEOMETRIC_REPRESENTATION_CONTEXT(2) 
PARAMETRIC_REPRESENTATION_CONTEXT() REPRESENTATION_CONTEXT('2D SPACE',''
  ) );
#12908 = PCURVE('',#12411,#12909);
#12909 = DEFINITIONAL_REPRESENTATION('',(#12910),#12918);
#12910 = ( BOUNDED_CURVE() B_SPLINE_CURVE(2,(#12911,#12912,#12913,#12914
    ,#12915,#12916,#12917),.UNSPECIFIED.,.T.,.F.) 
B_SPLINE_CURVE_WITH_KNOTS((1,2,2,2,2,1),(-2.094395102393,0.,
    2.094395102393,4.188790204786,6.28318530718,8.377580409573),
.UNSPECIFIED.) CURVE() GEOMETRIC_REPRESENTATION_ITEM() 
RATIONAL_B_SPLINE_CURVE((1.,0.5,1.,0.5,1.,0.5,1.)) REPRESENTATION_ITEM(
  '') );
#12911 = CARTESIAN_POINT('',(-2.1,0.));
#12912 = CARTESIAN_POINT('',(-2.1,3.637306695895));
#12913 = CARTESIAN_POINT('',(1.05,1.818653347947));
#12914 = CARTESIAN_POINT('',(4.2,5.143516556419E-16));
#12915 = CARTESIAN_POINT('',(1.05,-1.818653347947));
#12916 = CARTESIAN_POINT('',(-2.1,-3.637306695895));
#12917 = CARTESIAN_POINT('',(-2.1,0.));
#12918 = ( GEOMETRIC_REPRESENTATION_CONTEXT(2) 
PARAMETRIC_REPRESENTATION_CONTEXT() REPRESENTATION_CONTEXT('2D SPACE',''
  ) );
#12919 = ORIENTED_EDGE('',*,*,#12871,.F.);
#12920 = ORIENTED_EDGE('',*,*,#12053,.T.);
#12921 = ADVANCED_FACE('',(#12922),#12109,.F.);
#12922 = FACE_BOUND('',#12923,.F.);
#12923 = EDGE_LOOP('',(#12924,#12947,#12973,#12974));
#12924 = ORIENTED_EDGE('',*,*,#12925,.T.);
#12925 = EDGE_CURVE('',#12089,#12926,#12928,.T.);
#12926 = VERTEX_POINT('',#12927);
#12927 = CARTESIAN_POINT('',(43.9,-41.,-6.));
#12928 = SEAM_CURVE('',#12929,(#12933,#12940),.PCURVE_S1.);
#12929 = LINE('',#12930,#12931);
#12930 = CARTESIAN_POINT('',(43.9,-41.,6.));
#12931 = VECTOR('',#12932,1.);
#12932 = DIRECTION('',(0.,0.,-1.));
#12933 = PCURVE('',#12109,#12934);
#12934 = DEFINITIONAL_REPRESENTATION('',(#12935),#12939);
#12935 = LINE('',#12936,#12937);
#12936 = CARTESIAN_POINT('',(6.28318530718,-0.));
#12937 = VECTOR('',#12938,1.);
#12938 = DIRECTION('',(0.,1.));
#12939 = ( GEOMETRIC_REPRESENTATION_CONTEXT(2) 
PARAMETRIC_REPRESENTATION_CONTEXT() REPRESENTATION_CONTEXT('2D SPACE',''
  ) );
#12940 = PCURVE('',#12109,#12941);
#12941 = DEFINITIONAL_REPRESENTATION('',(#12942),#12946);
#12942 = LINE('',#12943,#12944);
#12943 = CARTESIAN_POINT('',(0.,-0.));
#12944 = VECTOR('',#12945,1.);
#12945 = DIRECTION('',(0.,1.));
#12946 = ( GEOMETRIC_REPRESENTATION_CONTEXT(2) 
PARAMETRIC_REPRESENTATION_CONTEXT() REPRESENTATION_CONTEXT('2D SPACE',''
  ) );
#12947 = ORIENTED_EDGE('',*,*,#12948,.F.);
#12948 = EDGE_CURVE('',#12926,#12926,#12949,.T.);
#12949 = SURFACE_CURVE('',#12950,(#12955,#12962),.PCURVE_S1.);
#12950 = CIRCLE('',#12951,2.1);
#12951 = AXIS2_PLACEMENT_3D('',#12952,#12953,#12954);
#12952 = CARTESIAN_POINT('',(46.,-41.,-6.));
#12953 = DIRECTION('',(0.,0.,-1.));
#12954 = DIRECTION('',(-1.,0.,0.));
#12955 = PCURVE('',#12109,#12956);
#12956 = DEFINITIONAL_REPRESENTATION('',(#12957),#12961);
#12957 = LINE('',#12958,#12959);
#12958 = CARTESIAN_POINT('',(0.,12.));
#12959 = VECTOR('',#12960,1.);
#12960 = DIRECTION('',(1.,0.));
#12961 = ( GEOMETRIC_REPRESENTATION_CONTEXT(2) 
PARAMETRIC_REPRESENTATION_CONTEXT() REPRESENTATION_CONTEXT('2D SPACE',''
  ) );
#12962 = PCURVE('',#12466,#12963);
#12963 = DEFINITIONAL_REPRESENTATION('',(#12964),#12972);
#12964 = ( BOUNDED_CURVE() B_SPLINE_CURVE(2,(#12965,#12966,#12967,#12968
    ,#12969,#12970,#12971),.UNSPECIFIED.,.T.,.F.) 
B_SPLINE_CURVE_WITH_KNOTS((1,2,2,2,2,1),(-2.094395102393,0.,
    2.094395102393,4.188790204786,6.28318530718,8.377580409573),
.UNSPECIFIED.) CURVE() GEOMETRIC_REPRESENTATION_ITEM() 
RATIONAL_B_SPLINE_CURVE((1.,0.5,1.,0.5,1.,0.5,1.)) REPRESENTATION_ITEM(
  '') );
#12965 = CARTESIAN_POINT('',(-2.1,0.));
#12966 = CARTESIAN_POINT('',(-2.1,3.637306695895));
#12967 = CARTESIAN_POINT('',(1.05,1.818653347947));
#12968 = CARTESIAN_POINT('',(4.2,5.143516556419E-16));
#12969 = CARTESIAN_POINT('',(1.05,-1.818653347947));
#12970 = CARTESIAN_POINT('',(-2.1,-3.637306695895));
#12971 = CARTESIAN_POINT('',(-2.1,0.));
#12972 = ( GEOMETRIC_REPRESENTATION_CONTEXT(2) 
PARAMETRIC_REPRESENTATION_CONTEXT() REPRESENTATION_CONTEXT('2D SPACE',''
  ) );
#12973 = ORIENTED_EDGE('',*,*,#12925,.F.);
#12974 = ORIENTED_EDGE('',*,*,#12088,.T.);
#12975 = ADVANCED_FACE('',(#12976),#12144,.F.);
#12976 = FACE_BOUND('',#12977,.F.);
#12977 = EDGE_LOOP('',(#12978,#13001,#13027,#13028));
#12978 = ORIENTED_EDGE('',*,*,#12979,.T.);
#12979 = EDGE_CURVE('',#12124,#12980,#12982,.T.);
#12980 = VERTEX_POINT('',#12981);
#12981 = CARTESIAN_POINT('',(18.5,19.75,-4.));
#12982 = SEAM_CURVE('',#12983,(#12987,#12994),.PCURVE_S1.);
#12983 = LINE('',#12984,#12985);
#12984 = CARTESIAN_POINT('',(18.5,19.75,4.));
#12985 = VECTOR('',#12986,1.);
#12986 = DIRECTION('',(0.,0.,-1.));
#12987 = PCURVE('',#12144,#12988);
#12988 = DEFINITIONAL_REPRESENTATION('',(#12989),#12993);
#12989 = LINE('',#12990,#12991);
#12990 = CARTESIAN_POINT('',(6.28318530718,-0.));
#12991 = VECTOR('',#12992,1.);
#12992 = DIRECTION('',(0.,1.));
#12993 = ( GEOMETRIC_REPRESENTATION_CONTEXT(2) 
PARAMETRIC_REPRESENTATION_CONTEXT() REPRESENTATION_CONTEXT('2D SPACE',''
  ) );
#12994 = PCURVE('',#12144,#12995);
#12995 = DEFINITIONAL_REPRESENTATION('',(#12996),#13000);
#12996 = LINE('',#12997,#12998);
#12997 = CARTESIAN_POINT('',(0.,-0.));
#12998 = VECTOR('',#12999,1.);
#12999 = DIRECTION('',(0.,1.));
#13000 = ( GEOMETRIC_REPRESENTATION_CONTEXT(2) 
PARAMETRIC_REPRESENTATION_CONTEXT() REPRESENTATION_CONTEXT('2D SPACE',''
  ) );
#13001 = ORIENTED_EDGE('',*,*,#13002,.F.);
#13002 = EDGE_CURVE('',#12980,#12980,#13003,.T.);
#13003 = SURFACE_CURVE('',#13004,(#13009,#13016),.PCURVE_S1.);
#13004 = CIRCLE('',#13005,1.);
#13005 = AXIS2_PLACEMENT_3D('',#13006,#13007,#13008);
#13006 = CARTESIAN_POINT('',(19.5,19.75,-4.));
#13007 = DIRECTION('',(0.,0.,-1.));
#13008 = DIRECTION('',(-1.,0.,0.));
#13009 = PCURVE('',#12144,#13010);
#13010 = DEFINITIONAL_REPRESENTATION('',(#13011),#13015);
#13011 = LINE('',#13012,#13013);
#13012 = CARTESIAN_POINT('',(0.,8.));
#13013 = VECTOR('',#13014,1.);
#13014 = DIRECTION('',(1.,0.));
#13015 = ( GEOMETRIC_REPRESENTATION_CONTEXT(2) 
PARAMETRIC_REPRESENTATION_CONTEXT() REPRESENTATION_CONTEXT('2D SPACE',''
  ) );
#13016 = PCURVE('',#12521,#13017);
#13017 = DEFINITIONAL_REPRESENTATION('',(#13018),#13026);
#13018 = ( BOUNDED_CURVE() B_SPLINE_CURVE(2,(#13019,#13020,#13021,#13022
    ,#13023,#13024,#13025),.UNSPECIFIED.,.T.,.F.) 
B_SPLINE_CURVE_WITH_KNOTS((1,2,2,2,2,1),(-2.094395102393,0.,
    2.094395102393,4.188790204786,6.28318530718,8.377580409573),
.UNSPECIFIED.) CURVE() GEOMETRIC_REPRESENTATION_ITEM() 
RATIONAL_B_SPLINE_CURVE((1.,0.5,1.,0.5,1.,0.5,1.)) REPRESENTATION_ITEM(
  '') );
#13019 = CARTESIAN_POINT('',(-1.,0.));
#13020 = CARTESIAN_POINT('',(-1.,1.732050807569));
#13021 = CARTESIAN_POINT('',(0.5,0.866025403784));
#13022 = CARTESIAN_POINT('',(2.,2.449293598295E-16));
#13023 = CARTESIAN_POINT('',(0.5,-0.866025403784));
#13024 = CARTESIAN_POINT('',(-1.,-1.732050807569));
#13025 = CARTESIAN_POINT('',(-1.,0.));
#13026 = ( GEOMETRIC_REPRESENTATION_CONTEXT(2) 
PARAMETRIC_REPRESENTATION_CONTEXT() REPRESENTATION_CONTEXT('2D SPACE',''
  ) );
#13027 = ORIENTED_EDGE('',*,*,#12979,.F.);
#13028 = ORIENTED_EDGE('',*,*,#12123,.T.);
#13029 = ADVANCED_FACE('',(#13030),#12179,.F.);
#13030 = FACE_BOUND('',#13031,.F.);
#13031 = EDGE_LOOP('',(#13032,#13055,#13081,#13082));
#13032 = ORIENTED_EDGE('',*,*,#13033,.T.);
#13033 = EDGE_CURVE('',#12159,#13034,#13036,.T.);
#13034 = VERTEX_POINT('',#13035);
#13035 = CARTESIAN_POINT('',(18.5,32.25,-4.));
#13036 = SEAM_CURVE('',#13037,(#13041,#13048),.PCURVE_S1.);
#13037 = LINE('',#13038,#13039);
#13038 = CARTESIAN_POINT('',(18.5,32.25,4.));
#13039 = VECTOR('',#13040,1.);
#13040 = DIRECTION('',(0.,0.,-1.));
#13041 = PCURVE('',#12179,#13042);
#13042 = DEFINITIONAL_REPRESENTATION('',(#13043),#13047);
#13043 = LINE('',#13044,#13045);
#13044 = CARTESIAN_POINT('',(6.28318530718,-0.));
#13045 = VECTOR('',#13046,1.);
#13046 = DIRECTION('',(0.,1.));
#13047 = ( GEOMETRIC_REPRESENTATION_CONTEXT(2) 
PARAMETRIC_REPRESENTATION_CONTEXT() REPRESENTATION_CONTEXT('2D SPACE',''
  ) );
#13048 = PCURVE('',#12179,#13049);
#13049 = DEFINITIONAL_REPRESENTATION('',(#13050),#13054);
#13050 = LINE('',#13051,#13052);
#13051 = CARTESIAN_POINT('',(0.,-0.));
#13052 = VECTOR('',#13053,1.);
#13053 = DIRECTION('',(0.,1.));
#13054 = ( GEOMETRIC_REPRESENTATION_CONTEXT(2) 
PARAMETRIC_REPRESENTATION_CONTEXT() REPRESENTATION_CONTEXT('2D SPACE',''
  ) );
#13055 = ORIENTED_EDGE('',*,*,#13056,.F.);
#13056 = EDGE_CURVE('',#13034,#13034,#13057,.T.);
#13057 = SURFACE_CURVE('',#13058,(#13063,#13070),.PCURVE_S1.);
#13058 = CIRCLE('',#13059,1.);
#13059 = AXIS2_PLACEMENT_3D('',#13060,#13061,#13062);
#13060 = CARTESIAN_POINT('',(19.5,32.25,-4.));
#13061 = DIRECTION('',(0.,0.,-1.));
#13062 = DIRECTION('',(-1.,0.,0.));
#13063 = PCURVE('',#12179,#13064);
#13064 = DEFINITIONAL_REPRESENTATION('',(#13065),#13069);
#13065 = LINE('',#13066,#13067);
#13066 = CARTESIAN_POINT('',(0.,8.));
#13067 = VECTOR('',#13068,1.);
#13068 = DIRECTION('',(1.,0.));
#13069 = ( GEOMETRIC_REPRESENTATION_CONTEXT(2) 
PARAMETRIC_REPRESENTATION_CONTEXT() REPRESENTATION_CONTEXT('2D SPACE',''
  ) );
#13070 = PCURVE('',#12576,#13071);
#13071 = DEFINITIONAL_REPRESENTATION('',(#13072),#13080);
#13072 = ( BOUNDED_CURVE() B_SPLINE_CURVE(2,(#13073,#13074,#13075,#13076
    ,#13077,#13078,#13079),.UNSPECIFIED.,.T.,.F.) 
B_SPLINE_CURVE_WITH_KNOTS((1,2,2,2,2,1),(-2.094395102393,0.,
    2.094395102393,4.188790204786,6.28318530718,8.377580409573),
.UNSPECIFIED.) CURVE() GEOMETRIC_REPRESENTATION_ITEM() 
RATIONAL_B_SPLINE_CURVE((1.,0.5,1.,0.5,1.,0.5,1.)) REPRESENTATION_ITEM(
  '') );
#13073 = CARTESIAN_POINT('',(-1.,0.));
#13074 = CARTESIAN_POINT('',(-1.,1.732050807569));
#13075 = CARTESIAN_POINT('',(0.5,0.866025403784));
#13076 = CARTESIAN_POINT('',(2.,2.449293598295E-16));
#13077 = CARTESIAN_POINT('',(0.5,-0.866025403784));
#13078 = CARTESIAN_POINT('',(-1.,-1.732050807569));
#13079 = CARTESIAN_POINT('',(-1.,0.));
#13080 = ( GEOMETRIC_REPRESENTATION_CONTEXT(2) 
PARAMETRIC_REPRESENTATION_CONTEXT() REPRESENTATION_CONTEXT('2D SPACE',''
  ) );
#13081 = ORIENTED_EDGE('',*,*,#13033,.F.);
#13082 = ORIENTED_EDGE('',*,*,#12158,.T.);
#13083 = ADVANCED_FACE('',(#13084),#12214,.F.);
#13084 = FACE_BOUND('',#13085,.F.);
#13085 = EDGE_LOOP('',(#13086,#13109,#13135,#13136));
#13086 = ORIENTED_EDGE('',*,*,#13087,.T.);
#13087 = EDGE_CURVE('',#12194,#13088,#13090,.T.);
#13088 = VERTEX_POINT('',#13089);
#13089 = CARTESIAN_POINT('',(11.9,41.,-6.));
#13090 = SEAM_CURVE('',#13091,(#13095,#13102),.PCURVE_S1.);
#13091 = LINE('',#13092,#13093);
#13092 = CARTESIAN_POINT('',(11.9,41.,6.));
#13093 = VECTOR('',#13094,1.);
#13094 = DIRECTION('',(0.,0.,-1.));
#13095 = PCURVE('',#12214,#13096);
#13096 = DEFINITIONAL_REPRESENTATION('',(#13097),#13101);
#13097 = LINE('',#13098,#13099);
#13098 = CARTESIAN_POINT('',(6.28318530718,-0.));
#13099 = VECTOR('',#13100,1.);
#13100 = DIRECTION('',(0.,1.));
#13101 = ( GEOMETRIC_REPRESENTATION_CONTEXT(2) 
PARAMETRIC_REPRESENTATION_CONTEXT() REPRESENTATION_CONTEXT('2D SPACE',''
  ) );
#13102 = PCURVE('',#12214,#13103);
#13103 = DEFINITIONAL_REPRESENTATION('',(#13104),#13108);
#13104 = LINE('',#13105,#13106);
#13105 = CARTESIAN_POINT('',(0.,-0.));
#13106 = VECTOR('',#13107,1.);
#13107 = DIRECTION('',(0.,1.));
#13108 = ( GEOMETRIC_REPRESENTATION_CONTEXT(2) 
PARAMETRIC_REPRESENTATION_CONTEXT() REPRESENTATION_CONTEXT('2D SPACE',''
  ) );
#13109 = ORIENTED_EDGE('',*,*,#13110,.F.);
#13110 = EDGE_CURVE('',#13088,#13088,#13111,.T.);
#13111 = SURFACE_CURVE('',#13112,(#13117,#13124),.PCURVE_S1.);
#13112 = CIRCLE('',#13113,2.1);
#13113 = AXIS2_PLACEMENT_3D('',#13114,#13115,#13116);
#13114 = CARTESIAN_POINT('',(14.,41.,-6.));
#13115 = DIRECTION('',(0.,0.,-1.));
#13116 = DIRECTION('',(-1.,0.,0.));
#13117 = PCURVE('',#12214,#13118);
#13118 = DEFINITIONAL_REPRESENTATION('',(#13119),#13123);
#13119 = LINE('',#13120,#13121);
#13120 = CARTESIAN_POINT('',(0.,12.));
#13121 = VECTOR('',#13122,1.);
#13122 = DIRECTION('',(1.,0.));
#13123 = ( GEOMETRIC_REPRESENTATION_CONTEXT(2) 
PARAMETRIC_REPRESENTATION_CONTEXT() REPRESENTATION_CONTEXT('2D SPACE',''
  ) );
#13124 = PCURVE('',#12631,#13125);
#13125 = DEFINITIONAL_REPRESENTATION('',(#13126),#13134);
#13126 = ( BOUNDED_CURVE() B_SPLINE_CURVE(2,(#13127,#13128,#13129,#13130
    ,#13131,#13132,#13133),.UNSPECIFIED.,.T.,.F.) 
B_SPLINE_CURVE_WITH_KNOTS((1,2,2,2,2,1),(-2.094395102393,0.,
    2.094395102393,4.188790204786,6.28318530718,8.377580409573),
.UNSPECIFIED.) CURVE() GEOMETRIC_REPRESENTATION_ITEM() 
RATIONAL_B_SPLINE_CURVE((1.,0.5,1.,0.5,1.,0.5,1.)) REPRESENTATION_ITEM(
  '') );
#13127 = CARTESIAN_POINT('',(-2.1,0.));
#13128 = CARTESIAN_POINT('',(-2.1,3.637306695895));
#13129 = CARTESIAN_POINT('',(1.05,1.818653347947));
#13130 = CARTESIAN_POINT('',(4.2,5.143516556419E-16));
#13131 = CARTESIAN_POINT('',(1.05,-1.818653347947));
#13132 = CARTESIAN_POINT('',(-2.1,-3.637306695895));
#13133 = CARTESIAN_POINT('',(-2.1,0.));
#13134 = ( GEOMETRIC_REPRESENTATION_CONTEXT(2) 
PARAMETRIC_REPRESENTATION_CONTEXT() REPRESENTATION_CONTEXT('2D SPACE',''
  ) );
#13135 = ORIENTED_EDGE('',*,*,#13087,.F.);
#13136 = ORIENTED_EDGE('',*,*,#12193,.T.);
#13137 = ADVANCED_FACE('',(#13138),#12249,.F.);
#13138 = FACE_BOUND('',#13139,.F.);
#13139 = EDGE_LOOP('',(#13140,#13163,#13189,#13190));
#13140 = ORIENTED_EDGE('',*,*,#13141,.T.);
#13141 = EDGE_CURVE('',#12229,#13142,#13144,.T.);
#13142 = VERTEX_POINT('',#13143);
#13143 = CARTESIAN_POINT('',(39.5,19.75,-4.));
#13144 = SEAM_CURVE('',#13145,(#13149,#13156),.PCURVE_S1.);
#13145 = LINE('',#13146,#13147);
#13146 = CARTESIAN_POINT('',(39.5,19.75,4.));
#13147 = VECTOR('',#13148,1.);
#13148 = DIRECTION('',(0.,0.,-1.));
#13149 = PCURVE('',#12249,#13150);
#13150 = DEFINITIONAL_REPRESENTATION('',(#13151),#13155);
#13151 = LINE('',#13152,#13153);
#13152 = CARTESIAN_POINT('',(6.28318530718,-0.));
#13153 = VECTOR('',#13154,1.);
#13154 = DIRECTION('',(0.,1.));
#13155 = ( GEOMETRIC_REPRESENTATION_CONTEXT(2) 
PARAMETRIC_REPRESENTATION_CONTEXT() REPRESENTATION_CONTEXT('2D SPACE',''
  ) );
#13156 = PCURVE('',#12249,#13157);
#13157 = DEFINITIONAL_REPRESENTATION('',(#13158),#13162);
#13158 = LINE('',#13159,#13160);
#13159 = CARTESIAN_POINT('',(0.,-0.));
#13160 = VECTOR('',#13161,1.);
#13161 = DIRECTION('',(0.,1.));
#13162 = ( GEOMETRIC_REPRESENTATION_CONTEXT(2) 
PARAMETRIC_REPRESENTATION_CONTEXT() REPRESENTATION_CONTEXT('2D SPACE',''
  ) );
#13163 = ORIENTED_EDGE('',*,*,#13164,.F.);
#13164 = EDGE_CURVE('',#13142,#13142,#13165,.T.);
#13165 = SURFACE_CURVE('',#13166,(#13171,#13178),.PCURVE_S1.);
#13166 = CIRCLE('',#13167,1.);
#13167 = AXIS2_PLACEMENT_3D('',#13168,#13169,#13170);
#13168 = CARTESIAN_POINT('',(40.5,19.75,-4.));
#13169 = DIRECTION('',(0.,0.,-1.));
#13170 = DIRECTION('',(-1.,0.,0.));
#13171 = PCURVE('',#12249,#13172);
#13172 = DEFINITIONAL_REPRESENTATION('',(#13173),#13177);
#13173 = LINE('',#13174,#13175);
#13174 = CARTESIAN_POINT('',(0.,8.));
#13175 = VECTOR('',#13176,1.);
#13176 = DIRECTION('',(1.,0.));
#13177 = ( GEOMETRIC_REPRESENTATION_CONTEXT(2) 
PARAMETRIC_REPRESENTATION_CONTEXT() REPRESENTATION_CONTEXT('2D SPACE',''
  ) );
#13178 = PCURVE('',#12686,#13179);
#13179 = DEFINITIONAL_REPRESENTATION('',(#13180),#13188);
#13180 = ( BOUNDED_CURVE() B_SPLINE_CURVE(2,(#13181,#13182,#13183,#13184
    ,#13185,#13186,#13187),.UNSPECIFIED.,.T.,.F.) 
B_SPLINE_CURVE_WITH_KNOTS((1,2,2,2,2,1),(-2.094395102393,0.,
    2.094395102393,4.188790204786,6.28318530718,8.377580409573),
.UNSPECIFIED.) CURVE() GEOMETRIC_REPRESENTATION_ITEM() 
RATIONAL_B_SPLINE_CURVE((1.,0.5,1.,0.5,1.,0.5,1.)) REPRESENTATION_ITEM(
  '') );
#13181 = CARTESIAN_POINT('',(-1.,0.));
#13182 = CARTESIAN_POINT('',(-1.,1.732050807569));
#13183 = CARTESIAN_POINT('',(0.5,0.866025403784));
#13184 = CARTESIAN_POINT('',(2.,2.449293598295E-16));
#13185 = CARTESIAN_POINT('',(0.5,-0.866025403784));
#13186 = CARTESIAN_POINT('',(-1.,-1.732050807569));
#13187 = CARTESIAN_POINT('',(-1.,0.));
#13188 = ( GEOMETRIC_REPRESENTATION_CONTEXT(2) 
PARAMETRIC_REPRESENTATION_CONTEXT() REPRESENTATION_CONTEXT('2D SPACE',''
  ) );
#13189 = ORIENTED_EDGE('',*,*,#13141,.F.);
#13190 = ORIENTED_EDGE('',*,*,#12228,.T.);
#13191 = ADVANCED_FACE('',(#13192),#12280,.F.);
#13192 = FACE_BOUND('',#13193,.F.);
#13193 = EDGE_LOOP('',(#13194,#13195,#13218,#13240));
#13194 = ORIENTED_EDGE('',*,*,#12263,.F.);
#13195 = ORIENTED_EDGE('',*,*,#13196,.F.);
#13196 = EDGE_CURVE('',#13197,#12264,#13199,.T.);
#13197 = VERTEX_POINT('',#13198);
#13198 = CARTESIAN_POINT('',(39.5,26.,1.8));
#13199 = SEAM_CURVE('',#13200,(#13204,#13211),.PCURVE_S1.);
#13200 = LINE('',#13201,#13202);
#13201 = CARTESIAN_POINT('',(39.5,26.,1.8));
#13202 = VECTOR('',#13203,1.);
#13203 = DIRECTION('',(-0.819231920519,2.006539498446E-16,0.573462344363
    ));
#13204 = PCURVE('',#12280,#13205);
#13205 = DEFINITIONAL_REPRESENTATION('',(#13206),#13210);
#13206 = LINE('',#13207,#13208);
#13207 = CARTESIAN_POINT('',(-6.28318530718,0.));
#13208 = VECTOR('',#13209,1.);
#13209 = DIRECTION('',(-0.,-1.));
#13210 = ( GEOMETRIC_REPRESENTATION_CONTEXT(2) 
PARAMETRIC_REPRESENTATION_CONTEXT() REPRESENTATION_CONTEXT('2D SPACE',''
  ) );
#13211 = PCURVE('',#12280,#13212);
#13212 = DEFINITIONAL_REPRESENTATION('',(#13213),#13217);
#13213 = LINE('',#13214,#13215);
#13214 = CARTESIAN_POINT('',(0.,-0.));
#13215 = VECTOR('',#13216,1.);
#13216 = DIRECTION('',(-0.,-1.));
#13217 = ( GEOMETRIC_REPRESENTATION_CONTEXT(2) 
PARAMETRIC_REPRESENTATION_CONTEXT() REPRESENTATION_CONTEXT('2D SPACE',''
  ) );
#13218 = ORIENTED_EDGE('',*,*,#13219,.T.);
#13219 = EDGE_CURVE('',#13197,#13197,#13220,.T.);
#13220 = SURFACE_CURVE('',#13221,(#13226,#13233),.PCURVE_S1.);
#13221 = CIRCLE('',#13222,9.5);
#13222 = AXIS2_PLACEMENT_3D('',#13223,#13224,#13225);
#13223 = CARTESIAN_POINT('',(30.,26.,1.8));
#13224 = DIRECTION('',(0.,0.,1.));
#13225 = DIRECTION('',(1.,0.,0.));
#13226 = PCURVE('',#12280,#13227);
#13227 = DEFINITIONAL_REPRESENTATION('',(#13228),#13232);
#13228 = LINE('',#13229,#13230);
#13229 = CARTESIAN_POINT('',(-0.,-0.));
#13230 = VECTOR('',#13231,1.);
#13231 = DIRECTION('',(-1.,-0.));
#13232 = ( GEOMETRIC_REPRESENTATION_CONTEXT(2) 
PARAMETRIC_REPRESENTATION_CONTEXT() REPRESENTATION_CONTEXT('2D SPACE',''
  ) );
#13233 = PCURVE('',#12742,#13234);
#13234 = DEFINITIONAL_REPRESENTATION('',(#13235),#13239);
#13235 = CIRCLE('',#13236,9.5);
#13236 = AXIS2_PLACEMENT_2D('',#13237,#13238);
#13237 = CARTESIAN_POINT('',(0.,0.));
#13238 = DIRECTION('',(1.,0.));
#13239 = ( GEOMETRIC_REPRESENTATION_CONTEXT(2) 
PARAMETRIC_REPRESENTATION_CONTEXT() REPRESENTATION_CONTEXT('2D SPACE',''
  ) );
#13240 = ORIENTED_EDGE('',*,*,#13196,.T.);
#13241 = ADVANCED_FACE('',(#13242),#12315,.F.);
#13242 = FACE_BOUND('',#13243,.F.);
#13243 = EDGE_LOOP('',(#13244,#13267,#13293,#13294));
#13244 = ORIENTED_EDGE('',*,*,#13245,.T.);
#13245 = EDGE_CURVE('',#12295,#13246,#13248,.T.);
#13246 = VERTEX_POINT('',#13247);
#13247 = CARTESIAN_POINT('',(39.5,32.25,-4.));
#13248 = SEAM_CURVE('',#13249,(#13253,#13260),.PCURVE_S1.);
#13249 = LINE('',#13250,#13251);
#13250 = CARTESIAN_POINT('',(39.5,32.25,4.));
#13251 = VECTOR('',#13252,1.);
#13252 = DIRECTION('',(0.,0.,-1.));
#13253 = PCURVE('',#12315,#13254);
#13254 = DEFINITIONAL_REPRESENTATION('',(#13255),#13259);
#13255 = LINE('',#13256,#13257);
#13256 = CARTESIAN_POINT('',(6.28318530718,-0.));
#13257 = VECTOR('',#13258,1.);
#13258 = DIRECTION('',(0.,1.));
#13259 = ( GEOMETRIC_REPRESENTATION_CONTEXT(2) 
PARAMETRIC_REPRESENTATION_CONTEXT() REPRESENTATION_CONTEXT('2D SPACE',''
  ) );
#13260 = PCURVE('',#12315,#13261);
#13261 = DEFINITIONAL_REPRESENTATION('',(#13262),#13266);
#13262 = LINE('',#13263,#13264);
#13263 = CARTESIAN_POINT('',(0.,-0.));
#13264 = VECTOR('',#13265,1.);
#13265 = DIRECTION('',(0.,1.));
#13266 = ( GEOMETRIC_REPRESENTATION_CONTEXT(2) 
PARAMETRIC_REPRESENTATION_CONTEXT() REPRESENTATION_CONTEXT('2D SPACE',''
  ) );
#13267 = ORIENTED_EDGE('',*,*,#13268,.F.);
#13268 = EDGE_CURVE('',#13246,#13246,#13269,.T.);
#13269 = SURFACE_CURVE('',#13270,(#13275,#13282),.PCURVE_S1.);
#13270 = CIRCLE('',#13271,1.);
#13271 = AXIS2_PLACEMENT_3D('',#13272,#13273,#13274);
#13272 = CARTESIAN_POINT('',(40.5,32.25,-4.));
#13273 = DIRECTION('',(0.,0.,-1.));
#13274 = DIRECTION('',(-1.,0.,0.));
#13275 = PCURVE('',#12315,#13276);
#13276 = DEFINITIONAL_REPRESENTATION('',(#13277),#13281);
#13277 = LINE('',#13278,#13279);
#13278 = CARTESIAN_POINT('',(0.,8.));
#13279 = VECTOR('',#13280,1.);
#13280 = DIRECTION('',(1.,0.));
#13281 = ( GEOMETRIC_REPRESENTATION_CONTEXT(2) 
PARAMETRIC_REPRESENTATION_CONTEXT() REPRESENTATION_CONTEXT('2D SPACE',''
  ) );
#13282 = PCURVE('',#12800,#13283);
#13283 = DEFINITIONAL_REPRESENTATION('',(#13284),#13292);
#13284 = ( BOUNDED_CURVE() B_SPLINE_CURVE(2,(#13285,#13286,#13287,#13288
    ,#13289,#13290,#13291),.UNSPECIFIED.,.T.,.F.) 
B_SPLINE_CURVE_WITH_KNOTS((1,2,2,2,2,1),(-2.094395102393,0.,
    2.094395102393,4.188790204786,6.28318530718,8.377580409573),
.UNSPECIFIED.) CURVE() GEOMETRIC_REPRESENTATION_ITEM() 
RATIONAL_B_SPLINE_CURVE((1.,0.5,1.,0.5,1.,0.5,1.)) REPRESENTATION_ITEM(
  '') );
#13285 = CARTESIAN_POINT('',(-1.,0.));
#13286 = CARTESIAN_POINT('',(-1.,1.732050807569));
#13287 = CARTESIAN_POINT('',(0.5,0.866025403784));
#13288 = CARTESIAN_POINT('',(2.,2.449293598295E-16));
#13289 = CARTESIAN_POINT('',(0.5,-0.866025403784));
#13290 = CARTESIAN_POINT('',(-1.,-1.732050807569));
#13291 = CARTESIAN_POINT('',(-1.,0.));
#13292 = ( GEOMETRIC_REPRESENTATION_CONTEXT(2) 
PARAMETRIC_REPRESENTATION_CONTEXT() REPRESENTATION_CONTEXT('2D SPACE',''
  ) );
#13293 = ORIENTED_EDGE('',*,*,#13245,.F.);
#13294 = ORIENTED_EDGE('',*,*,#12294,.T.);
#13295 = ADVANCED_FACE('',(#13296),#12350,.F.);
#13296 = FACE_BOUND('',#13297,.F.);
#13297 = EDGE_LOOP('',(#13298,#13321,#13347,#13348));
#13298 = ORIENTED_EDGE('',*,*,#13299,.T.);
#13299 = EDGE_CURVE('',#12330,#13300,#13302,.T.);
#13300 = VERTEX_POINT('',#13301);
#13301 = CARTESIAN_POINT('',(43.9,41.,-6.));
#13302 = SEAM_CURVE('',#13303,(#13307,#13314),.PCURVE_S1.);
#13303 = LINE('',#13304,#13305);
#13304 = CARTESIAN_POINT('',(43.9,41.,6.));
#13305 = VECTOR('',#13306,1.);
#13306 = DIRECTION('',(0.,0.,-1.));
#13307 = PCURVE('',#12350,#13308);
#13308 = DEFINITIONAL_REPRESENTATION('',(#13309),#13313);
#13309 = LINE('',#13310,#13311);
#13310 = CARTESIAN_POINT('',(6.28318530718,-0.));
#13311 = VECTOR('',#13312,1.);
#13312 = DIRECTION('',(0.,1.));
#13313 = ( GEOMETRIC_REPRESENTATION_CONTEXT(2) 
PARAMETRIC_REPRESENTATION_CONTEXT() REPRESENTATION_CONTEXT('2D SPACE',''
  ) );
#13314 = PCURVE('',#12350,#13315);
#13315 = DEFINITIONAL_REPRESENTATION('',(#13316),#13320);
#13316 = LINE('',#13317,#13318);
#13317 = CARTESIAN_POINT('',(0.,-0.));
#13318 = VECTOR('',#13319,1.);
#13319 = DIRECTION('',(0.,1.));
#13320 = ( GEOMETRIC_REPRESENTATION_CONTEXT(2) 
PARAMETRIC_REPRESENTATION_CONTEXT() REPRESENTATION_CONTEXT('2D SPACE',''
  ) );
#13321 = ORIENTED_EDGE('',*,*,#13322,.F.);
#13322 = EDGE_CURVE('',#13300,#13300,#13323,.T.);
#13323 = SURFACE_CURVE('',#13324,(#13329,#13336),.PCURVE_S1.);
#13324 = CIRCLE('',#13325,2.1);
#13325 = AXIS2_PLACEMENT_3D('',#13326,#13327,#13328);
#13326 = CARTESIAN_POINT('',(46.,41.,-6.));
#13327 = DIRECTION('',(0.,0.,-1.));
#13328 = DIRECTION('',(-1.,0.,0.));
#13329 = PCURVE('',#12350,#13330);
#13330 = DEFINITIONAL_REPRESENTATION('',(#13331),#13335);
#13331 = LINE('',#13332,#13333);
#13332 = CARTESIAN_POINT('',(0.,12.));
#13333 = VECTOR('',#13334,1.);
#13334 = DIRECTION('',(1.,0.));
#13335 = ( GEOMETRIC_REPRESENTATION_CONTEXT(2) 
PARAMETRIC_REPRESENTATION_CONTEXT() REPRESENTATION_CONTEXT('2D SPACE',''
  ) );
#13336 = PCURVE('',#12855,#13337);
#13337 = DEFINITIONAL_REPRESENTATION('',(#13338),#13346);
#13338 = ( BOUNDED_CURVE() B_SPLINE_CURVE(2,(#13339,#13340,#13341,#13342
    ,#13343,#13344,#13345),.UNSPECIFIED.,.T.,.F.) 
B_SPLINE_CURVE_WITH_KNOTS((1,2,2,2,2,1),(-2.094395102393,0.,
    2.094395102393,4.188790204786,6.28318530718,8.377580409573),
.UNSPECIFIED.) CURVE() GEOMETRIC_REPRESENTATION_ITEM() 
RATIONAL_B_SPLINE_CURVE((1.,0.5,1.,0.5,1.,0.5,1.)) REPRESENTATION_ITEM(
  '') );
#13339 = CARTESIAN_POINT('',(-2.1,0.));
#13340 = CARTESIAN_POINT('',(-2.1,3.637306695895));
#13341 = CARTESIAN_POINT('',(1.05,1.818653347947));
#13342 = CARTESIAN_POINT('',(4.2,5.143516556419E-16));
#13343 = CARTESIAN_POINT('',(1.05,-1.818653347947));
#13344 = CARTESIAN_POINT('',(-2.1,-3.637306695895));
#13345 = CARTESIAN_POINT('',(-2.1,0.));
#13346 = ( GEOMETRIC_REPRESENTATION_CONTEXT(2) 
PARAMETRIC_REPRESENTATION_CONTEXT() REPRESENTATION_CONTEXT('2D SPACE',''
  ) );
#13347 = ORIENTED_EDGE('',*,*,#13299,.F.);
#13348 = ORIENTED_EDGE('',*,*,#12329,.T.);
#13349 = ADVANCED_FACE('',(#13350,#13353),#12411,.F.);
#13350 = FACE_BOUND('',#13351,.F.);
#13351 = EDGE_LOOP('',(#13352));
#13352 = ORIENTED_EDGE('',*,*,#12396,.T.);
#13353 = FACE_BOUND('',#13354,.F.);
#13354 = EDGE_LOOP('',(#13355));
#13355 = ORIENTED_EDGE('',*,*,#12894,.T.);
#13356 = ADVANCED_FACE('',(#13357,#13360),#12466,.F.);
#13357 = FACE_BOUND('',#13358,.F.);
#13358 = EDGE_LOOP('',(#13359));
#13359 = ORIENTED_EDGE('',*,*,#12451,.T.);
#13360 = FACE_BOUND('',#13361,.F.);
#13361 = EDGE_LOOP('',(#13362));
#13362 = ORIENTED_EDGE('',*,*,#12948,.T.);
#13363 = ADVANCED_FACE('',(#13364,#13367),#12521,.F.);
#13364 = FACE_BOUND('',#13365,.F.);
#13365 = EDGE_LOOP('',(#13366));
#13366 = ORIENTED_EDGE('',*,*,#12506,.T.);
#13367 = FACE_BOUND('',#13368,.F.);
#13368 = EDGE_LOOP('',(#13369));
#13369 = ORIENTED_EDGE('',*,*,#13002,.T.);
#13370 = ADVANCED_FACE('',(#13371,#13374),#12576,.F.);
#13371 = FACE_BOUND('',#13372,.F.);
#13372 = EDGE_LOOP('',(#13373));
#13373 = ORIENTED_EDGE('',*,*,#12561,.T.);
#13374 = FACE_BOUND('',#13375,.F.);
#13375 = EDGE_LOOP('',(#13376));
#13376 = ORIENTED_EDGE('',*,*,#13056,.T.);
#13377 = ADVANCED_FACE('',(#13378,#13381),#12631,.F.);
#13378 = FACE_BOUND('',#13379,.F.);
#13379 = EDGE_LOOP('',(#13380));
#13380 = ORIENTED_EDGE('',*,*,#12616,.T.);
#13381 = FACE_BOUND('',#13382,.F.);
#13382 = EDGE_LOOP('',(#13383));
#13383 = ORIENTED_EDGE('',*,*,#13110,.T.);
#13384 = ADVANCED_FACE('',(#13385,#13388),#12686,.F.);
#13385 = FACE_BOUND('',#13386,.F.);
#13386 = EDGE_LOOP('',(#13387));
#13387 = ORIENTED_EDGE('',*,*,#12671,.T.);
#13388 = FACE_BOUND('',#13389,.F.);
#13389 = EDGE_LOOP('',(#13390));
#13390 = ORIENTED_EDGE('',*,*,#13164,.T.);
#13391 = ADVANCED_FACE('',(#13392,#13395),#12742,.T.);
#13392 = FACE_BOUND('',#13393,.T.);
#13393 = EDGE_LOOP('',(#13394));
#13394 = ORIENTED_EDGE('',*,*,#13219,.T.);
#13395 = FACE_BOUND('',#13396,.T.);
#13396 = EDGE_LOOP('',(#13397));
#13397 = ORIENTED_EDGE('',*,*,#12727,.T.);
#13398 = ADVANCED_FACE('',(#13399,#13402),#12800,.F.);
#13399 = FACE_BOUND('',#13400,.F.);
#13400 = EDGE_LOOP('',(#13401));
#13401 = ORIENTED_EDGE('',*,*,#12785,.T.);
#13402 = FACE_BOUND('',#13403,.F.);
#13403 = EDGE_LOOP('',(#13404));
#13404 = ORIENTED_EDGE('',*,*,#13268,.T.);
#13405 = ADVANCED_FACE('',(#13406,#13409),#12855,.F.);
#13406 = FACE_BOUND('',#13407,.F.);
#13407 = EDGE_LOOP('',(#13408));
#13408 = ORIENTED_EDGE('',*,*,#12840,.T.);
#13409 = FACE_BOUND('',#13410,.F.);
#13410 = EDGE_LOOP('',(#13411));
#13411 = ORIENTED_EDGE('',*,*,#13322,.T.);
#13412 = ( GEOMETRIC_REPRESENTATION_CONTEXT(3) 
GLOBAL_UNCERTAINTY_ASSIGNED_CONTEXT((#13416)) 
GLOBAL_UNIT_ASSIGNED_CONTEXT((#13413,#13414,#13415)) 
REPRESENTATION_CONTEXT('Context #1',
  '3D Context with UNIT and UNCERTAINTY') );
#13413 = ( LENGTH_UNIT() NAMED_UNIT(*) SI_UNIT(.MILLI.,.METRE.) );
#13414 = ( NAMED_UNIT(*) PLANE_ANGLE_UNIT() SI_UNIT($,.RADIAN.) );
#13415 = ( NAMED_UNIT(*) SI_UNIT($,.STERADIAN.) SOLID_ANGLE_UNIT() );
#13416 = UNCERTAINTY_MEASURE_WITH_UNIT(LENGTH_MEASURE(1.E-07),#13413,
  'distance_accuracy_value','confusion accuracy');
#13417 = PRODUCT_RELATED_PRODUCT_CATEGORY('part',$,(#7));
ENDSEC;
END-ISO-10303-21;
